Year,YearMonth,Category,Channel,Region,Revenue,Units,GrossProfit,TargetRevenue
2023,2023-01,Coffee,Convenience,NSW,33234.220000,6370,15095.260000,31797.830000
2023,2023-01,Coffee,Convenience,QLD,30305.170000,5972,13097.300000,30656.040000
2023,2023-01,Coffee,Convenience,VIC,29845.630000,5797,13339.070000,29761.370000
2023,2023-01,Coffee,Grocery,NSW,77267.450000,18301,24951.190000,79143.110000
2023,2023-01,Coffee,Grocery,QLD,75838.330000,17229,27126.510000,76038.960000
2023,2023-01,Coffee,Grocery,VIC,74219.860000,17154,25510.810000,73816.690000
2023,2023-01,Coffee,Hospitality,NSW,10160.760000,2529,2935.380000,10012.180000
2023,2023-01,Coffee,Hospitality,QLD,9749.900000,2349,3042.360000,9587.990000
2023,2023-01,Coffee,Hospitality,VIC,9471.440000,2328,2865.210000,9194.600000
2023,2023-01,Coffee,Independent retail,NSW,27717.080000,6036,10444.410000,26879.120000
2023,2023-01,Coffee,Independent retail,QLD,25379.710000,5742,8827.170000,25906.910000
2023,2023-01,Coffee,Independent retail,VIC,25983.740000,5772,9356.770000,25074.960000
2023,2023-01,Coffee,Petrol,NSW,29269.550000,6056,11774.410000,29002.050000
2023,2023-01,Coffee,Petrol,QLD,28115.290000,5919,11176.990000,27900.850000
2023,2023-01,Coffee,Petrol,VIC,26961.360000,5734,10701.190000,27035.070000
2023,2023-01,Energy,Convenience,NSW,78276.450000,14603,46919.570000,117327.800000
2023,2023-01,Energy,Convenience,QLD,75469.240000,14661,44751.080000,112850.820000
2023,2023-01,Energy,Convenience,VIC,75160.340000,14455,44643.420000,109331.910000
2023,2023-01,Energy,Grocery,NSW,300399.150000,65030,164312.710000,292188.480000
2023,2023-01,Energy,Grocery,QLD,297487.830000,63206,160667.830000,280894.760000
2023,2023-01,Energy,Grocery,VIC,279795.230000,59883,153162.070000,272504.140000
2023,2023-01,Energy,Hospitality,NSW,38305.290000,8883,19524.010000,36567.360000
2023,2023-01,Energy,Hospitality,QLD,37781.560000,8842,18747.960000,35176.050000
2023,2023-01,Energy,Hospitality,VIC,35374.410000,8216,17634.930000,34168.760000
2023,2023-01,Energy,Independent retail,NSW,106345.840000,22645,57809.800000,99292.620000
2023,2023-01,Energy,Independent retail,QLD,100751.130000,21286,55708.850000,95420.090000
2023,2023-01,Energy,Independent retail,VIC,96811.920000,20716,52634.640000,92486.860000
2023,2023-01,Energy,Petrol,NSW,114106.460000,22224,67216.060000,106850.820000
2023,2023-01,Energy,Petrol,QLD,103441.260000,20138,61567.140000,102758.200000
2023,2023-01,Energy,Petrol,VIC,105188.040000,20534,62454.640000,99664.180000
2023,2023-01,Sparkling,Convenience,NSW,145167.920000,36478,79511.260000,142649.690000
2023,2023-01,Sparkling,Convenience,QLD,136893.950000,34047,76259.810000,137156.240000
2023,2023-01,Sparkling,Convenience,VIC,135966.660000,34409,74832.340000,133049.740000
2023,2023-01,Sparkling,Grocery,NSW,360289.300000,103446,174309.500000,354815.820000
2023,2023-01,Sparkling,Grocery,QLD,348196.840000,101533,165978.400000,341188.050000
2023,2023-01,Sparkling,Grocery,VIC,338532.640000,98596,160772.360000,330939.970000
2023,2023-01,Sparkling,Hospitality,NSW,45435.730000,14321,19591.030000,44412.900000
2023,2023-01,Sparkling,Hospitality,QLD,45047.510000,14324,19304.450000,42675.770000
2023,2023-01,Sparkling,Hospitality,VIC,43464.500000,13883,18592.160000,41406.070000
2023,2023-01,Sparkling,Independent retail,NSW,124461.470000,35232,61552.470000,120618.170000
2023,2023-01,Sparkling,Independent retail,QLD,118960.580000,33140,59886.040000,115962.740000
2023,2023-01,Sparkling,Independent retail,VIC,113405.830000,31970,56817.370000,112457.200000
2023,2023-01,Sparkling,Petrol,NSW,131743.470000,33637,71714.070000,130037.760000
2023,2023-01,Sparkling,Petrol,QLD,131861.920000,33839,71080.560000,125161.740000
2023,2023-01,Sparkling,Petrol,VIC,123452.330000,31317,67273.050000,121402.610000
2023,2023-01,Sports,Convenience,NSW,83731.960000,17390,43801.880000,78827.240000
2023,2023-01,Sports,Convenience,QLD,77966.910000,15921,42139.320000,75779.220000
2023,2023-01,Sports,Convenience,VIC,76337.090000,16077,40173.570000,73495.750000
2023,2023-01,Sports,Grocery,NSW,202893.380000,46467,95007.560000,195561.770000
2023,2023-01,Sports,Grocery,QLD,199870.840000,48179,89739.430000,187992.950000
2023,2023-01,Sports,Grocery,VIC,189969.970000,44930,86616.810000,182413.840000
2023,2023-01,Sports,Hospitality,NSW,25836.680000,6660,10537.360000,24514.800000
2023,2023-01,Sports,Hospitality,QLD,24567.030000,6536,9777.360000,23546.730000
2023,2023-01,Sports,Hospitality,VIC,24504.800000,6469,9789.110000,22798.330000
2023,2023-01,Sports,Independent retail,NSW,70756.500000,16516,33220.490000,66454.870000
2023,2023-01,Sports,Independent retail,QLD,64687.670000,14314,31908.720000,63886.250000
2023,2023-01,Sports,Independent retail,VIC,63028.440000,14545,30351.870000,62044.550000
2023,2023-01,Sports,Petrol,NSW,72701.480000,15136,38713.750000,72072.950000
2023,2023-01,Sports,Petrol,QLD,70952.350000,14682,37240.710000,69238.810000
2023,2023-01,Sports,Petrol,VIC,69024.880000,13893,36872.610000,67159.310000
2023,2023-01,Water,Convenience,NSW,94233.820000,29308,47772.340000,93791.810000
2023,2023-01,Water,Convenience,QLD,91870.370000,29658,44807.250000,90184.820000
2023,2023-01,Water,Convenience,VIC,90038.480000,28662,44906.960000,87516.110000
2023,2023-01,Water,Grocery,NSW,240043.010000,92753,95862.650000,234148.180000
2023,2023-01,Water,Grocery,QLD,233446.190000,85944,99401.990000,225134.950000
2023,2023-01,Water,Grocery,VIC,226318.330000,83730,94495.570000,218387.960000
2023,2023-01,Water,Hospitality,NSW,30107.940000,12271,10992.540000,29245.630000
2023,2023-01,Water,Hospitality,QLD,29493.860000,11568,11179.900000,28201.840000
2023,2023-01,Water,Hospitality,VIC,29179.930000,11591,10974.250000,27329.960000
2023,2023-01,Water,Independent retail,NSW,83508.250000,29724,36363.730000,79594.540000
2023,2023-01,Water,Independent retail,QLD,79260.220000,29271,33107.500000,76550.660000
2023,2023-01,Water,Independent retail,VIC,76167.980000,27562,32424.100000,74259.250000
2023,2023-01,Water,Petrol,NSW,87344.370000,29544,40386.090000,85680.530000
2023,2023-01,Water,Petrol,QLD,86004.410000,29424,40095.370000,82415.940000
2023,2023-01,Water,Petrol,VIC,85152.150000,28900,39387.350000,79935.940000
2023,2023-02,Coffee,Convenience,NSW,28142.480000,5815,11630.720000,28429.660000
2023,2023-02,Coffee,Convenience,QLD,28394.730000,5606,12448.920000,27344.470000
2023,2023-02,Coffee,Convenience,VIC,26728.850000,5453,11237.220000,26501.200000
2023,2023-02,Coffee,Grocery,NSW,72986.210000,16376,26158.870000,70564.930000
2023,2023-02,Coffee,Grocery,QLD,67907.300000,15926,22148.910000,67864.870000
2023,2023-02,Coffee,Grocery,VIC,64973.360000,15017,22093.950000,65832.810000
2023,2023-02,Coffee,Hospitality,NSW,9076.050000,2277,2556.240000,8840.570000
2023,2023-02,Coffee,Hospitality,QLD,8358.820000,2165,2182.570000,8525.210000
2023,2023-02,Coffee,Hospitality,VIC,8037.500000,2058,2160.240000,8282.750000
2023,2023-02,Coffee,Independent retail,NSW,24127.300000,5508,8392.110000,23995.710000
2023,2023-02,Coffee,Independent retail,QLD,23786.620000,5167,9049.180000,23076.340000
2023,2023-02,Coffee,Independent retail,VIC,22543.720000,4978,8302.480000,22357.750000
2023,2023-02,Coffee,Petrol,NSW,26065.000000,5218,11208.400000,25865.050000
2023,2023-02,Coffee,Petrol,QLD,25628.700000,5152,10966.420000,24855.010000
2023,2023-02,Coffee,Petrol,VIC,24697.910000,4922,10731.320000,24094.460000
2023,2023-02,Energy,Convenience,NSW,70015.160000,13351,42404.960000,104641.240000
2023,2023-02,Energy,Convenience,QLD,66624.520000,12286,40647.160000,100620.150000
2023,2023-02,Energy,Convenience,VIC,63431.860000,11911,38734.500000,97592.960000
2023,2023-02,Energy,Grocery,NSW,278836.410000,61150,147547.610000,260629.810000
2023,2023-02,Energy,Grocery,QLD,261845.450000,57553,141468.050000,250573.400000
2023,2023-02,Energy,Grocery,VIC,258600.450000,56760,137477.810000,243085.810000
2023,2023-02,Energy,Hospitality,NSW,35105.540000,8452,17191.220000,32636.040000
2023,2023-02,Energy,Hospitality,QLD,32277.520000,7641,16296.400000,31373.140000
2023,2023-02,Energy,Hospitality,VIC,31953.620000,7739,15930.780000,30422.120000
2023,2023-02,Energy,Independent retail,NSW,92751.410000,19675,52128.970000,88574.940000
2023,2023-02,Energy,Independent retail,QLD,89959.410000,18699,49608.450000,85153.260000
2023,2023-02,Energy,Independent retail,VIC,87871.010000,18014,49313.330000,82618.580000
2023,2023-02,Energy,Petrol,NSW,98586.030000,18884,57953.510000,95430.870000
2023,2023-02,Energy,Petrol,QLD,95879.630000,19057,55386.910000,91762.110000
2023,2023-02,Energy,Petrol,VIC,93205.000000,18292,54350.080000,88992.770000
2023,2023-02,Sparkling,Convenience,NSW,129737.120000,31918,72671.760000,127241.540000
2023,2023-02,Sparkling,Convenience,QLD,122631.370000,30923,67067.270000,122342.400000
2023,2023-02,Sparkling,Convenience,VIC,123878.280000,30812,68658.360000,118696.020000
2023,2023-02,Sparkling,Grocery,NSW,327268.230000,95665,157157.530000,316525.590000
2023,2023-02,Sparkling,Grocery,QLD,311751.620000,89804,152774.600000,304350.630000
2023,2023-02,Sparkling,Grocery,VIC,307170.190000,87640,149918.610000,295235.310000
2023,2023-02,Sparkling,Hospitality,NSW,41611.340000,13051,18459.100000,39565.380000
2023,2023-02,Sparkling,Hospitality,QLD,38832.960000,12105,17263.640000,38037.830000
2023,2023-02,Sparkling,Hospitality,VIC,38563.320000,11948,17188.680000,36910.560000
2023,2023-02,Sparkling,Independent retail,NSW,111905.950000,31240,55660.170000,107594.320000
2023,2023-02,Sparkling,Independent retail,QLD,107802.280000,30536,52722.820000,103454.760000
2023,2023-02,Sparkling,Independent retail,VIC,103386.830000,29569,50556.090000,100348.050000
2023,2023-02,Sparkling,Petrol,NSW,118396.300000,30953,62687.480000,116065.170000
2023,2023-02,Sparkling,Petrol,QLD,113459.420000,29371,61002.080000,111593.350000
2023,2023-02,Sparkling,Petrol,VIC,116307.190000,30525,61773.590000,108252.600000
2023,2023-02,Sports,Convenience,NSW,71151.260000,13936,39151.570000,70302.680000
2023,2023-02,Sports,Convenience,QLD,69431.860000,14224,36673.250000,67580.040000
2023,2023-02,Sports,Convenience,VIC,67562.880000,13382,36500.320000,65554.030000
2023,2023-02,Sports,Grocery,NSW,179378.890000,43555,81688.270000,174457.290000
2023,2023-02,Sports,Grocery,QLD,175938.560000,39981,84232.680000,167729.610000
2023,2023-02,Sports,Grocery,VIC,166082.820000,38795,78161.570000,162706.470000
2023,2023-02,Sports,Hospitality,NSW,22184.160000,5631,9422.350000,21865.720000
2023,2023-02,Sports,Hospitality,QLD,21700.320000,5324,9395.150000,21007.290000
2023,2023-02,Sports,Hospitality,VIC,20890.130000,5199,9055.330000,20370.720000
2023,2023-02,Sports,Independent retail,NSW,59553.910000,13399,28741.200000,59324.730000
2023,2023-02,Sports,Independent retail,QLD,58201.350000,13744,26760.130000,57042.090000
2023,2023-02,Sports,Independent retail,VIC,58394.710000,13433,27386.010000,55322.440000
2023,2023-02,Sports,Petrol,NSW,67008.730000,14554,33726.240000,64243.780000
2023,2023-02,Sports,Petrol,QLD,64389.600000,13906,33093.510000,61790.810000
2023,2023-02,Sports,Petrol,VIC,63181.020000,13741,31993.660000,59953.760000
2023,2023-02,Water,Convenience,NSW,85202.590000,28474,40653.790000,83699.540000
2023,2023-02,Water,Convenience,QLD,80408.600000,25547,40172.520000,80481.800000
2023,2023-02,Water,Convenience,VIC,79308.220000,26213,38586.700000,78076.460000
2023,2023-02,Water,Grocery,NSW,207375.360000,76319,86433.520000,208883.140000
2023,2023-02,Water,Grocery,QLD,208357.160000,79753,82902.840000,200840.870000
2023,2023-02,Water,Grocery,VIC,197721.320000,74575,80091.120000,194811.440000
2023,2023-02,Water,Hospitality,NSW,27469.890000,11138,9740.690000,26120.030000
2023,2023-02,Water,Hospitality,QLD,27314.000000,11227,9469.280000,25096.400000
2023,2023-02,Water,Hospitality,VIC,25410.280000,10598,8737.360000,24356.180000
2023,2023-02,Water,Independent retail,NSW,73438.910000,27384,30919.310000,71003.540000
2023,2023-02,Water,Independent retail,QLD,70689.530000,24935,31421.850000,68262.020000
2023,2023-02,Water,Independent retail,VIC,68993.650000,24869,30073.930000,66225.880000
2023,2023-02,Water,Petrol,NSW,78153.920000,25559,38197.800000,76444.410000
2023,2023-02,Water,Petrol,QLD,75644.920000,24852,36299.760000,73511.900000
2023,2023-02,Water,Petrol,VIC,75443.720000,24543,36908.080000,71291.000000
2023,2023-03,Coffee,Convenience,NSW,29871.930000,5729,13567.120000,30070.030000
2023,2023-03,Coffee,Convenience,QLD,29462.600000,5916,12578.710000,28921.390000
2023,2023-03,Coffee,Convenience,VIC,27728.670000,5390,12238.510000,28053.500000
2023,2023-03,Coffee,Grocery,NSW,75936.800000,17729,25186.400000,74650.790000
2023,2023-03,Coffee,Grocery,QLD,74259.080000,16595,26932.790000,71786.260000
2023,2023-03,Coffee,Grocery,VIC,68861.340000,15681,24201.360000,69625.130000
2023,2023-03,Coffee,Hospitality,NSW,9293.500000,2327,2717.620000,9380.180000
2023,2023-03,Coffee,Hospitality,QLD,9575.700000,2301,2989.080000,9010.140000
2023,2023-03,Coffee,Hospitality,VIC,8819.430000,2127,2709.000000,8719.990000
2023,2023-03,Coffee,Independent retail,NSW,25341.760000,5588,9363.580000,25368.840000
2023,2023-03,Coffee,Independent retail,QLD,24247.070000,5554,8350.760000,24389.900000
2023,2023-03,Coffee,Independent retail,VIC,24629.120000,5533,8797.690000,23662.160000
2023,2023-03,Coffee,Petrol,NSW,27207.160000,5754,10797.500000,27348.240000
2023,2023-03,Coffee,Petrol,QLD,26349.720000,5514,10659.520000,26283.640000
2023,2023-03,Coffee,Petrol,VIC,25256.190000,5346,9980.910000,25506.230000
2023,2023-03,Energy,Convenience,NSW,73744.420000,13836,44072.220000,110691.690000
2023,2023-03,Energy,Convenience,QLD,69757.410000,13546,41582.810000,106439.800000
2023,2023-03,Energy,Convenience,VIC,69298.350000,13474,40941.990000,103251.070000
2023,2023-03,Energy,Grocery,NSW,282710.320000,61691,154899.840000,275691.870000
2023,2023-03,Energy,Grocery,QLD,274617.350000,59171,147656.790000,265079.220000
2023,2023-03,Energy,Grocery,VIC,260734.630000,54671,141913.310000,257138.280000
2023,2023-03,Energy,Hospitality,NSW,36591.750000,8482,18436.870000,34480.090000
2023,2023-03,Energy,Hospitality,QLD,34701.960000,8110,17184.520000,33171.150000
2023,2023-03,Energy,Hospitality,VIC,33610.940000,7809,16762.540000,32166.020000
2023,2023-03,Energy,Independent retail,NSW,98312.590000,20922,53362.710000,93670.460000
2023,2023-03,Energy,Independent retail,QLD,95414.800000,19956,53153.880000,90070.330000
2023,2023-03,Energy,Independent retail,VIC,93211.730000,19743,51029.450000,87382.190000
2023,2023-03,Energy,Petrol,NSW,104035.520000,20298,61425.000000,100917.150000
2023,2023-03,Energy,Petrol,QLD,98482.350000,18986,58806.750000,97057.310000
2023,2023-03,Energy,Petrol,VIC,98300.570000,19040,58524.050000,94140.960000
2023,2023-03,Sparkling,Convenience,NSW,140046.390000,35252,76902.470000,134610.020000
2023,2023-03,Sparkling,Convenience,QLD,131797.510000,33134,73282.290000,129421.630000
2023,2023-03,Sparkling,Convenience,VIC,131819.010000,33056,72924.990000,125532.610000
2023,2023-03,Sparkling,Grocery,NSW,348665.170000,99872,167524.830000,334825.570000
2023,2023-03,Sparkling,Grocery,QLD,330765.050000,98020,156438.410000,321947.480000
2023,2023-03,Sparkling,Grocery,VIC,324481.390000,95316,153977.170000,312275.520000
2023,2023-03,Sparkling,Hospitality,NSW,43507.400000,13832,18620.540000,41869.400000
2023,2023-03,Sparkling,Hospitality,QLD,42223.430000,13345,18161.530000,40254.330000
2023,2023-03,Sparkling,Hospitality,VIC,40257.010000,12882,17242.630000,39038.840000
2023,2023-03,Sparkling,Independent retail,NSW,119090.650000,33654,59191.570000,113789.200000
2023,2023-03,Sparkling,Independent retail,QLD,113068.170000,31732,57029.170000,109436.510000
2023,2023-03,Sparkling,Independent retail,VIC,112912.280000,31523,56716.260000,106137.740000
2023,2023-03,Sparkling,Petrol,NSW,126708.460000,32437,68922.900000,122761.300000
2023,2023-03,Sparkling,Petrol,QLD,120813.310000,31270,64647.730000,118045.690000
2023,2023-03,Sparkling,Petrol,VIC,120025.580000,30560,65265.360000,114514.010000
2023,2023-03,Sports,Convenience,NSW,76583.910000,15971,40233.250000,74342.660000
2023,2023-03,Sports,Convenience,QLD,74160.290000,14827,40414.990000,71496.840000
2023,2023-03,Sports,Convenience,VIC,70372.250000,14786,37481.570000,69337.730000
2023,2023-03,Sports,Grocery,NSW,188381.520000,43873,87185.000000,184502.990000
2023,2023-03,Sports,Grocery,QLD,183505.140000,44636,82079.660000,177442.390000
2023,2023-03,Sports,Grocery,VIC,179787.050000,43136,80908.180000,172113.650000
2023,2023-03,Sports,Hospitality,NSW,23762.730000,6211,9569.090000,23081.960000
2023,2023-03,Sports,Hospitality,QLD,22645.660000,6000,9054.480000,22216.290000
2023,2023-03,Sports,Hospitality,VIC,22868.960000,6012,9103.490000,21535.380000
2023,2023-03,Sports,Independent retail,NSW,65306.800000,15261,30867.310000,62735.870000
2023,2023-03,Sports,Independent retail,QLD,61621.110000,13774,30435.060000,60330.310000
2023,2023-03,Sports,Independent retail,VIC,60096.840000,13618,29230.710000,58519.440000
2023,2023-03,Sports,Petrol,NSW,69587.190000,14263,37189.600000,67973.930000
2023,2023-03,Sports,Petrol,QLD,67171.890000,14101,34914.760000,65357.340000
2023,2023-03,Sports,Petrol,VIC,62180.320000,12698,33038.570000,63410.720000
2023,2023-03,Water,Convenience,NSW,87138.410000,27298,43970.530000,88535.210000
2023,2023-03,Water,Convenience,QLD,86232.690000,27802,41896.170000,85124.960000
2023,2023-03,Water,Convenience,VIC,84125.210000,27001,41586.050000,82580.790000
2023,2023-03,Water,Grocery,NSW,225889.630000,85038,92247.110000,220933.660000
2023,2023-03,Water,Grocery,QLD,211759.820000,77532,90553.860000,212440.050000
2023,2023-03,Water,Grocery,VIC,207812.230000,77801,87138.790000,206064.700000
2023,2023-03,Water,Hospitality,NSW,28287.510000,11433,10443.750000,27620.290000
2023,2023-03,Water,Hospitality,QLD,27382.980000,10776,10319.820000,26571.940000
2023,2023-03,Water,Hospitality,VIC,26885.200000,10669,10170.000000,25763.200000
2023,2023-03,Water,Independent retail,NSW,76855.890000,27603,33007.970000,75096.480000
2023,2023-03,Water,Independent retail,QLD,74303.530000,27629,30962.450000,72215.510000
2023,2023-03,Water,Independent retail,VIC,72207.870000,26308,30310.790000,70050.690000
2023,2023-03,Water,Petrol,NSW,85659.780000,29317,39591.100000,80868.580000
2023,2023-03,Water,Petrol,QLD,81298.120000,27890,38225.360000,77753.040000
2023,2023-03,Water,Petrol,VIC,77707.550000,26472,36031.510000,75424.600000
2023,2023-04,Coffee,Convenience,NSW,28225.890000,5738,11777.770000,27054.120000
2023,2023-04,Coffee,Convenience,QLD,26755.270000,5231,11873.550000,26021.180000
2023,2023-04,Coffee,Convenience,VIC,25550.970000,5092,11004.860000,25242.500000
2023,2023-04,Coffee,Grocery,NSW,68759.860000,15750,23715.370000,67170.750000
2023,2023-04,Coffee,Grocery,QLD,63588.170000,15040,20489.390000,64587.320000
2023,2023-04,Coffee,Grocery,VIC,62896.730000,14681,20808.190000,62643.300000
2023,2023-04,Coffee,Hospitality,NSW,8461.880000,2167,2277.560000,8424.600000
2023,2023-04,Coffee,Hospitality,QLD,8218.290000,2148,2128.470000,8110.830000
2023,2023-04,Coffee,Hospitality,VIC,8019.870000,2071,2117.630000,7849.200000
2023,2023-04,Coffee,Independent retail,NSW,23092.470000,5193,8315.910000,22828.540000
2023,2023-04,Coffee,Independent retail,QLD,22989.460000,4963,8828.310000,21947.830000
2023,2023-04,Coffee,Independent retail,VIC,21020.740000,4601,7895.070000,21299.120000
2023,2023-04,Coffee,Petrol,NSW,25306.080000,5024,10976.580000,24599.620000
2023,2023-04,Coffee,Petrol,QLD,23405.730000,4758,9706.420000,23638.510000
2023,2023-04,Coffee,Petrol,VIC,23472.760000,4651,10158.190000,22952.500000
2023,2023-04,Energy,Convenience,NSW,66612.990000,12711,40504.990000,99590.230000
2023,2023-04,Energy,Convenience,QLD,63094.860000,11608,38195.700000,95773.120000
2023,2023-04,Energy,Convenience,VIC,61472.460000,11356,37626.140000,92885.730000
2023,2023-04,Energy,Grocery,NSW,263235.530000,57601,139091.410000,248055.720000
2023,2023-04,Energy,Grocery,QLD,244310.540000,53854,132698.900000,238523.550000
2023,2023-04,Energy,Grocery,VIC,244091.900000,53617,131027.700000,231368.290000
2023,2023-04,Energy,Hospitality,NSW,32633.370000,7822,16253.410000,31040.760000
2023,2023-04,Energy,Hospitality,QLD,30950.240000,7379,15674.160000,29837.440000
2023,2023-04,Energy,Hospitality,VIC,31313.680000,7430,15783.280000,28963.360000
2023,2023-04,Energy,Independent retail,NSW,84988.270000,17604,47915.910000,84303.320000
2023,2023-04,Energy,Independent retail,QLD,86574.040000,18094,47543.960000,81047.280000
2023,2023-04,Energy,Independent retail,VIC,80459.290000,16685,44631.130000,78622.230000
2023,2023-04,Energy,Petrol,NSW,95320.830000,18153,55814.710000,90789.150000
2023,2023-04,Energy,Petrol,QLD,94831.100000,18703,54766.900000,87329.180000
2023,2023-04,Energy,Petrol,VIC,88417.020000,17272,51536.820000,84707.440000
2023,2023-04,Sparkling,Convenience,NSW,124954.290000,30839,69553.030000,121121.010000
2023,2023-04,Sparkling,Convenience,QLD,120792.080000,30303,66189.640000,116460.770000
2023,2023-04,Sparkling,Convenience,VIC,116430.340000,29218,63978.740000,112940.670000
2023,2023-04,Sparkling,Grocery,NSW,316392.630000,91542,153798.350000,301280.630000
2023,2023-04,Sparkling,Grocery,QLD,296834.190000,84733,145657.870000,289681.830000
2023,2023-04,Sparkling,Grocery,VIC,284922.250000,82543,139091.470000,281008.650000
2023,2023-04,Sparkling,Hospitality,NSW,39700.310000,12451,17622.110000,37661.960000
2023,2023-04,Sparkling,Hospitality,QLD,36767.180000,11376,16242.740000,36212.400000
2023,2023-04,Sparkling,Hospitality,VIC,37451.670000,11611,16721.870000,35123.850000
2023,2023-04,Sparkling,Independent retail,NSW,103456.420000,29195,50841.820000,102410.510000
2023,2023-04,Sparkling,Independent retail,QLD,100480.720000,28504,49137.720000,98452.430000
2023,2023-04,Sparkling,Independent retail,VIC,99166.000000,28249,48473.640000,95510.650000
2023,2023-04,Sparkling,Petrol,NSW,112657.060000,29706,59505.620000,110483.170000
2023,2023-04,Sparkling,Petrol,QLD,109328.720000,28262,59028.980000,106215.780000
2023,2023-04,Sparkling,Petrol,VIC,106998.540000,28048,57082.380000,103036.870000
2023,2023-04,Sports,Convenience,NSW,69578.800000,13596,37965.480000,66902.390000
2023,2023-04,Sports,Convenience,QLD,66559.450000,13890,34809.100000,64323.250000
2023,2023-04,Sports,Convenience,VIC,64623.620000,13189,34456.720000,62412.770000
2023,2023-04,Sports,Grocery,NSW,169552.500000,40073,78707.910000,166041.990000
2023,2023-04,Sports,Grocery,QLD,161491.290000,36811,77411.580000,159626.980000
2023,2023-04,Sports,Grocery,VIC,164332.310000,38013,78123.240000,154884.430000
2023,2023-04,Sports,Hospitality,NSW,21443.100000,5380,9231.070000,20788.290000
2023,2023-04,Sports,Hospitality,QLD,20935.060000,5177,8926.020000,19985.170000
2023,2023-04,Sports,Hospitality,VIC,20026.460000,4961,8696.420000,19395.460000
2023,2023-04,Sports,Independent retail,NSW,56183.610000,12980,26622.380000,56474.550000
2023,2023-04,Sports,Independent retail,QLD,55783.470000,13285,25723.580000,54279.640000
2023,2023-04,Sports,Independent retail,VIC,55786.710000,13081,25831.400000,52648.780000
2023,2023-04,Sports,Petrol,NSW,62838.380000,13571,31789.030000,61193.550000
2023,2023-04,Sports,Petrol,QLD,60859.570000,12935,31692.350000,58798.890000
2023,2023-04,Sports,Petrol,VIC,57576.220000,12542,29263.220000,57045.730000
2023,2023-04,Water,Convenience,NSW,81987.350000,26835,39635.990000,79671.920000
2023,2023-04,Water,Convenience,QLD,77429.400000,24787,38925.320000,76609.250000
2023,2023-04,Water,Convenience,VIC,76053.790000,24593,37588.910000,74301.230000
2023,2023-04,Water,Grocery,NSW,202834.790000,74728,83446.710000,198815.620000
2023,2023-04,Water,Grocery,QLD,194219.060000,74075,77266.020000,191167.250000
2023,2023-04,Water,Grocery,VIC,192420.750000,72560,76989.950000,185426.610000
2023,2023-04,Water,Hospitality,NSW,26276.410000,10832,9196.410000,24855.690000
2023,2023-04,Water,Hospitality,QLD,24544.930000,10212,8532.210000,23901.660000
2023,2023-04,Water,Hospitality,VIC,24096.080000,10174,8208.720000,23183.280000
2023,2023-04,Water,Independent retail,NSW,68374.250000,24987,29431.210000,67586.000000
2023,2023-04,Water,Independent retail,QLD,68082.050000,23881,30361.210000,64978.060000
2023,2023-04,Water,Independent retail,VIC,64843.730000,23130,28632.290000,63034.910000
2023,2023-04,Water,Petrol,NSW,75436.140000,24314,37037.100000,72757.680000
2023,2023-04,Water,Petrol,QLD,73994.300000,24380,35050.980000,69977.170000
2023,2023-04,Water,Petrol,VIC,69015.810000,22669,33422.810000,67873.190000
2023,2023-05,Coffee,Convenience,NSW,25921.060000,5065,11502.130000,25738.470000
2023,2023-05,Coffee,Convenience,QLD,25343.700000,5050,10743.040000,24745.900000
2023,2023-05,Coffee,Convenience,VIC,24850.180000,4939,10685.550000,23992.320000
2023,2023-05,Coffee,Grocery,NSW,64413.570000,14683,22367.290000,63888.400000
2023,2023-05,Coffee,Grocery,QLD,61897.840000,13700,22736.740000,61409.970000
2023,2023-05,Coffee,Grocery,VIC,59313.560000,13431,21314.930000,59565.250000
2023,2023-05,Coffee,Hospitality,NSW,8127.350000,1960,2484.200000,8008.170000
2023,2023-05,Coffee,Hospitality,QLD,7827.600000,1916,2352.160000,7691.290000
2023,2023-05,Coffee,Hospitality,VIC,7711.400000,1863,2404.440000,7487.350000
2023,2023-05,Coffee,Independent retail,NSW,21651.610000,4856,7754.100000,21707.200000
2023,2023-05,Coffee,Independent retail,QLD,21015.480000,4809,7220.270000,20887.730000
2023,2023-05,Coffee,Independent retail,VIC,20260.570000,4666,6994.490000,20256.230000
2023,2023-05,Coffee,Petrol,NSW,22668.970000,4776,8999.690000,23394.350000
2023,2023-05,Coffee,Petrol,QLD,23026.020000,4728,9584.260000,22496.420000
2023,2023-05,Coffee,Petrol,VIC,22316.540000,4658,8947.610000,21817.110000
2023,2023-05,Energy,Convenience,NSW,64566.650000,12391,38347.050000,94736.200000
2023,2023-05,Energy,Convenience,QLD,60169.820000,11505,36223.100000,91068.090000
2023,2023-05,Energy,Convenience,VIC,59431.070000,11525,35331.990000,88336.610000
2023,2023-05,Energy,Grocery,NSW,239090.450000,50689,130657.650000,235918.030000
2023,2023-05,Energy,Grocery,QLD,241568.650000,51917,129085.330000,226808.910000
2023,2023-05,Energy,Grocery,VIC,229154.660000,49188,123688.500000,220034.700000
2023,2023-05,Energy,Hospitality,NSW,30309.780000,7064,15160.740000,29492.440000
2023,2023-05,Energy,Hospitality,QLD,31219.460000,7487,15194.860000,28373.590000
2023,2023-05,Energy,Hospitality,VIC,29352.700000,6887,14527.260000,27511.530000
2023,2023-05,Energy,Independent retail,NSW,85495.660000,18101,46665.060000,80171.090000
2023,2023-05,Energy,Independent retail,QLD,80423.330000,16893,44982.610000,77076.850000
2023,2023-05,Energy,Independent retail,VIC,76871.440000,16496,42479.960000,74769.410000
2023,2023-05,Energy,Petrol,NSW,91918.390000,17577,54628.790000,86375.560000
2023,2023-05,Energy,Petrol,QLD,86501.030000,16416,51587.670000,83040.510000
2023,2023-05,Energy,Petrol,VIC,83511.270000,16321,49715.790000,80554.350000
2023,2023-05,Sparkling,Convenience,NSW,117618.380000,29714,64775.980000,115220.170000
2023,2023-05,Sparkling,Convenience,QLD,115827.730000,28574,64861.930000,110741.270000
2023,2023-05,Sparkling,Convenience,VIC,108154.100000,27214,60185.260000,107432.640000
2023,2023-05,Sparkling,Grocery,NSW,304486.330000,88921,144524.930000,286494.740000
2023,2023-05,Sparkling,Grocery,QLD,287730.320000,84120,136636.940000,275485.860000
2023,2023-05,Sparkling,Grocery,VIC,274862.670000,80824,130378.430000,267209.000000
2023,2023-05,Sparkling,Hospitality,NSW,38592.270000,12238,16508.710000,35816.130000
2023,2023-05,Sparkling,Hospitality,QLD,35214.830000,11183,15312.510000,34444.300000
2023,2023-05,Sparkling,Hospitality,VIC,34598.740000,10979,14859.320000,33416.990000
2023,2023-05,Sparkling,Independent retail,NSW,100445.860000,27988,50278.580000,97383.940000
2023,2023-05,Sparkling,Independent retail,QLD,99341.020000,27348,50166.460000,93635.800000
2023,2023-05,Sparkling,Independent retail,VIC,93363.570000,26089,47061.910000,90837.200000
2023,2023-05,Sparkling,Petrol,NSW,110909.080000,28222,60415.560000,105049.620000
2023,2023-05,Sparkling,Petrol,QLD,106338.720000,27613,56455.100000,101027.650000
2023,2023-05,Sparkling,Petrol,VIC,101051.190000,25832,54332.070000,97985.560000
2023,2023-05,Sports,Convenience,NSW,66610.320000,13947,35172.000000,63611.340000
2023,2023-05,Sports,Convenience,QLD,62852.710000,12439,34574.010000,61192.230000
2023,2023-05,Sports,Convenience,VIC,60301.040000,12255,32607.920000,59330.640000
2023,2023-05,Sports,Grocery,NSW,164096.530000,38726,74924.910000,157885.770000
2023,2023-05,Sports,Grocery,QLD,152691.220000,37292,68084.620000,151827.610000
2023,2023-05,Sports,Grocery,VIC,152127.510000,36491,68206.220000,147263.570000
2023,2023-05,Sports,Hospitality,NSW,21123.160000,5571,8429.320000,19773.360000
2023,2023-05,Sports,Hospitality,QLD,20432.450000,5340,8296.610000,19013.750000
2023,2023-05,Sports,Hospitality,VIC,19099.800000,4996,7644.040000,18432.300000
2023,2023-05,Sports,Independent retail,NSW,54931.900000,12432,26621.920000,53698.550000
2023,2023-05,Sports,Independent retail,QLD,53558.030000,11759,26408.360000,51623.210000
2023,2023-05,Sports,Independent retail,VIC,49369.890000,11136,24311.740000,50068.170000
2023,2023-05,Sports,Petrol,NSW,59243.950000,12023,31598.350000,58162.960000
2023,2023-05,Sports,Petrol,QLD,57377.240000,12133,29436.290000,55933.830000
2023,2023-05,Sports,Petrol,VIC,56429.640000,11686,29575.110000,54267.460000
2023,2023-05,Water,Convenience,NSW,78807.560000,24928,39249.720000,75766.270000
2023,2023-05,Water,Convenience,QLD,74292.360000,24595,35680.440000,72837.110000
2023,2023-05,Water,Convenience,VIC,72978.940000,24037,35497.100000,70656.990000
2023,2023-05,Water,Grocery,NSW,190565.560000,71170,79386.400000,189071.830000
2023,2023-05,Water,Grocery,QLD,181937.250000,66787,77776.570000,181808.550000
2023,2023-05,Water,Grocery,VIC,179252.400000,66019,76300.800000,176342.090000
2023,2023-05,Water,Hospitality,NSW,25534.490000,10177,9614.490000,23642.750000
2023,2023-05,Water,Hospitality,QLD,23604.910000,9486,8660.230000,22726.080000
2023,2023-05,Water,Hospitality,VIC,22572.660000,8881,8536.780000,22048.070000
2023,2023-05,Water,Independent retail,NSW,64927.590000,23711,27553.110000,64262.240000
2023,2023-05,Water,Independent retail,QLD,64343.700000,23753,26695.980000,61800.090000
2023,2023-05,Water,Independent retail,VIC,61324.920000,22820,25473.720000,59940.880000
2023,2023-05,Water,Petrol,NSW,74444.510000,25282,34428.670000,69198.410000
2023,2023-05,Water,Petrol,QLD,67157.560000,22499,32140.880000,66534.570000
2023,2023-05,Water,Petrol,VIC,67765.960000,22773,31750.400000,64544.670000
2023,2023-06,Coffee,Convenience,NSW,23904.020000,4825,10132.040000,23223.980000
2023,2023-06,Coffee,Convenience,QLD,23091.960000,4473,10402.210000,22308.830000
2023,2023-06,Coffee,Convenience,VIC,22406.720000,4402,9878.580000,21660.980000
2023,2023-06,Coffee,Grocery,NSW,57269.610000,13307,19193.700000,57621.840000
2023,2023-06,Coffee,Grocery,QLD,54798.820000,13169,17529.840000,55390.440000
2023,2023-06,Coffee,Grocery,VIC,55559.560000,13182,18150.100000,53728.810000
2023,2023-06,Coffee,Hospitality,NSW,7477.270000,1918,1968.320000,7217.850000
2023,2023-06,Coffee,Hospitality,QLD,7192.520000,1830,1977.300000,6942.270000
2023,2023-06,Coffee,Hospitality,VIC,7030.230000,1813,1864.280000,6743.640000
2023,2023-06,Coffee,Independent retail,NSW,20088.790000,4485,7419.380000,19581.580000
2023,2023-06,Coffee,Independent retail,QLD,19681.770000,4201,7595.750000,18833.140000
2023,2023-06,Coffee,Independent retail,VIC,18706.410000,3998,7170.520000,18264.920000
2023,2023-06,Coffee,Petrol,NSW,21730.280000,4295,9455.300000,21110.830000
2023,2023-06,Coffee,Petrol,QLD,19781.350000,4102,8030.140000,20288.360000
2023,2023-06,Coffee,Petrol,VIC,20438.470000,4113,8584.740000,19695.150000
2023,2023-06,Energy,Convenience,NSW,56486.420000,10603,34499.980000,85448.340000
2023,2023-06,Energy,Convenience,QLD,55122.420000,10343,33118.900000,82168.270000
2023,2023-06,Energy,Convenience,VIC,53713.980000,9957,32554.580000,79696.730000
2023,2023-06,Energy,Grocery,NSW,223888.410000,49295,119921.050000,212787.610000
2023,2023-06,Energy,Grocery,QLD,210496.060000,45690,114998.620000,204610.050000
2023,2023-06,Energy,Grocery,VIC,206307.720000,45044,111939.680000,198476.110000
2023,2023-06,Energy,Hospitality,NSW,27801.070000,6611,13980.110000,26635.220000
2023,2023-06,Energy,Hospitality,QLD,27293.280000,6294,13967.040000,25597.660000
2023,2023-06,Energy,Hospitality,VIC,25992.700000,6116,13176.740000,24807.890000
2023,2023-06,Energy,Independent retail,NSW,74054.590000,15363,41385.590000,72300.800000
2023,2023-06,Energy,Independent retail,QLD,71070.200000,15019,38887.560000,69527.160000
2023,2023-06,Energy,Independent retail,VIC,70027.550000,14707,38511.750000,67449.060000
2023,2023-06,Energy,Petrol,NSW,81547.680000,15711,47592.800000,77899.500000
2023,2023-06,Energy,Petrol,QLD,78325.220000,15387,45795.260000,74911.400000
2023,2023-06,Energy,Petrol,VIC,76617.780000,15214,44194.220000,72665.360000
2023,2023-06,Sparkling,Convenience,NSW,108445.230000,26867,59821.230000,103899.340000
2023,2023-06,Sparkling,Convenience,QLD,104903.540000,26600,57302.560000,99889.530000
2023,2023-06,Sparkling,Convenience,VIC,100996.160000,25329,55341.080000,96893.460000
2023,2023-06,Sparkling,Grocery,NSW,264629.790000,76276,128904.070000,258423.660000
2023,2023-06,Sparkling,Grocery,QLD,257406.280000,73702,125555.000000,248504.570000
2023,2023-06,Sparkling,Grocery,VIC,245266.490000,70167,120180.490000,241065.930000
2023,2023-06,Sparkling,Hospitality,NSW,33446.960000,10373,14929.140000,32299.600000
2023,2023-06,Sparkling,Hospitality,QLD,32171.120000,10201,13947.400000,31063.660000
2023,2023-06,Sparkling,Hospitality,VIC,31339.350000,9734,13911.130000,30111.880000
2023,2023-06,Sparkling,Independent retail,NSW,93095.160000,26524,45461.380000,87858.500000
2023,2023-06,Sparkling,Independent retail,QLD,87120.250000,24660,42903.670000,84448.480000
2023,2023-06,Sparkling,Independent retail,VIC,83317.260000,24060,40702.540000,81921.130000
2023,2023-06,Sparkling,Petrol,NSW,99300.950000,25851,52905.190000,94774.810000
2023,2023-06,Sparkling,Petrol,QLD,93409.360000,23703,50742.380000,91114.850000
2023,2023-06,Sparkling,Petrol,VIC,89799.440000,23392,48391.120000,88377.800000
2023,2023-06,Sports,Convenience,NSW,58033.560000,11642,31094.360000,57392.080000
2023,2023-06,Sports,Convenience,QLD,56713.090000,11888,29581.640000,55198.240000
2023,2023-06,Sports,Convenience,VIC,56439.230000,11672,29603.190000,53522.860000
2023,2023-06,Sports,Grocery,NSW,145286.090000,33624,68721.720000,142408.650000
2023,2023-06,Sports,Grocery,QLD,138715.800000,31709,65887.910000,136951.350000
2023,2023-06,Sports,Grocery,VIC,135471.210000,31010,64930.720000,132829.070000
2023,2023-06,Sports,Hospitality,NSW,18333.290000,4515,7973.320000,17815.700000
2023,2023-06,Sports,Hospitality,QLD,17969.290000,4590,7453.440000,17127.920000
2023,2023-06,Sports,Hospitality,VIC,17186.040000,4249,7392.150000,16609.380000
2023,2023-06,Sports,Independent retail,NSW,51177.000000,11962,23824.380000,48433.640000
2023,2023-06,Sports,Independent retail,QLD,47635.750000,11247,22100.330000,46562.910000
2023,2023-06,Sports,Independent retail,VIC,46464.320000,10993,21451.570000,45166.400000
2023,2023-06,Sports,Petrol,NSW,54221.670000,11805,27481.570000,52467.010000
2023,2023-06,Sports,Petrol,QLD,49680.910000,10389,26275.480000,50453.590000
2023,2023-06,Sports,Petrol,VIC,49896.800000,10566,25903.000000,48953.370000
2023,2023-06,Water,Convenience,NSW,69564.980000,22985,34040.100000,68336.090000
2023,2023-06,Water,Convenience,QLD,69251.620000,21623,35129.420000,65704.560000
2023,2023-06,Water,Convenience,VIC,64978.850000,20722,32498.570000,63745.620000
2023,2023-06,Water,Grocery,NSW,173820.930000,66024,69873.010000,170533.760000
2023,2023-06,Water,Grocery,QLD,170472.160000,64012,68423.120000,163972.490000
2023,2023-06,Water,Grocery,VIC,162086.830000,62547,63768.990000,159038.180000
2023,2023-06,Water,Hospitality,NSW,22319.720000,9347,7659.760000,21324.820000
2023,2023-06,Water,Hospitality,QLD,21177.420000,8786,7542.180000,20500.810000
2023,2023-06,Water,Hospitality,VIC,19958.410000,8366,6907.370000,19889.580000
2023,2023-06,Water,Independent retail,NSW,58728.490000,21240,25699.530000,57963.420000
2023,2023-06,Water,Independent retail,QLD,55025.270000,19563,24322.150000,55737.350000
2023,2023-06,Water,Independent retail,VIC,55297.740000,19459,24631.460000,54066.960000
2023,2023-06,Water,Petrol,NSW,63184.920000,20447,30823.280000,62422.260000
2023,2023-06,Water,Petrol,QLD,62885.450000,21475,29315.410000,60021.410000
2023,2023-06,Water,Petrol,VIC,60755.610000,20165,28939.570000,58218.800000
2023,2023-07,Coffee,Convenience,NSW,23571.940000,4646,10173.810000,23133.820000
2023,2023-07,Coffee,Convenience,QLD,21903.250000,4457,9126.170000,22353.610000
2023,2023-07,Coffee,Convenience,VIC,21636.120000,4353,9147.230000,21577.590000
2023,2023-07,Coffee,Grocery,NSW,58989.290000,13392,21000.640000,57536.870000
2023,2023-07,Coffee,Grocery,QLD,55405.360000,12319,20118.210000,55407.730000
2023,2023-07,Coffee,Grocery,VIC,54443.330000,12105,19915.870000,53779.140000
2023,2023-07,Coffee,Hospitality,NSW,7443.870000,1793,2318.020000,7311.040000
2023,2023-07,Coffee,Hospitality,QLD,6910.130000,1714,1993.520000,6917.650000
2023,2023-07,Coffee,Hospitality,VIC,6990.180000,1697,2138.200000,6735.020000
2023,2023-07,Coffee,Independent retail,NSW,19585.990000,4460,6846.140000,19611.530000
2023,2023-07,Coffee,Independent retail,QLD,18550.040000,4281,6332.290000,18776.340000
2023,2023-07,Coffee,Independent retail,VIC,17657.170000,4034,6068.030000,18218.370000
2023,2023-07,Coffee,Petrol,NSW,21142.440000,4518,8366.290000,21101.880000
2023,2023-07,Coffee,Petrol,QLD,20804.960000,4204,8858.680000,20195.690000
2023,2023-07,Coffee,Petrol,VIC,19829.840000,4103,8167.560000,19633.880000
2023,2023-07,Energy,Convenience,NSW,56830.780000,10990,33637.980000,85350.650000
2023,2023-07,Energy,Convenience,QLD,53756.590000,10302,32515.990000,82146.130000
2023,2023-07,Energy,Convenience,VIC,54096.530000,10404,32444.610000,79561.560000
2023,2023-07,Energy,Grocery,NSW,223576.440000,47731,120929.640000,212632.880000
2023,2023-07,Energy,Grocery,QLD,212933.950000,46661,112858.790000,204481.860000
2023,2023-07,Energy,Grocery,VIC,212715.290000,45930,113854.210000,198300.870000
2023,2023-07,Energy,Hospitality,NSW,27878.940000,6496,13804.420000,26600.560000
2023,2023-07,Energy,Hospitality,QLD,26902.720000,6446,13098.520000,25679.020000
2023,2023-07,Energy,Hospitality,VIC,26189.960000,6234,12860.320000,24973.370000
2023,2023-07,Energy,Independent retail,NSW,73575.910000,15890,40517.150000,72200.590000
2023,2023-07,Energy,Independent retail,QLD,71574.110000,14959,40118.790000,69528.040000
2023,2023-07,Energy,Independent retail,VIC,70437.530000,15015,39243.050000,67483.400000
2023,2023-07,Energy,Petrol,NSW,79990.300000,15429,47686.980000,77831.020000
2023,2023-07,Energy,Petrol,QLD,77245.470000,14755,45553.950000,74832.510000
2023,2023-07,Energy,Petrol,VIC,75398.040000,14456,45011.520000,72522.800000
2023,2023-07,Sparkling,Convenience,NSW,106867.850000,26684,59519.190000,103824.560000
2023,2023-07,Sparkling,Convenience,QLD,100979.890000,25024,56606.230000,99838.270000
2023,2023-07,Sparkling,Convenience,VIC,99641.750000,24541,55741.530000,96861.360000
2023,2023-07,Sparkling,Grocery,NSW,263356.850000,77269,124939.410000,258232.100000
2023,2023-07,Sparkling,Grocery,QLD,255049.900000,74292,121909.940000,248350.970000
2023,2023-07,Sparkling,Grocery,VIC,249993.870000,73982,118372.210000,240840.180000
2023,2023-07,Sparkling,Hospitality,NSW,33862.380000,10794,14562.180000,32272.660000
2023,2023-07,Sparkling,Hospitality,QLD,32587.800000,10204,14326.360000,31079.760000
2023,2023-07,Sparkling,Hospitality,VIC,31383.390000,10074,13531.310000,30226.730000
2023,2023-07,Sparkling,Independent retail,NSW,90585.870000,25021,45710.970000,87812.840000
2023,2023-07,Sparkling,Independent retail,QLD,86439.370000,24074,43201.390000,84425.270000
2023,2023-07,Sparkling,Independent retail,VIC,84948.350000,23529,42856.990000,81838.480000
2023,2023-07,Sparkling,Petrol,NSW,97540.860000,24979,52662.700000,94728.040000
2023,2023-07,Sparkling,Petrol,QLD,94230.300000,24677,50085.740000,91062.930000
2023,2023-07,Sparkling,Petrol,VIC,91038.220000,23431,48509.600000,88368.640000
2023,2023-07,Sports,Convenience,NSW,57912.040000,11886,31101.460000,57332.950000
2023,2023-07,Sports,Convenience,QLD,57505.320000,11249,31668.320000,55238.000000
2023,2023-07,Sports,Convenience,VIC,55144.990000,10948,30239.530000,53434.980000
2023,2023-07,Sports,Grocery,NSW,148328.810000,35681,66621.050000,142325.460000
2023,2023-07,Sports,Grocery,QLD,140645.970000,34233,63399.730000,136830.590000
2023,2023-07,Sports,Grocery,VIC,141041.420000,33883,63358.890000,132766.480000
2023,2023-07,Sports,Hospitality,NSW,19063.440000,5019,7574.920000,17825.150000
2023,2023-07,Sports,Hospitality,QLD,17952.890000,4595,7526.170000,17239.410000
2023,2023-07,Sports,Hospitality,VIC,17485.340000,4648,7050.460000,16674.250000
2023,2023-07,Sports,Independent retail,NSW,50716.650000,11334,24916.180000,48401.390000
2023,2023-07,Sports,Independent retail,QLD,47411.950000,10527,23046.460000,46584.570000
2023,2023-07,Sports,Independent retail,VIC,46360.610000,10279,22899.240000,45128.990000
2023,2023-07,Sports,Petrol,NSW,54205.360000,11232,28461.350000,52430.140000
2023,2023-07,Sports,Petrol,QLD,52230.200000,11298,26381.920000,50473.100000
2023,2023-07,Sports,Petrol,VIC,51460.990000,10784,26502.240000,48952.170000
2023,2023-07,Water,Convenience,NSW,70718.900000,23029,34586.700000,68260.350000
2023,2023-07,Water,Convenience,QLD,67040.750000,22515,32007.950000,65627.430000
2023,2023-07,Water,Convenience,VIC,65484.360000,21207,31629.360000,63754.270000
2023,2023-07,Water,Grocery,NSW,175793.960000,65136,74499.120000,170402.600000
2023,2023-07,Water,Grocery,QLD,162709.540000,59284,68547.420000,163853.280000
2023,2023-07,Water,Grocery,VIC,163386.460000,58988,70055.540000,158953.420000
2023,2023-07,Water,Hospitality,NSW,21618.760000,8542,8194.120000,21303.420000
2023,2023-07,Water,Hospitality,QLD,21309.180000,8605,7630.780000,20509.380000
2023,2023-07,Water,Hospitality,VIC,20643.310000,8162,7641.870000,19932.120000
2023,2023-07,Water,Independent retail,NSW,60696.000000,22352,25287.560000,57900.940000
2023,2023-07,Water,Independent retail,QLD,56798.130000,21246,23760.330000,55672.960000
2023,2023-07,Water,Independent retail,VIC,55331.400000,20525,22974.440000,54053.860000
2023,2023-07,Water,Petrol,NSW,63090.710000,21731,29299.710000,62405.820000
2023,2023-07,Water,Petrol,QLD,62840.730000,20501,30543.650000,59977.820000
2023,2023-07,Water,Petrol,VIC,61319.740000,20611,29199.820000,58152.830000
2023,2023-08,Coffee,Convenience,NSW,23702.750000,4662,10398.630000,23573.560000
2023,2023-08,Coffee,Convenience,QLD,22200.120000,4262,10082.110000,22688.310000
2023,2023-08,Coffee,Convenience,VIC,21918.340000,4228,9852.110000,22003.390000
2023,2023-08,Coffee,Grocery,NSW,56915.650000,13447,18658.080000,58547.910000
2023,2023-08,Coffee,Grocery,QLD,57247.300000,13482,18848.630000,56275.000000
2023,2023-08,Coffee,Grocery,VIC,52446.850000,12515,17081.140000,54602.570000
2023,2023-08,Coffee,Hospitality,NSW,7404.750000,1914,1967.370000,7337.770000
2023,2023-08,Coffee,Hospitality,QLD,7228.940000,1792,2119.640000,7038.520000
2023,2023-08,Coffee,Hospitality,VIC,6962.060000,1786,1890.590000,6879.220000
2023,2023-08,Coffee,Independent retail,NSW,20239.540000,4428,7692.230000,19886.410000
2023,2023-08,Coffee,Independent retail,QLD,19243.950000,4222,7151.450000,19126.970000
2023,2023-08,Coffee,Independent retail,VIC,18621.270000,3999,7182.480000,18539.120000
2023,2023-08,Coffee,Petrol,NSW,21738.610000,4349,9162.540000,21441.970000
2023,2023-08,Coffee,Petrol,QLD,20927.350000,4393,8355.800000,20618.620000
2023,2023-08,Coffee,Petrol,VIC,20248.840000,4202,8215.280000,19985.830000
2023,2023-08,Energy,Convenience,NSW,57269.580000,10540,34831.020000,86792.320000
2023,2023-08,Energy,Convenience,QLD,55164.230000,10402,33027.790000,83477.590000
2023,2023-08,Energy,Convenience,VIC,55706.000000,10413,33472.280000,80987.500000
2023,2023-08,Energy,Grocery,NSW,216617.940000,47231,117528.500000,216190.070000
2023,2023-08,Energy,Grocery,QLD,215470.380000,46393,118208.540000,207862.990000
2023,2023-08,Energy,Grocery,VIC,217189.470000,47547,118298.550000,201612.840000
2023,2023-08,Energy,Hospitality,NSW,27658.130000,6543,14015.650000,27039.760000
2023,2023-08,Energy,Hospitality,QLD,27005.690000,6184,13669.370000,26011.050000
2023,2023-08,Energy,Hospitality,VIC,26441.030000,6114,13495.590000,25247.310000
2023,2023-08,Energy,Independent retail,NSW,74652.220000,15636,41110.940000,73452.180000
2023,2023-08,Energy,Independent retail,QLD,74734.800000,15928,40540.840000,70614.050000
2023,2023-08,Energy,Independent retail,VIC,70408.950000,14660,38675.110000,68505.280000
2023,2023-08,Energy,Petrol,NSW,82364.650000,16246,47694.610000,79158.070000
2023,2023-08,Energy,Petrol,QLD,82024.250000,16033,48438.410000,76116.200000
2023,2023-08,Energy,Petrol,VIC,77475.660000,15247,45067.060000,73832.930000
2023,2023-08,Sparkling,Convenience,NSW,109185.250000,27571,59709.030000,105543.390000
2023,2023-08,Sparkling,Convenience,QLD,106559.500000,26936,58355.120000,101486.690000
2023,2023-08,Sparkling,Convenience,VIC,101371.690000,25604,55536.490000,98451.820000
2023,2023-08,Sparkling,Grocery,NSW,270982.800000,77666,132513.040000,262557.930000
2023,2023-08,Sparkling,Grocery,QLD,263123.510000,76309,126216.790000,252460.830000
2023,2023-08,Sparkling,Grocery,VIC,248792.750000,70767,121744.990000,244881.300000
2023,2023-08,Sparkling,Hospitality,NSW,34068.520000,10537,15158.300000,32824.220000
2023,2023-08,Sparkling,Hospitality,QLD,33662.470000,10693,14446.550000,31559.650000
2023,2023-08,Sparkling,Hospitality,VIC,31495.920000,9878,13714.820000,30630.830000
2023,2023-08,Sparkling,Independent retail,NSW,91564.290000,26026,44866.830000,89232.110000
2023,2023-08,Sparkling,Independent retail,QLD,89230.650000,25272,44241.030000,85818.830000
2023,2023-08,Sparkling,Independent retail,VIC,86012.720000,24470,42231.560000,83255.600000
2023,2023-08,Sparkling,Petrol,NSW,99168.350000,25669,53238.470000,96282.210000
2023,2023-08,Sparkling,Petrol,QLD,95603.570000,24411,51991.290000,92582.720000
2023,2023-08,Sparkling,Petrol,VIC,90733.520000,23609,49095.000000,89793.800000
2023,2023-08,Sports,Convenience,NSW,61809.440000,12581,32693.460000,58306.870000
2023,2023-08,Sports,Convenience,QLD,58283.710000,12175,30571.310000,56050.260000
2023,2023-08,Sports,Convenience,VIC,55975.730000,11578,29364.480000,54394.660000
2023,2023-08,Sports,Grocery,NSW,147409.670000,34013,70505.610000,144717.150000
2023,2023-08,Sports,Grocery,QLD,144598.090000,33507,67010.830000,139123.390000
2023,2023-08,Sports,Grocery,VIC,139760.330000,31935,66510.660000,134960.440000
2023,2023-08,Sports,Hospitality,NSW,19351.920000,4808,8327.150000,18125.210000
2023,2023-08,Sports,Hospitality,QLD,18251.480000,4752,7361.170000,17430.860000
2023,2023-08,Sports,Hospitality,VIC,17451.390000,4386,7277.770000,16898.520000
2023,2023-08,Sports,Independent retail,NSW,50857.510000,12031,23646.620000,49210.020000
2023,2023-08,Sports,Independent retail,QLD,49046.390000,11549,23157.470000,47299.110000
2023,2023-08,Sports,Independent retail,VIC,48474.860000,11344,22551.920000,45888.150000
2023,2023-08,Sports,Petrol,NSW,54866.350000,11715,28306.030000,53294.290000
2023,2023-08,Sports,Petrol,QLD,52075.710000,10765,27784.060000,51244.390000
2023,2023-08,Sports,Petrol,VIC,49664.850000,10319,26196.100000,49713.700000
2023,2023-08,Water,Convenience,NSW,69757.110000,22468,34703.550000,69435.440000
2023,2023-08,Water,Convenience,QLD,67996.830000,21093,34393.590000,66766.190000
2023,2023-08,Water,Convenience,VIC,67384.650000,21200,34105.450000,64751.180000
2023,2023-08,Water,Grocery,NSW,175905.550000,67216,70237.910000,173270.110000
2023,2023-08,Water,Grocery,QLD,171324.920000,64919,69825.320000,166590.540000
2023,2023-08,Water,Grocery,VIC,162247.470000,62044,64682.790000,161596.400000
2023,2023-08,Water,Hospitality,NSW,22650.280000,9447,7851.240000,21652.910000
2023,2023-08,Water,Hospitality,QLD,21114.370000,8480,7791.650000,20821.300000
2023,2023-08,Water,Hospitality,VIC,21013.270000,8705,7450.670000,20205.060000
2023,2023-08,Water,Independent retail,NSW,60274.310000,21599,26721.710000,58896.210000
2023,2023-08,Water,Independent retail,QLD,57570.970000,20739,24845.650000,56640.610000
2023,2023-08,Water,Independent retail,VIC,57050.470000,20054,25278.390000,54939.070000
2023,2023-08,Water,Petrol,NSW,64681.990000,21192,30952.550000,63415.700000
2023,2023-08,Water,Petrol,QLD,63613.940000,21710,29473.100000,60974.180000
2023,2023-08,Water,Petrol,VIC,62319.650000,20762,29194.970000,59151.740000
2023,2023-09,Coffee,Convenience,NSW,23577.930000,4768,9951.170000,24234.780000
2023,2023-09,Coffee,Convenience,QLD,23436.010000,4727,9810.690000,23294.380000
2023,2023-09,Coffee,Convenience,VIC,22383.630000,4626,9275.990000,22599.320000
2023,2023-09,Coffee,Grocery,NSW,60552.830000,13392,22121.520000,60141.060000
2023,2023-09,Coffee,Grocery,QLD,58310.620000,13239,20256.080000,57815.940000
2023,2023-09,Coffee,Grocery,VIC,58355.920000,12991,21402.510000,56086.400000
2023,2023-09,Coffee,Hospitality,NSW,7944.450000,1911,2478.960000,7551.380000
2023,2023-09,Coffee,Hospitality,QLD,7393.520000,1874,2020.960000,7254.300000
2023,2023-09,Coffee,Hospitality,VIC,7110.840000,1759,2053.160000,7025.790000
2023,2023-09,Coffee,Independent retail,NSW,20262.810000,4652,6946.130000,20443.070000
2023,2023-09,Coffee,Independent retail,QLD,19877.610000,4524,7094.270000,19639.740000
2023,2023-09,Coffee,Independent retail,VIC,19004.960000,4381,6505.320000,19062.660000
2023,2023-09,Coffee,Petrol,NSW,22562.770000,4663,9251.310000,22014.910000
2023,2023-09,Coffee,Petrol,QLD,22304.370000,4440,9655.820000,21174.100000
2023,2023-09,Coffee,Petrol,VIC,21153.750000,4254,8973.880000,20537.940000
2023,2023-09,Energy,Convenience,NSW,59956.500000,11508,35874.140000,89188.730000
2023,2023-09,Energy,Convenience,QLD,56774.680000,10764,34481.720000,85747.350000
2023,2023-09,Energy,Convenience,VIC,56177.490000,10766,33910.090000,83154.570000
2023,2023-09,Energy,Grocery,NSW,235679.860000,50796,125952.500000,222082.640000
2023,2023-09,Energy,Grocery,QLD,217424.660000,48212,114678.300000,213558.200000
2023,2023-09,Energy,Grocery,VIC,215315.950000,46591,114611.750000,207122.210000
2023,2023-09,Energy,Hospitality,NSW,28905.540000,6835,14263.660000,27785.640000
2023,2023-09,Energy,Hospitality,QLD,28195.110000,6742,13979.870000,26704.430000
2023,2023-09,Energy,Hospitality,VIC,27769.400000,6609,13538.440000,25912.690000
2023,2023-09,Energy,Independent retail,NSW,79553.940000,16935,44296.620000,75475.870000
2023,2023-09,Energy,Independent retail,QLD,74525.060000,15579,42034.980000,72564.230000
2023,2023-09,Energy,Independent retail,VIC,72530.530000,15290,40617.610000,70382.080000
2023,2023-09,Energy,Petrol,NSW,84283.920000,16118,50488.520000,81306.790000
2023,2023-09,Energy,Petrol,QLD,82144.320000,15651,48148.200000,78184.180000
2023,2023-09,Energy,Petrol,VIC,81143.950000,15550,47859.550000,75851.590000
2023,2023-09,Sparkling,Convenience,NSW,110577.180000,27172,61816.140000,108407.400000
2023,2023-09,Sparkling,Convenience,QLD,108212.710000,26705,60366.290000,104267.670000
2023,2023-09,Sparkling,Convenience,VIC,103909.030000,25823,58208.590000,101126.100000
2023,2023-09,Sparkling,Grocery,NSW,272174.630000,79935,128675.490000,269723.640000
2023,2023-09,Sparkling,Grocery,QLD,270720.260000,78071,131707.220000,259359.800000
2023,2023-09,Sparkling,Grocery,VIC,260129.400000,75574,123869.240000,251590.110000
2023,2023-09,Sparkling,Hospitality,NSW,35154.320000,11226,15143.860000,33714.340000
2023,2023-09,Sparkling,Hospitality,QLD,34640.600000,10776,15353.320000,32427.840000
2023,2023-09,Sparkling,Hospitality,VIC,32686.910000,10214,14395.670000,31442.540000
2023,2023-09,Sparkling,Independent retail,NSW,93086.630000,25888,47068.270000,91682.960000
2023,2023-09,Sparkling,Independent retail,QLD,91232.660000,25806,44963.860000,88164.370000
2023,2023-09,Sparkling,Independent retail,VIC,88803.650000,24662,44549.990000,85514.020000
2023,2023-09,Sparkling,Petrol,NSW,101888.460000,26634,54418.640000,98899.430000
2023,2023-09,Sparkling,Petrol,QLD,99004.290000,25718,52510.870000,95091.420000
2023,2023-09,Sparkling,Petrol,VIC,95897.350000,25080,50770.670000,92257.170000
2023,2023-09,Sports,Convenience,NSW,61015.660000,12179,33391.450000,59903.530000
2023,2023-09,Sports,Convenience,QLD,57831.470000,11364,31620.640000,57596.190000
2023,2023-09,Sports,Convenience,VIC,57830.920000,11303,31928.650000,55865.600000
2023,2023-09,Sports,Grocery,NSW,156438.200000,38109,69768.900000,148646.450000
2023,2023-09,Sports,Grocery,QLD,147810.230000,35184,68325.870000,142916.640000
2023,2023-09,Sports,Grocery,VIC,144470.940000,35043,64841.980000,138646.960000
2023,2023-09,Sports,Hospitality,NSW,19446.240000,5108,7836.170000,18600.930000
2023,2023-09,Sports,Hospitality,QLD,18097.470000,4584,7752.400000,17893.470000
2023,2023-09,Sports,Hospitality,VIC,18202.130000,4749,7560.140000,17345.340000
2023,2023-09,Sports,Independent retail,NSW,52003.060000,11615,25720.540000,50533.070000
2023,2023-09,Sports,Independent retail,QLD,50306.850000,11449,23960.090000,48601.900000
2023,2023-09,Sports,Independent retail,VIC,46735.210000,10397,22853.970000,47134.040000
2023,2023-09,Sports,Petrol,NSW,54919.340000,11537,28361.040000,54758.530000
2023,2023-09,Sports,Petrol,QLD,55421.860000,11910,27954.340000,52655.840000
2023,2023-09,Sports,Petrol,VIC,52742.130000,11379,26707.800000,51054.430000
2023,2023-09,Water,Convenience,NSW,75368.410000,24353,36359.490000,71326.910000
2023,2023-09,Water,Convenience,QLD,68477.170000,22547,33077.610000,68579.200000
2023,2023-09,Water,Convenience,VIC,66624.680000,22182,31885.040000,66513.190000
2023,2023-09,Water,Grocery,NSW,176313.160000,64253,75680.320000,177968.040000
2023,2023-09,Water,Grocery,QLD,174680.860000,64955,71687.940000,171138.880000
2023,2023-09,Water,Grocery,VIC,168410.150000,61751,71462.910000,166033.670000
2023,2023-09,Water,Hospitality,NSW,22627.840000,9016,8468.640000,22248.350000
2023,2023-09,Water,Hospitality,QLD,22232.870000,9175,7772.190000,21398.330000
2023,2023-09,Water,Hospitality,VIC,20286.230000,8236,7313.230000,20751.670000
2023,2023-09,Water,Independent retail,NSW,61878.890000,23677,25412.490000,60498.330000
2023,2023-09,Water,Independent retail,QLD,60500.300000,22251,25839.940000,58182.860000
2023,2023-09,Water,Independent retail,VIC,56874.980000,21247,23741.780000,56440.290000
2023,2023-09,Water,Petrol,NSW,67427.460000,22522,32063.660000,65150.320000
2023,2023-09,Water,Petrol,QLD,62102.610000,20297,30462.810000,62643.000000
2023,2023-09,Water,Petrol,VIC,63574.930000,20849,30824.090000,60752.810000
2023,2023-10,Coffee,Convenience,NSW,27200.590000,5274,12179.900000,27168.240000
2023,2023-10,Coffee,Convenience,QLD,26476.760000,5135,11828.830000,26122.150000
2023,2023-10,Coffee,Convenience,VIC,25510.520000,4868,11594.900000,25333.840000
2023,2023-10,Coffee,Grocery,NSW,68379.260000,16156,22075.510000,67416.410000
2023,2023-10,Coffee,Grocery,QLD,66551.610000,15286,23017.900000,64819.140000
2023,2023-10,Coffee,Grocery,VIC,62858.810000,14837,20392.370000,62870.370000
2023,2023-10,Coffee,Hospitality,NSW,8450.880000,2156,2251.090000,8461.600000
2023,2023-10,Coffee,Hospitality,QLD,8469.030000,2080,2564.510000,8122.020000
2023,2023-10,Coffee,Hospitality,VIC,8249.860000,2071,2363.360000,7900.980000
2023,2023-10,Coffee,Independent retail,NSW,22707.890000,4907,8748.250000,22921.870000
2023,2023-10,Coffee,Independent retail,QLD,22370.720000,5004,7971.270000,22020.150000
2023,2023-10,Coffee,Independent retail,VIC,22367.600000,4918,8425.110000,21368.200000
2023,2023-10,Coffee,Petrol,NSW,24746.400000,5057,10203.510000,24694.430000
2023,2023-10,Coffee,Petrol,QLD,23831.200000,4980,9487.380000,23736.800000
2023,2023-10,Coffee,Petrol,VIC,23662.580000,4951,9464.180000,23031.150000
2023,2023-10,Energy,Convenience,NSW,66072.580000,12312,39858.420000,99955.670000
2023,2023-10,Energy,Convenience,QLD,64336.950000,12485,38215.510000,96107.740000
2023,2023-10,Energy,Convenience,VIC,62599.670000,11747,37439.990000,93234.000000
2023,2023-10,Energy,Grocery,NSW,261592.120000,56354,142937.560000,248960.860000
2023,2023-10,Energy,Grocery,QLD,253705.350000,53539,139332.070000,239387.060000
2023,2023-10,Energy,Grocery,VIC,237341.750000,51239,129931.310000,232218.510000
2023,2023-10,Energy,Hospitality,NSW,32330.530000,7540,16460.610000,31156.450000
2023,2023-10,Energy,Hospitality,QLD,31426.800000,7389,15695.080000,29950.490000
2023,2023-10,Energy,Hospitality,VIC,30855.510000,7044,15724.950000,29049.310000
2023,2023-10,Energy,Independent retail,NSW,90331.520000,18848,49488.080000,84580.910000
2023,2023-10,Energy,Independent retail,QLD,84747.350000,18236,46028.470000,81322.210000
2023,2023-10,Energy,Independent retail,VIC,82888.370000,17752,45083.050000,78885.280000
2023,2023-10,Energy,Petrol,NSW,96848.150000,19119,56091.910000,91124.410000
2023,2023-10,Energy,Petrol,QLD,89050.960000,17231,52935.480000,87633.120000
2023,2023-10,Energy,Petrol,VIC,87348.520000,17192,51433.280000,84996.320000
2023,2023-10,Sparkling,Convenience,NSW,124874.920000,31506,68396.060000,121548.910000
2023,2023-10,Sparkling,Convenience,QLD,122117.400000,30930,67174.060000,116870.370000
2023,2023-10,Sparkling,Convenience,VIC,116809.750000,29272,64055.930000,113370.180000
2023,2023-10,Sparkling,Grocery,NSW,311851.280000,88612,152914.780000,302372.440000
2023,2023-10,Sparkling,Grocery,QLD,300431.050000,87555,142224.070000,290791.460000
2023,2023-10,Sparkling,Grocery,VIC,294711.970000,84672,142263.170000,282052.350000
2023,2023-10,Sparkling,Hospitality,NSW,40412.440000,12559,17742.640000,37810.020000
2023,2023-10,Sparkling,Hospitality,QLD,37699.650000,11955,16184.890000,36342.980000
2023,2023-10,Sparkling,Hospitality,VIC,36811.230000,11681,15777.170000,35262.260000
2023,2023-10,Sparkling,Independent retail,NSW,107294.000000,30186,52600.700000,102785.810000
2023,2023-10,Sparkling,Independent retail,QLD,101136.370000,28474,50524.110000,98813.100000
2023,2023-10,Sparkling,Independent retail,VIC,98757.800000,27990,48733.940000,95861.150000
2023,2023-10,Sparkling,Petrol,NSW,113610.700000,29372,61500.660000,110870.340000
2023,2023-10,Sparkling,Petrol,QLD,109505.100000,27913,59645.120000,106619.740000
2023,2023-10,Sparkling,Petrol,VIC,105792.950000,27171,57575.030000,103406.260000
2023,2023-10,Sports,Convenience,NSW,69561.800000,14551,36434.670000,67141.220000
2023,2023-10,Sports,Convenience,QLD,67849.240000,14104,35849.070000,64575.390000
2023,2023-10,Sports,Convenience,VIC,65385.380000,13907,33999.930000,62639.020000
2023,2023-10,Sports,Grocery,NSW,171314.760000,38823,81925.990000,166646.720000
2023,2023-10,Sports,Grocery,QLD,169207.970000,39721,77050.840000,160252.350000
2023,2023-10,Sports,Grocery,VIC,161799.490000,37171,75858.270000,155462.440000
2023,2023-10,Sports,Hospitality,NSW,21716.390000,5402,9161.680000,20864.180000
2023,2023-10,Sports,Hospitality,QLD,20634.490000,5399,8268.930000,20055.420000
2023,2023-10,Sports,Hospitality,VIC,21193.140000,5468,8640.860000,19456.010000
2023,2023-10,Sports,Independent retail,NSW,57857.770000,13546,26822.080000,56638.600000
2023,2023-10,Sports,Independent retail,QLD,56068.310000,12782,27113.370000,54468.370000
2023,2023-10,Sports,Independent retail,VIC,55979.470000,13169,26245.000000,52841.870000
2023,2023-10,Sports,Petrol,NSW,62849.150000,13174,32970.760000,61375.350000
2023,2023-10,Sports,Petrol,QLD,60461.580000,12241,32268.420000,59021.460000
2023,2023-10,Sports,Petrol,VIC,58462.950000,11881,31218.450000,57249.120000
2023,2023-10,Water,Convenience,NSW,81388.870000,25753,41062.390000,79959.680000
2023,2023-10,Water,Convenience,QLD,78966.740000,24907,39472.020000,76882.490000
2023,2023-10,Water,Convenience,VIC,75982.780000,23588,38500.700000,74567.750000
2023,2023-10,Water,Grocery,NSW,200914.860000,77939,79235.820000,199528.710000
2023,2023-10,Water,Grocery,QLD,200389.590000,74682,83272.070000,191844.520000
2023,2023-10,Water,Grocery,VIC,187990.110000,72333,75507.070000,186093.930000
2023,2023-10,Water,Hospitality,NSW,25767.930000,10666,9058.610000,24943.240000
2023,2023-10,Water,Hospitality,QLD,25404.060000,10143,9559.340000,23984.110000
2023,2023-10,Water,Hospitality,VIC,23893.470000,9798,8735.710000,23273.960000
2023,2023-10,Water,Independent retail,NSW,70521.150000,24578,31388.950000,67837.450000
2023,2023-10,Water,Independent retail,QLD,67012.330000,24260,28394.250000,65221.820000
2023,2023-10,Water,Independent retail,VIC,65754.590000,23408,28699.550000,63261.480000
2023,2023-10,Water,Petrol,NSW,74919.600000,25113,35221.760000,73031.920000
2023,2023-10,Water,Petrol,QLD,71371.720000,24430,32973.480000,70230.840000
2023,2023-10,Water,Petrol,VIC,70720.200000,24062,32659.800000,68127.090000
2023,2023-11,Coffee,Convenience,NSW,28852.000000,5852,12091.130000,28429.810000
2023,2023-11,Coffee,Convenience,QLD,27028.730000,5442,11449.010000,27346.650000
2023,2023-11,Coffee,Convenience,VIC,25930.090000,5307,10779.340000,26525.390000
2023,2023-11,Coffee,Grocery,NSW,72270.880000,15972,26549.520000,70578.760000
2023,2023-11,Coffee,Grocery,QLD,70003.370000,16155,23408.940000,67856.040000
2023,2023-11,Coffee,Grocery,VIC,66819.720000,15060,23529.660000,65837.550000
2023,2023-11,Coffee,Hospitality,NSW,8819.630000,2171,2605.360000,8838.430000
2023,2023-11,Coffee,Hospitality,QLD,8654.400000,2226,2314.200000,8518.940000
2023,2023-11,Coffee,Hospitality,VIC,8138.060000,2055,2260.560000,8262.750000
2023,2023-11,Coffee,Independent retail,NSW,23512.740000,5424,8082.010000,23987.980000
2023,2023-11,Coffee,Independent retail,QLD,23347.140000,5233,8577.510000,23064.170000
2023,2023-11,Coffee,Independent retail,VIC,22469.830000,5094,7920.500000,22376.440000
2023,2023-11,Coffee,Petrol,NSW,25424.890000,5188,10669.440000,25846.490000
2023,2023-11,Coffee,Petrol,QLD,25223.300000,5029,10960.540000,24854.440000
2023,2023-11,Coffee,Petrol,VIC,25068.780000,5025,10791.500000,24111.290000
2023,2023-11,Energy,Convenience,NSW,70020.400000,13334,42297.800000,104649.720000
2023,2023-11,Energy,Convenience,QLD,63961.830000,12002,39031.030000,100638.420000
2023,2023-11,Energy,Convenience,VIC,64640.960000,12293,39240.440000,97619.750000
2023,2023-11,Energy,Grocery,NSW,275720.400000,60276,146993.120000,260636.740000
2023,2023-11,Energy,Grocery,QLD,263722.690000,57765,140781.210000,250649.290000
2023,2023-11,Energy,Grocery,VIC,252933.230000,55988,133931.510000,243122.080000
2023,2023-11,Energy,Hospitality,NSW,34112.250000,8231,16703.810000,32598.790000
2023,2023-11,Energy,Hospitality,QLD,32287.010000,7693,16193.970000,31357.480000
2023,2023-11,Energy,Hospitality,VIC,32778.440000,7814,16172.600000,30425.350000
2023,2023-11,Energy,Independent retail,NSW,90470.810000,19020,50628.770000,88593.950000
2023,2023-11,Energy,Independent retail,QLD,88335.700000,18237,49339.820000,85167.350000
2023,2023-11,Energy,Independent retail,VIC,84311.170000,17534,47479.650000,82608.710000
2023,2023-11,Energy,Petrol,NSW,99758.240000,18773,59291.240000,95437.530000
2023,2023-11,Energy,Petrol,QLD,96472.030000,18653,56383.670000,91768.420000
2023,2023-11,Energy,Petrol,VIC,94241.170000,17952,55354.730000,89004.180000
2023,2023-11,Sparkling,Convenience,NSW,131939.820000,32534,73921.080000,127277.830000
2023,2023-11,Sparkling,Convenience,QLD,125844.120000,31351,69510.240000,122347.270000
2023,2023-11,Sparkling,Convenience,VIC,123121.850000,30142,68878.590000,118685.090000
2023,2023-11,Sparkling,Grocery,NSW,319150.620000,92683,152458.840000,316521.070000
2023,2023-11,Sparkling,Grocery,QLD,319656.410000,92465,155686.410000,304413.350000
2023,2023-11,Sparkling,Grocery,VIC,304640.650000,89649,146300.170000,295259.630000
2023,2023-11,Sparkling,Hospitality,NSW,41440.980000,13216,18129.460000,39574.200000
2023,2023-11,Sparkling,Hospitality,QLD,38859.030000,12244,17297.890000,38051.500000
2023,2023-11,Sparkling,Hospitality,VIC,38271.720000,12104,16862.160000,36915.270000
2023,2023-11,Sparkling,Independent retail,NSW,110074.520000,30880,55329.600000,107604.970000
2023,2023-11,Sparkling,Independent retail,QLD,107019.320000,30266,52542.040000,103461.550000
2023,2023-11,Sparkling,Independent retail,VIC,103647.650000,28992,51416.350000,100357.880000
2023,2023-11,Sparkling,Petrol,NSW,122915.740000,32128,65288.220000,116095.450000
2023,2023-11,Sparkling,Petrol,QLD,115189.110000,30282,61302.970000,111617.810000
2023,2023-11,Sparkling,Petrol,VIC,114797.720000,30273,60676.020000,108276.030000
2023,2023-11,Sports,Convenience,NSW,72037.060000,14302,39667.250000,70305.800000
2023,2023-11,Sports,Convenience,QLD,70094.550000,14100,37615.520000,67584.120000
2023,2023-11,Sports,Convenience,VIC,68444.940000,13408,37560.710000,65579.250000
2023,2023-11,Sports,Grocery,NSW,182234.560000,44437,81623.290000,174479.450000
2023,2023-11,Sports,Grocery,QLD,169868.210000,39971,79855.590000,167748.360000
2023,2023-11,Sports,Grocery,VIC,166763.940000,39886,76390.280000,162716.390000
2023,2023-11,Sports,Hospitality,NSW,23357.420000,6079,9612.340000,21838.710000
2023,2023-11,Sports,Hospitality,QLD,21448.230000,5352,9300.600000,21000.280000
2023,2023-11,Sports,Hospitality,VIC,20506.110000,5264,8710.370000,20372.700000
2023,2023-11,Sports,Independent retail,NSW,61038.210000,13699,29972.570000,59316.350000
2023,2023-11,Sports,Independent retail,QLD,59574.640000,13895,27868.860000,57042.750000
2023,2023-11,Sports,Independent retail,VIC,57884.800000,13012,27754.650000,55326.630000
2023,2023-11,Sports,Petrol,NSW,67166.850000,14327,34109.370000,64275.810000
2023,2023-11,Sports,Petrol,QLD,63513.550000,13791,32207.720000,61803.990000
2023,2023-11,Sports,Petrol,VIC,62926.950000,13713,31779.840000,59939.020000
2023,2023-11,Water,Convenience,NSW,86360.480000,28583,41354.120000,83696.500000
2023,2023-11,Water,Convenience,QLD,84563.030000,27835,41275.790000,80487.750000
2023,2023-11,Water,Convenience,VIC,83070.160000,27390,39974.760000,78057.670000
2023,2023-11,Water,Grocery,NSW,210510.720000,76391,89770.320000,208898.180000
2023,2023-11,Water,Grocery,QLD,205059.860000,77898,82605.580000,200866.200000
2023,2023-11,Water,Grocery,VIC,202002.040000,75368,83840.200000,194857.020000
2023,2023-11,Water,Hospitality,NSW,26806.200000,10863,9719.440000,26112.850000
2023,2023-11,Water,Hospitality,QLD,26445.080000,10972,9106.640000,25108.310000
2023,2023-11,Water,Hospitality,VIC,25527.430000,10425,9011.430000,24351.590000
2023,2023-11,Water,Independent retail,NSW,71557.410000,26661,29769.650000,71015.110000
2023,2023-11,Water,Independent retail,QLD,70811.150000,25443,30921.190000,68270.710000
2023,2023-11,Water,Independent retail,VIC,67582.090000,25147,28679.890000,66226.920000
2023,2023-11,Water,Petrol,NSW,80365.590000,26593,38744.230000,76461.170000
2023,2023-11,Water,Petrol,QLD,77342.070000,24935,37737.350000,73515.230000
2023,2023-11,Water,Petrol,VIC,74793.550000,24266,36605.350000,71320.860000
2023,2023-12,Coffee,Convenience,NSW,31472.540000,6070,14228.940000,31121.020000
2023,2023-12,Coffee,Convenience,QLD,29638.200000,5833,12839.110000,29911.230000
2023,2023-12,Coffee,Convenience,VIC,29862.790000,5727,13510.810000,28999.550000
2023,2023-12,Coffee,Grocery,NSW,78206.140000,18520,25280.930000,77209.650000
2023,2023-12,Coffee,Grocery,QLD,73236.540000,16642,25996.010000,74240.710000
2023,2023-12,Coffee,Grocery,VIC,71030.960000,16717,23885.130000,72004.450000
2023,2023-12,Coffee,Hospitality,NSW,10532.780000,2666,2937.190000,9669.710000
2023,2023-12,Coffee,Hospitality,QLD,9548.520000,2312,2955.430000,9313.490000
2023,2023-12,Coffee,Hospitality,VIC,9233.510000,2274,2763.990000,9044.910000
2023,2023-12,Coffee,Independent retail,NSW,26333.030000,5669,10086.130000,26246.300000
2023,2023-12,Coffee,Independent retail,QLD,25585.530000,5802,8893.870000,25222.930000
2023,2023-12,Coffee,Independent retail,VIC,24497.970000,5470,8836.290000,24479.570000
2023,2023-12,Coffee,Petrol,NSW,28403.630000,5925,11462.280000,28276.210000
2023,2023-12,Coffee,Petrol,QLD,27002.280000,5663,10712.830000,27194.920000
2023,2023-12,Coffee,Petrol,VIC,26653.160000,5618,10552.580000,26365.600000
2023,2023-12,Energy,Convenience,NSW,75053.880000,14088,45100.920000,114506.920000
2023,2023-12,Energy,Convenience,QLD,75124.520000,14627,44372.760000,110087.900000
2023,2023-12,Energy,Convenience,VIC,71629.400000,13519,42682.920000,106778.860000
2023,2023-12,Energy,Grocery,NSW,293097.670000,63180,160417.150000,285129.160000
2023,2023-12,Energy,Grocery,QLD,282340.630000,59964,153071.230000,274156.560000
2023,2023-12,Energy,Grocery,VIC,271103.260000,57776,148959.140000,265911.890000
2023,2023-12,Energy,Hospitality,NSW,37406.020000,8779,19042.540000,35668.150000
2023,2023-12,Energy,Hospitality,QLD,36989.190000,8563,18331.510000,34300.860000
2023,2023-12,Energy,Hospitality,VIC,35089.070000,8058,17609.350000,33252.100000
2023,2023-12,Energy,Independent retail,NSW,101346.270000,21430,55365.030000,96875.910000
2023,2023-12,Energy,Independent retail,QLD,96714.680000,20507,53223.280000,93144.600000
2023,2023-12,Energy,Independent retail,VIC,97784.330000,20915,52997.050000,90344.560000
2023,2023-12,Energy,Petrol,NSW,109579.090000,21440,64303.290000,104388.540000
2023,2023-12,Energy,Petrol,QLD,102123.710000,19596,60872.270000,100358.590000
2023,2023-12,Energy,Petrol,VIC,96994.030000,18746,57541.670000,97353.840000
2023,2023-12,Sparkling,Convenience,NSW,141747.150000,35883,77714.950000,139203.650000
2023,2023-12,Sparkling,Convenience,QLD,134549.810000,33426,74866.990000,133849.250000
2023,2023-12,Sparkling,Convenience,VIC,131847.700000,33320,72439.620000,129836.090000
2023,2023-12,Sparkling,Grocery,NSW,361021.840000,102624,175335.480000,346262.390000
2023,2023-12,Sparkling,Grocery,QLD,339574.470000,99194,161391.930000,332985.890000
2023,2023-12,Sparkling,Grocery,VIC,347238.920000,99523,165932.840000,322986.670000
2023,2023-12,Sparkling,Hospitality,NSW,44315.940000,13944,19115.760000,43273.610000
2023,2023-12,Sparkling,Hospitality,QLD,42846.970000,13754,18410.090000,41614.120000
2023,2023-12,Sparkling,Hospitality,VIC,42626.160000,13523,18257.420000,40354.930000
2023,2023-12,Sparkling,Independent retail,NSW,122808.040000,35096,60521.700000,117715.800000
2023,2023-12,Sparkling,Independent retail,QLD,116302.100000,32650,58421.920000,113191.040000
2023,2023-12,Sparkling,Independent retail,VIC,113161.850000,31589,56655.670000,109792.450000
2023,2023-12,Sparkling,Petrol,NSW,130828.130000,33394,71043.230000,126989.960000
2023,2023-12,Sparkling,Petrol,QLD,125315.920000,32025,67786.540000,122102.180000
2023,2023-12,Sparkling,Petrol,VIC,125503.200000,31902,68393.300000,118407.960000
2023,2023-12,Sports,Convenience,NSW,80462.600000,16825,41965.800000,76913.110000
2023,2023-12,Sports,Convenience,QLD,77841.440000,15883,41842.840000,73949.260000
2023,2023-12,Sports,Convenience,VIC,72845.520000,15249,38353.030000,71714.380000
2023,2023-12,Sports,Grocery,NSW,190751.050000,44001,89988.880000,190826.630000
2023,2023-12,Sports,Grocery,QLD,193014.040000,46314,86740.830000,183495.690000
2023,2023-12,Sports,Grocery,VIC,187126.530000,44164,85577.020000,178019.910000
2023,2023-12,Sports,Hospitality,NSW,24758.850000,6335,10164.650000,23876.090000
2023,2023-12,Sports,Hospitality,QLD,23886.220000,6387,9463.740000,22976.560000
2023,2023-12,Sports,Hospitality,VIC,24035.450000,6278,9642.310000,22277.150000
2023,2023-12,Sports,Independent retail,NSW,67941.540000,15773,31906.910000,64887.830000
2023,2023-12,Sports,Independent retail,QLD,63697.000000,14375,31205.260000,62390.910000
2023,2023-12,Sports,Independent retail,VIC,64266.260000,14646,30779.490000,60525.280000
2023,2023-12,Sports,Petrol,NSW,72177.740000,15045,38289.640000,70304.910000
2023,2023-12,Sports,Petrol,QLD,68450.880000,13901,36189.540000,67601.010000
2023,2023-12,Sports,Petrol,VIC,67817.360000,13884,36238.940000,65559.910000
2023,2023-12,Water,Convenience,NSW,96680.940000,30248,49042.300000,91560.920000
2023,2023-12,Water,Convenience,QLD,90041.160000,29159,44229.720000,88054.990000
2023,2023-12,Water,Convenience,VIC,88360.640000,28122,44360.160000,85410.800000
2023,2023-12,Water,Grocery,NSW,231790.030000,89489,92695.350000,228519.480000
2023,2023-12,Water,Grocery,QLD,229912.730000,84734,97396.650000,219725.420000
2023,2023-12,Water,Grocery,VIC,219658.800000,82908,90499.120000,213146.160000
2023,2023-12,Water,Hospitality,NSW,29706.510000,12189,10703.630000,28576.420000
2023,2023-12,Water,Hospitality,QLD,28404.950000,11149,10765.190000,27472.380000
2023,2023-12,Water,Hospitality,VIC,27811.870000,11225,10350.310000,26644.250000
2023,2023-12,Water,Independent retail,NSW,78221.210000,27795,34471.210000,77681.330000
2023,2023-12,Water,Independent retail,QLD,75695.090000,27959,31600.770000,74689.820000
2023,2023-12,Water,Independent retail,VIC,74551.300000,26686,31798.700000,72449.180000
2023,2023-12,Water,Petrol,NSW,87895.370000,29766,40799.770000,83642.480000
2023,2023-12,Water,Petrol,QLD,83504.140000,28545,38835.460000,80416.560000
2023,2023-12,Water,Petrol,VIC,82773.110000,28107,38255.310000,78014.030000
2024,2024-01,Coffee,Convenience,NSW,25217.490000,5010,10223.540000,34915.400000
2024,2024-01,Coffee,Convenience,QLD,23929.120000,4614,10174.080000,33575.200000
2024,2024-01,Coffee,Convenience,VIC,24019.930000,4779,9802.450000,32707.040000
2024,2024-01,Coffee,Grocery,NSW,63607.320000,13861,21867.540000,86760.070000
2024,2024-01,Coffee,Grocery,QLD,59926.390000,13753,18888.800000,83467.930000
2024,2024-01,Coffee,Grocery,VIC,58815.860000,13226,19196.080000,80971.250000
2024,2024-01,Coffee,Hospitality,NSW,7884.060000,1898,2119.630000,10832.330000
2024,2024-01,Coffee,Hospitality,QLD,7540.730000,1878,1894.770000,10425.300000
2024,2024-01,Coffee,Hospitality,VIC,7560.780000,1872,1914.510000,10031.360000
2024,2024-01,Coffee,Independent retail,NSW,21383.670000,4784,7113.840000,29469.220000
2024,2024-01,Coffee,Independent retail,QLD,21406.860000,4555,7841.440000,28345.270000
2024,2024-01,Coffee,Independent retail,VIC,19912.750000,4298,7027.570000,27455.370000
2024,2024-01,Coffee,Petrol,NSW,23813.640000,4636,9950.160000,31806.510000
2024,2024-01,Coffee,Petrol,QLD,21993.450000,4278,9117.490000,30540.330000
2024,2024-01,Coffee,Petrol,VIC,22028.880000,4227,9346.010000,29516.960000
2024,2024-01,Energy,Convenience,NSW,96028.010000,17579,57617.860000,128758.820000
2024,2024-01,Energy,Convenience,QLD,91133.710000,16183,54865.030000,123776.440000
2024,2024-01,Energy,Convenience,VIC,86878.920000,15926,52263.620000,120138.490000
2024,2024-01,Energy,Grocery,NSW,370389.300000,78471,193248.940000,320470.110000
2024,2024-01,Energy,Grocery,QLD,348952.840000,74212,185973.030000,308204.520000
2024,2024-01,Energy,Grocery,VIC,344903.990000,72708,180404.950000,298954.360000
2024,2024-01,Energy,Hospitality,NSW,46729.840000,10841,22422.130000,39919.630000
2024,2024-01,Energy,Hospitality,QLD,44679.720000,10092,22245.700000,38603.440000
2024,2024-01,Energy,Hospitality,VIC,43327.820000,9917,21304.530000,37403.970000
2024,2024-01,Energy,Independent retail,NSW,122843.290000,24935,67928.990000,108932.360000
2024,2024-01,Energy,Independent retail,QLD,118638.650000,23588,64721.870000,104808.530000
2024,2024-01,Energy,Independent retail,VIC,114487.740000,22607,63270.130000,101550.870000
2024,2024-01,Energy,Petrol,NSW,133334.530000,24831,77324.830000,117438.110000
2024,2024-01,Energy,Petrol,QLD,129402.910000,24802,73769.920000,112846.120000
2024,2024-01,Energy,Petrol,VIC,123979.270000,23218,71620.070000,109467.500000
2024,2024-01,Sparkling,Convenience,NSW,156514.790000,37311,86317.100000,156483.020000
2024,2024-01,Sparkling,Convenience,QLD,147701.110000,36039,79627.300000,150492.000000
2024,2024-01,Sparkling,Convenience,VIC,144479.920000,34771,78730.480000,145938.600000
2024,2024-01,Sparkling,Grocery,NSW,382024.400000,108480,179791.220000,389119.940000
2024,2024-01,Sparkling,Grocery,QLD,368772.150000,103140,176846.980000,374118.030000
2024,2024-01,Sparkling,Grocery,VIC,362248.760000,101446,172812.980000,362893.770000
2024,2024-01,Sparkling,Hospitality,NSW,48024.750000,14695,20690.490000,48748.210000
2024,2024-01,Sparkling,Hospitality,QLD,46174.970000,13846,20118.470000,46802.610000
2024,2024-01,Sparkling,Hospitality,VIC,45574.020000,13652,19853.960000,45362.330000
2024,2024-01,Sparkling,Independent retail,NSW,129613.860000,34928,63084.090000,132360.880000
2024,2024-01,Sparkling,Independent retail,QLD,127679.440000,35109,61290.910000,127289.560000
2024,2024-01,Sparkling,Independent retail,VIC,123063.890000,33736,59222.110000,123492.490000
2024,2024-01,Sparkling,Petrol,NSW,141773.650000,35664,73922.680000,142702.660000
2024,2024-01,Sparkling,Petrol,QLD,134648.580000,33866,71001.180000,137187.190000
2024,2024-01,Sparkling,Petrol,VIC,132488.970000,33533,69306.570000,133129.200000
2024,2024-01,Sports,Convenience,NSW,86816.010000,16721,46908.830000,86439.010000
2024,2024-01,Sports,Convenience,QLD,87844.110000,17312,45606.220000,83032.800000
2024,2024-01,Sports,Convenience,VIC,87252.810000,16533,46403.810000,80564.380000
2024,2024-01,Sports,Grocery,NSW,218543.810000,50785,97105.020000,214416.980000
2024,2024-01,Sports,Grocery,QLD,214094.580000,47463,100181.910000,206224.160000
2024,2024-01,Sports,Grocery,VIC,211506.420000,47669,97062.370000,200040.520000
2024,2024-01,Sports,Hospitality,NSW,28272.300000,7029,11602.110000,26801.400000
2024,2024-01,Sports,Hospitality,QLD,27550.530000,6501,11597.450000,25852.180000
2024,2024-01,Sports,Hospitality,VIC,26054.720000,6252,10992.920000,24927.710000
2024,2024-01,Sports,Independent retail,NSW,74616.230000,16402,35097.710000,72928.100000
2024,2024-01,Sports,Independent retail,QLD,72578.840000,16499,32871.420000,70087.560000
2024,2024-01,Sports,Independent retail,VIC,72211.280000,16098,33128.550000,68005.160000
2024,2024-01,Sports,Petrol,NSW,83500.270000,17266,41490.310000,79048.940000
2024,2024-01,Sports,Petrol,QLD,80077.390000,16729,40218.130000,76023.080000
2024,2024-01,Sports,Petrol,VIC,79578.840000,16633,39503.860000,73666.140000
2024,2024-01,Water,Convenience,NSW,105019.040000,33527,49390.640000,102919.240000
2024,2024-01,Water,Convenience,QLD,97131.600000,30495,47267.610000,98991.640000
2024,2024-01,Water,Convenience,VIC,94572.390000,30374,45027.430000,96007.890000
2024,2024-01,Water,Grocery,NSW,260177.170000,91519,105717.720000,256613.640000
2024,2024-01,Water,Grocery,QLD,247318.280000,91500,95886.590000,246721.880000
2024,2024-01,Water,Grocery,VIC,229083.190000,83878,90114.290000,239329.060000
2024,2024-01,Water,Hospitality,NSW,32267.630000,12765,11036.530000,32137.050000
2024,2024-01,Water,Hospitality,QLD,30745.840000,12489,10217.920000,30941.900000
2024,2024-01,Water,Hospitality,VIC,30675.980000,12273,10248.860000,29944.580000
2024,2024-01,Water,Independent retail,NSW,89524.330000,32214,36498.210000,87342.500000
2024,2024-01,Water,Independent retail,QLD,83463.500000,28604,36124.480000,84014.340000
2024,2024-01,Water,Independent retail,VIC,79095.780000,28033,33458.080000,81461.180000
2024,2024-01,Water,Petrol,NSW,94320.220000,29334,45147.650000,93910.810000
2024,2024-01,Water,Petrol,QLD,88046.790000,28160,41255.620000,90300.600000
2024,2024-01,Water,Petrol,VIC,88484.060000,27572,42406.470000,87595.190000
2024,2024-02,Coffee,Convenience,NSW,24405.130000,4521,10838.530000,32255.940000
2024,2024-02,Coffee,Convenience,QLD,22095.940000,4280,9182.790000,31040.700000
2024,2024-02,Coffee,Convenience,VIC,22221.850000,4214,9605.020000,30084.530000
2024,2024-02,Coffee,Grocery,NSW,59496.390000,13476,19082.220000,80132.630000
2024,2024-02,Coffee,Grocery,QLD,55602.720000,12097,19533.400000,77054.100000
2024,2024-02,Coffee,Grocery,VIC,56387.610000,12382,19158.700000,74733.600000
2024,2024-02,Coffee,Hospitality,NSW,7358.560000,1775,2070.240000,10074.800000
2024,2024-02,Coffee,Hospitality,QLD,7546.060000,1771,2255.630000,9705.050000
2024,2024-02,Coffee,Hospitality,VIC,6998.050000,1649,2066.390000,9348.230000
2024,2024-02,Coffee,Independent retail,NSW,19830.520000,4274,7097.850000,27241.650000
2024,2024-02,Coffee,Independent retail,QLD,19065.110000,4221,6295.150000,26191.240000
2024,2024-02,Coffee,Independent retail,VIC,18633.540000,4035,6390.260000,25375.030000
2024,2024-02,Coffee,Petrol,NSW,21695.180000,4474,8270.720000,29348.730000
2024,2024-02,Coffee,Petrol,QLD,20634.120000,4220,8042.710000,28229.470000
2024,2024-02,Coffee,Petrol,VIC,20010.510000,4106,7640.970000,27375.700000
2024,2024-02,Energy,Convenience,NSW,85434.840000,15337,50535.840000,118866.140000
2024,2024-02,Energy,Convenience,QLD,85817.120000,15989,50505.350000,114310.240000
2024,2024-02,Energy,Convenience,VIC,84074.000000,15640,49099.310000,110875.520000
2024,2024-02,Energy,Grocery,NSW,325043.850000,67520,176277.710000,295929.980000
2024,2024-02,Energy,Grocery,QLD,324197.350000,66317,171601.210000,284579.490000
2024,2024-02,Energy,Grocery,VIC,317261.660000,65759,170352.360000,276034.460000
2024,2024-02,Energy,Hospitality,NSW,42485.210000,9480,21122.140000,37026.530000
2024,2024-02,Energy,Hospitality,QLD,40674.440000,9373,19686.760000,35618.710000
2024,2024-02,Energy,Hospitality,VIC,38820.230000,8781,18974.520000,34524.780000
2024,2024-02,Energy,Independent retail,NSW,115570.900000,23940,61684.230000,100573.120000
2024,2024-02,Energy,Independent retail,QLD,108827.730000,22663,59307.760000,96707.060000
2024,2024-02,Energy,Independent retail,VIC,108196.200000,22477,58343.160000,93811.590000
2024,2024-02,Energy,Petrol,NSW,123681.880000,23346,72140.330000,108405.130000
2024,2024-02,Energy,Petrol,QLD,117818.410000,21487,69767.010000,104241.870000
2024,2024-02,Energy,Petrol,VIC,117148.010000,21803,68804.330000,101141.340000
2024,2024-02,Sparkling,Convenience,NSW,142373.770000,34996,76811.100000,144511.770000
2024,2024-02,Sparkling,Convenience,QLD,136390.450000,32482,75103.380000,138943.200000
2024,2024-02,Sparkling,Convenience,VIC,133798.080000,31963,73172.450000,134781.040000
2024,2024-02,Sparkling,Grocery,NSW,357750.340000,99567,168046.670000,359290.970000
2024,2024-02,Sparkling,Grocery,QLD,343307.960000,97388,158877.450000,345454.120000
2024,2024-02,Sparkling,Grocery,VIC,323253.230000,91753,150393.690000,335096.380000
2024,2024-02,Sparkling,Hospitality,NSW,44816.480000,13707,18770.200000,44931.410000
2024,2024-02,Sparkling,Hospitality,QLD,43169.780000,13241,18162.960000,43221.440000
2024,2024-02,Sparkling,Hospitality,VIC,42357.660000,13163,17534.520000,41936.360000
2024,2024-02,Sparkling,Independent retail,NSW,119232.010000,32556,58392.470000,122248.650000
2024,2024-02,Sparkling,Independent retail,QLD,114299.170000,30780,56722.950000,117558.370000
2024,2024-02,Sparkling,Independent retail,VIC,109558.310000,29913,54055.080000,114035.250000
2024,2024-02,Sparkling,Petrol,NSW,130523.570000,32204,70022.430000,131752.970000
2024,2024-02,Sparkling,Petrol,QLD,123073.730000,30677,64874.780000,126705.270000
2024,2024-02,Sparkling,Petrol,VIC,120404.430000,29777,64386.360000,122885.470000
2024,2024-02,Sports,Convenience,NSW,84281.640000,17017,43388.210000,79771.120000
2024,2024-02,Sports,Convenience,QLD,80099.900000,15534,42953.760000,76702.200000
2024,2024-02,Sports,Convenience,VIC,77142.260000,15426,40444.040000,74400.050000
2024,2024-02,Sports,Grocery,NSW,205138.520000,46337,92873.110000,198024.550000
2024,2024-02,Sports,Grocery,QLD,205624.970000,48256,89637.730000,190420.170000
2024,2024-02,Sports,Grocery,VIC,201851.410000,46590,88627.140000,184711.310000
2024,2024-02,Sports,Hospitality,NSW,26610.010000,6664,10399.950000,24775.570000
2024,2024-02,Sports,Hospitality,QLD,25887.710000,6641,10055.570000,23846.380000
2024,2024-02,Sports,Hospitality,VIC,25097.660000,6410,9614.430000,23107.740000
2024,2024-02,Sports,Independent retail,NSW,68814.370000,15704,31849.250000,67302.720000
2024,2024-02,Sports,Independent retail,QLD,66061.640000,14063,32031.330000,64718.510000
2024,2024-02,Sports,Independent retail,VIC,66597.580000,14662,31732.080000,62777.820000
2024,2024-02,Sports,Petrol,NSW,75490.020000,15003,39672.190000,72988.330000
2024,2024-02,Sports,Petrol,QLD,74011.870000,14872,37861.750000,70180.300000
2024,2024-02,Sports,Petrol,VIC,69783.260000,13696,36497.500000,68084.290000
2024,2024-02,Water,Convenience,NSW,93325.430000,28252,46265.000000,95064.040000
2024,2024-02,Water,Convenience,QLD,90951.690000,28766,43219.630000,91398.710000
2024,2024-02,Water,Convenience,VIC,88969.140000,27504,43193.130000,88665.850000
2024,2024-02,Water,Grocery,NSW,228332.270000,83810,90587.670000,236951.630000
2024,2024-02,Water,Grocery,QLD,221852.050000,79329,92295.870000,227836.260000
2024,2024-02,Water,Grocery,VIC,219949.210000,77661,90241.060000,221004.280000
2024,2024-02,Water,Hospitality,NSW,29776.390000,11577,10690.950000,29657.530000
2024,2024-02,Water,Hospitality,QLD,29012.500000,11037,10583.410000,28504.420000
2024,2024-02,Water,Hospitality,VIC,27832.810000,10609,10226.560000,27663.400000
2024,2024-02,Water,Independent retail,NSW,79793.700000,27680,33484.970000,80651.860000
2024,2024-02,Water,Independent retail,QLD,77657.460000,27987,31300.720000,77544.890000
2024,2024-02,Water,Independent retail,VIC,74826.010000,26484,30710.070000,75225.870000
2024,2024-02,Water,Petrol,NSW,87589.120000,29262,39436.120000,86750.530000
2024,2024-02,Water,Petrol,QLD,81584.300000,26808,37677.600000,83407.670000
2024,2024-02,Water,Petrol,VIC,83300.480000,27470,37694.200000,80913.660000
2024,2024-03,Coffee,Convenience,NSW,24472.960000,4821,9874.630000,32911.870000
2024,2024-03,Coffee,Convenience,QLD,23839.030000,4546,10324.140000,31656.960000
2024,2024-03,Coffee,Convenience,VIC,22629.900000,4391,9477.860000,30696.200000
2024,2024-03,Coffee,Grocery,NSW,59753.780000,13186,19972.210000,81729.830000
2024,2024-03,Coffee,Grocery,QLD,59466.890000,13691,18511.150000,78578.290000
2024,2024-03,Coffee,Grocery,VIC,55027.730000,12361,17753.000000,76221.300000
2024,2024-03,Coffee,Hospitality,NSW,7438.470000,1832,1936.570000,10246.150000
2024,2024-03,Coffee,Hospitality,QLD,7336.850000,1839,1824.270000,9844.010000
2024,2024-03,Coffee,Hospitality,VIC,6853.930000,1718,1709.820000,9571.730000
2024,2024-03,Coffee,Independent retail,NSW,19870.210000,4350,6837.060000,27754.080000
2024,2024-03,Coffee,Independent retail,QLD,19682.180000,4117,7290.790000,26682.600000
2024,2024-03,Coffee,Independent retail,VIC,18932.220000,4026,6821.980000,25891.850000
2024,2024-03,Coffee,Petrol,NSW,23014.280000,4431,9712.140000,29927.930000
2024,2024-03,Coffee,Petrol,QLD,21318.780000,4198,8639.490000,28778.080000
2024,2024-03,Coffee,Petrol,VIC,20812.130000,4014,8771.240000,27907.340000
2024,2024-03,Energy,Convenience,NSW,92093.990000,16570,55569.580000,127666.960000
2024,2024-03,Energy,Convenience,QLD,90187.290000,16177,54044.080000,122792.420000
2024,2024-03,Energy,Convenience,VIC,84421.980000,15224,51101.750000,119123.090000
2024,2024-03,Energy,Grocery,NSW,367644.180000,78546,192221.240000,317997.990000
2024,2024-03,Energy,Grocery,QLD,341871.020000,71460,183916.730000,305800.940000
2024,2024-03,Energy,Grocery,VIC,327187.230000,69401,173669.370000,296622.590000
2024,2024-03,Energy,Hospitality,NSW,44895.750000,10312,22082.640000,39812.210000
2024,2024-03,Energy,Hospitality,QLD,43749.750000,9890,21893.000000,38288.110000
2024,2024-03,Energy,Hospitality,VIC,41424.470000,9542,20609.040000,37124.230000
2024,2024-03,Energy,Independent retail,NSW,119441.720000,24226,66349.100000,108022.580000
2024,2024-03,Energy,Independent retail,QLD,118475.420000,24008,64481.400000,103862.560000
2024,2024-03,Energy,Independent retail,VIC,114298.860000,22927,62796.330000,100758.220000
2024,2024-03,Energy,Petrol,NSW,132321.390000,24587,76857.110000,116513.130000
2024,2024-03,Energy,Petrol,QLD,128933.330000,24547,74110.670000,112043.460000
2024,2024-03,Energy,Petrol,VIC,124916.760000,23339,72061.440000,108658.260000
2024,2024-03,Sparkling,Convenience,NSW,143490.670000,34118,78792.260000,147383.570000
2024,2024-03,Sparkling,Convenience,QLD,141455.100000,34268,76215.610000,141718.810000
2024,2024-03,Sparkling,Convenience,VIC,135655.300000,32854,73408.000000,137456.840000
2024,2024-03,Sparkling,Grocery,NSW,353589.790000,99071,167973.380000,366395.510000
2024,2024-03,Sparkling,Grocery,QLD,345681.070000,96004,166387.420000,352269.280000
2024,2024-03,Sparkling,Grocery,VIC,331920.970000,92760,158650.040000,341767.920000
2024,2024-03,Sparkling,Hospitality,NSW,46052.540000,13915,19913.250000,45842.180000
2024,2024-03,Sparkling,Hospitality,QLD,43233.430000,13222,18626.710000,44101.560000
2024,2024-03,Sparkling,Hospitality,VIC,41982.660000,12590,18305.280000,42758.200000
2024,2024-03,Sparkling,Independent retail,NSW,124740.070000,33857,60427.360000,124698.570000
2024,2024-03,Sparkling,Independent retail,QLD,115854.870000,31926,55527.660000,119886.180000
2024,2024-03,Sparkling,Independent retail,VIC,112932.050000,31046,54207.690000,116297.110000
2024,2024-03,Sparkling,Petrol,NSW,132549.570000,33694,69142.350000,134376.420000
2024,2024-03,Sparkling,Petrol,QLD,128667.370000,32236,68393.000000,129220.670000
2024,2024-03,Sparkling,Petrol,VIC,122625.090000,31052,64227.990000,125345.220000
2024,2024-03,Sports,Convenience,NSW,87487.890000,16588,46936.460000,81349.020000
2024,2024-03,Sports,Convenience,QLD,83085.100000,16522,42938.040000,78229.430000
2024,2024-03,Sports,Convenience,VIC,77793.860000,15328,40749.910000,75860.650000
2024,2024-03,Sports,Grocery,NSW,214773.560000,49541,96789.650000,201969.430000
2024,2024-03,Sports,Grocery,QLD,196382.830000,42924,92087.360000,194213.380000
2024,2024-03,Sports,Grocery,VIC,196540.540000,43670,91390.590000,188370.670000
2024,2024-03,Sports,Hospitality,NSW,26711.300000,6487,11153.480000,25280.880000
2024,2024-03,Sports,Hospitality,QLD,25384.190000,6210,10541.160000,24304.170000
2024,2024-03,Sports,Hospitality,VIC,25597.970000,6101,10831.530000,23587.550000
2024,2024-03,Sports,Independent retail,NSW,71424.530000,15712,33060.390000,68653.330000
2024,2024-03,Sports,Independent retail,QLD,70822.740000,16208,31990.280000,66006.620000
2024,2024-03,Sports,Independent retail,VIC,67912.160000,15316,30905.520000,64014.680000
2024,2024-03,Sports,Petrol,NSW,81118.180000,16984,40289.260000,74428.880000
2024,2024-03,Sports,Petrol,QLD,74368.740000,15180,37971.640000,71570.290000
2024,2024-03,Sports,Petrol,VIC,74770.150000,15732,37302.550000,69427.630000
2024,2024-03,Water,Convenience,NSW,94814.570000,30413,44803.410000,96937.340000
2024,2024-03,Water,Convenience,QLD,93822.180000,28586,46266.130000,93221.310000
2024,2024-03,Water,Convenience,VIC,91651.960000,28608,44335.580000,90409.750000
2024,2024-03,Water,Grocery,NSW,234851.370000,85264,93824.920000,241640.450000
2024,2024-03,Water,Grocery,QLD,238990.000000,89314,91614.300000,232367.110000
2024,2024-03,Water,Grocery,VIC,217676.180000,81228,84040.920000,225386.770000
2024,2024-03,Water,Hospitality,NSW,30501.340000,12307,10208.630000,30250.670000
2024,2024-03,Water,Hospitality,QLD,29803.130000,11785,10094.450000,29089.370000
2024,2024-03,Water,Hospitality,VIC,28694.410000,11645,9496.850000,28217.880000
2024,2024-03,Water,Independent retail,NSW,83127.310000,29531,34632.220000,82262.850000
2024,2024-03,Water,Independent retail,QLD,77655.930000,26764,33715.040000,79089.510000
2024,2024-03,Water,Independent retail,VIC,76739.710000,26794,32875.490000,76727.930000
2024,2024-03,Water,Petrol,NSW,87062.300000,27385,41780.250000,88462.330000
2024,2024-03,Water,Petrol,QLD,84205.670000,27128,38979.850000,85063.280000
2024,2024-03,Water,Petrol,VIC,81932.390000,25858,38890.500000,82511.180000
2024,2024-04,Coffee,Convenience,NSW,21348.570000,4015,9323.080000,29589.910000
2024,2024-04,Coffee,Convenience,QLD,20601.240000,4051,8452.280000,28458.390000
2024,2024-04,Coffee,Convenience,VIC,20235.060000,3885,8483.220000,27604.990000
2024,2024-04,Coffee,Grocery,NSW,53654.330000,12076,17729.950000,73487.530000
2024,2024-04,Coffee,Grocery,QLD,53035.820000,11375,18844.260000,70653.100000
2024,2024-04,Coffee,Grocery,VIC,51536.930000,11180,17931.580000,68542.640000
2024,2024-04,Coffee,Hospitality,NSW,6773.730000,1618,1965.750000,9226.900000
2024,2024-04,Coffee,Hospitality,QLD,6556.330000,1549,1906.490000,8875.870000
2024,2024-04,Coffee,Hospitality,VIC,6581.920000,1546,1967.260000,8591.780000
2024,2024-04,Coffee,Independent retail,NSW,17888.900000,3866,6257.870000,24967.480000
2024,2024-04,Coffee,Independent retail,QLD,17897.920000,3986,5910.300000,24018.120000
2024,2024-04,Coffee,Independent retail,VIC,16681.540000,3662,5594.320000,23282.460000
2024,2024-04,Coffee,Petrol,NSW,19153.850000,3950,7309.520000,26912.640000
2024,2024-04,Coffee,Petrol,QLD,19632.870000,3876,7942.550000,25867.970000
2024,2024-04,Coffee,Petrol,VIC,18824.530000,3871,7239.390000,25105.100000
2024,2024-04,Energy,Convenience,NSW,86798.350000,16154,51322.160000,119071.900000
2024,2024-04,Energy,Convenience,QLD,81879.410000,15114,49086.280000,114504.390000
2024,2024-04,Energy,Convenience,VIC,82555.440000,15131,48885.360000,111077.540000
2024,2024-04,Energy,Grocery,NSW,330613.280000,68165,179601.740000,296519.640000
2024,2024-04,Energy,Grocery,QLD,326311.140000,67696,173426.870000,285101.540000
2024,2024-04,Energy,Grocery,VIC,317156.170000,65241,169446.060000,276556.270000
2024,2024-04,Energy,Hospitality,NSW,42032.570000,9407,20821.340000,37146.080000
2024,2024-04,Energy,Hospitality,QLD,41114.100000,9360,19988.760000,35716.910000
2024,2024-04,Energy,Hospitality,VIC,40787.620000,9169,19965.480000,34612.530000
2024,2024-04,Energy,Independent retail,NSW,112238.790000,23305,60506.080000,100772.700000
2024,2024-04,Energy,Independent retail,QLD,107324.740000,21840,59439.940000,96886.240000
2024,2024-04,Energy,Independent retail,VIC,105632.250000,21696,57970.100000,93987.310000
2024,2024-04,Energy,Petrol,NSW,120472.170000,22543,71113.550000,108665.030000
2024,2024-04,Energy,Petrol,QLD,117808.020000,21499,69767.380000,104468.930000
2024,2024-04,Energy,Petrol,VIC,114103.950000,21304,67442.590000,101327.020000
2024,2024-04,Sparkling,Convenience,NSW,132497.090000,32035,71942.600000,132526.430000
2024,2024-04,Sparkling,Convenience,QLD,123983.600000,29899,68359.920000,127431.100000
2024,2024-04,Sparkling,Convenience,VIC,119379.590000,28440,65733.840000,123609.800000
2024,2024-04,Sparkling,Grocery,NSW,328670.610000,91730,153308.030000,329486.260000
2024,2024-04,Sparkling,Grocery,QLD,307707.250000,87789,142248.340000,316814.340000
2024,2024-04,Sparkling,Grocery,VIC,300348.540000,85189,139653.980000,307299.020000
2024,2024-04,Sparkling,Hospitality,NSW,40801.860000,12597,17104.670000,41217.980000
2024,2024-04,Sparkling,Hospitality,QLD,40226.890000,12355,16998.570000,39630.680000
2024,2024-04,Sparkling,Hospitality,VIC,38723.440000,11946,16119.130000,38461.060000
2024,2024-04,Sparkling,Independent retail,NSW,110461.780000,30054,54331.610000,112122.430000
2024,2024-04,Sparkling,Independent retail,QLD,107377.930000,28353,53412.400000,107814.340000
2024,2024-04,Sparkling,Independent retail,VIC,102203.010000,27500,50592.170000,104584.530000
2024,2024-04,Sparkling,Petrol,NSW,119292.130000,29514,63945.870000,120845.540000
2024,2024-04,Sparkling,Petrol,QLD,116399.780000,29400,60830.920000,116179.970000
2024,2024-04,Sparkling,Petrol,VIC,109341.670000,27152,57953.440000,112688.290000
2024,2024-04,Sports,Convenience,NSW,79429.290000,15984,41237.890000,73164.350000
2024,2024-04,Sports,Convenience,QLD,74115.970000,14035,40139.900000,70340.480000
2024,2024-04,Sports,Convenience,VIC,69406.600000,13640,36905.760000,68232.500000
2024,2024-04,Sports,Grocery,NSW,194395.430000,44361,86667.260000,181620.510000
2024,2024-04,Sports,Grocery,QLD,185774.680000,43620,80756.540000,174644.350000
2024,2024-04,Sports,Grocery,VIC,181309.490000,42308,78918.590000,169393.390000
2024,2024-04,Sports,Hospitality,NSW,24490.550000,6157,9515.520000,22736.420000
2024,2024-04,Sports,Hospitality,QLD,22938.460000,5880,9019.020000,21866.770000
2024,2024-04,Sports,Hospitality,VIC,22848.110000,5884,8777.180000,21212.180000
2024,2024-04,Sports,Independent retail,NSW,65429.950000,14495,30913.470000,61728.480000
2024,2024-04,Sports,Independent retail,QLD,63480.450000,13562,30669.600000,59360.540000
2024,2024-04,Sports,Independent retail,VIC,61287.750000,13125,29596.390000,57544.730000
2024,2024-04,Sports,Petrol,NSW,67474.220000,13339,35399.760000,66938.940000
2024,2024-04,Sports,Petrol,QLD,68255.120000,13839,34484.080000,64346.140000
2024,2024-04,Sports,Petrol,VIC,66262.620000,13112,34268.210000,62389.220000
2024,2024-04,Water,Convenience,NSW,86111.790000,26188,42147.630000,87179.780000
2024,2024-04,Water,Convenience,QLD,83983.330000,26677,39393.160000,83824.680000
2024,2024-04,Water,Convenience,VIC,79982.120000,25182,38286.700000,81300.690000
2024,2024-04,Water,Grocery,NSW,213461.840000,78057,85945.060000,217299.760000
2024,2024-04,Water,Grocery,QLD,206143.720000,72515,85912.570000,208941.450000
2024,2024-04,Water,Grocery,VIC,202436.010000,71772,83924.160000,202678.860000
2024,2024-04,Water,Hospitality,NSW,27138.750000,10567,9863.960000,27199.960000
2024,2024-04,Water,Hospitality,QLD,25893.650000,9918,9251.230000,26164.180000
2024,2024-04,Water,Hospitality,VIC,25097.460000,9516,9225.090000,25378.220000
2024,2024-04,Water,Independent retail,NSW,74401.740000,25815,30856.540000,73967.560000
2024,2024-04,Water,Independent retail,QLD,70115.280000,25189,28244.360000,71131.960000
2024,2024-04,Water,Independent retail,VIC,69406.360000,24993,28027.830000,68995.230000
2024,2024-04,Water,Petrol,NSW,81077.210000,26529,36688.350000,79549.480000
2024,2024-04,Water,Petrol,QLD,78061.250000,25241,36568.600000,76488.720000
2024,2024-04,Water,Petrol,VIC,73002.050000,24382,33278.610000,74191.810000
2024,2024-05,Coffee,Convenience,NSW,20481.310000,4013,8473.850000,28169.250000
2024,2024-05,Coffee,Convenience,QLD,19619.280000,3701,8617.790000,27072.370000
2024,2024-05,Coffee,Convenience,VIC,19173.990000,3678,8201.030000,26261.440000
2024,2024-05,Coffee,Grocery,NSW,51293.920000,11580,16568.620000,69898.120000
2024,2024-05,Coffee,Grocery,QLD,48341.630000,11107,15027.430000,67198.000000
2024,2024-05,Coffee,Grocery,VIC,48296.010000,10980,15073.190000,65196.740000
2024,2024-05,Coffee,Hospitality,NSW,6553.310000,1641,1647.270000,8776.940000
2024,2024-05,Coffee,Hospitality,QLD,6267.340000,1541,1653.030000,8426.420000
2024,2024-05,Coffee,Hospitality,VIC,6062.840000,1507,1515.200000,8192.980000
2024,2024-05,Coffee,Independent retail,NSW,17202.040000,3725,6114.620000,23743.720000
2024,2024-05,Coffee,Independent retail,QLD,16771.020000,3511,6259.670000,22829.640000
2024,2024-05,Coffee,Independent retail,VIC,16868.370000,3543,6218.440000,22147.040000
2024,2024-05,Coffee,Petrol,NSW,19165.040000,3683,8128.620000,25600.760000
2024,2024-05,Coffee,Petrol,QLD,18203.090000,3648,7197.940000,24610.340000
2024,2024-05,Coffee,Petrol,VIC,17516.070000,3416,7173.330000,23880.180000
2024,2024-05,Energy,Convenience,NSW,82383.480000,15040,49974.980000,116263.140000
2024,2024-05,Energy,Convenience,QLD,80205.820000,14389,48067.620000,111775.440000
2024,2024-05,Energy,Convenience,VIC,79494.160000,14078,48038.360000,108406.340000
2024,2024-05,Energy,Grocery,NSW,325964.860000,67786,174034.700000,289448.070000
2024,2024-05,Energy,Grocery,QLD,312552.700000,66401,169272.440000,278297.620000
2024,2024-05,Energy,Grocery,VIC,304739.040000,63884,164400.440000,269955.560000
2024,2024-05,Energy,Hospitality,NSW,41483.740000,9306,20788.660000,36291.480000
2024,2024-05,Energy,Hospitality,QLD,38476.720000,8639,19472.120000,34884.410000
2024,2024-05,Energy,Hospitality,VIC,38560.830000,8764,19386.090000,33837.790000
2024,2024-05,Energy,Independent retail,NSW,110183.790000,21830,60969.210000,98332.090000
2024,2024-05,Energy,Independent retail,QLD,106891.100000,21469,58394.600000,94587.990000
2024,2024-05,Energy,Independent retail,VIC,101790.500000,20590,55691.790000,91748.040000
2024,2024-05,Energy,Petrol,NSW,120322.300000,22427,70008.350000,106064.120000
2024,2024-05,Energy,Petrol,QLD,117030.490000,22066,67997.510000,101966.440000
2024,2024-05,Energy,Petrol,VIC,114474.840000,21599,66141.020000,98927.010000
2024,2024-05,Sparkling,Convenience,NSW,125216.900000,30406,68059.800000,126043.630000
2024,2024-05,Sparkling,Convenience,QLD,120431.640000,29337,64971.960000,121199.830000
2024,2024-05,Sparkling,Convenience,VIC,116214.690000,28313,62663.120000,117533.790000
2024,2024-05,Sparkling,Grocery,NSW,314269.490000,87535,149890.200000,313361.760000
2024,2024-05,Sparkling,Grocery,QLD,297488.900000,82053,142359.500000,301263.030000
2024,2024-05,Sparkling,Grocery,VIC,283464.910000,78312,136194.520000,292248.480000
2024,2024-05,Sparkling,Hospitality,NSW,38843.070000,11725,16915.910000,39209.230000
2024,2024-05,Sparkling,Hospitality,QLD,37739.580000,11463,15985.340000,37691.070000
2024,2024-05,Sparkling,Hospitality,VIC,37225.650000,11103,16165.360000,36566.710000
2024,2024-05,Sparkling,Independent retail,NSW,103901.910000,28240,50161.270000,106631.980000
2024,2024-05,Sparkling,Independent retail,QLD,100736.150000,27549,48628.290000,102543.630000
2024,2024-05,Sparkling,Independent retail,VIC,99025.800000,26846,47753.320000,99442.990000
2024,2024-05,Sparkling,Petrol,NSW,114325.280000,28679,59854.320000,114932.810000
2024,2024-05,Sparkling,Petrol,QLD,108609.830000,27288,57883.810000,110493.490000
2024,2024-05,Sparkling,Petrol,VIC,104506.970000,25966,55364.890000,107170.010000
2024,2024-05,Sports,Convenience,NSW,72453.920000,14004,38323.360000,69578.510000
2024,2024-05,Sports,Convenience,QLD,70687.590000,14208,36362.240000,66887.940000
2024,2024-05,Sports,Convenience,VIC,68332.490000,13698,35323.770000,64878.820000
2024,2024-05,Sports,Grocery,NSW,180584.790000,40717,83190.020000,172717.700000
2024,2024-05,Sports,Grocery,QLD,175533.480000,38561,81740.770000,166071.560000
2024,2024-05,Sports,Grocery,VIC,167869.730000,37264,78573.970000,161085.080000
2024,2024-05,Sports,Hospitality,NSW,22764.280000,5448,9623.020000,21614.740000
2024,2024-05,Sports,Hospitality,QLD,22029.570000,5409,8897.550000,20794.890000
2024,2024-05,Sports,Hospitality,VIC,21390.440000,5085,8953.600000,20178.810000
2024,2024-05,Sports,Independent retail,NSW,61611.150000,13868,28156.910000,58711.570000
2024,2024-05,Sports,Independent retail,QLD,59814.780000,13692,27125.500000,56442.000000
2024,2024-05,Sports,Independent retail,VIC,58342.350000,13242,26373.590000,54743.190000
2024,2024-05,Sports,Petrol,NSW,65659.120000,13712,32732.930000,63652.050000
2024,2024-05,Sports,Petrol,QLD,63818.270000,12792,33135.380000,61196.170000
2024,2024-05,Sports,Petrol,VIC,61617.500000,12706,31231.500000,59365.770000
2024,2024-05,Water,Convenience,NSW,83261.150000,26374,39813.090000,82894.700000
2024,2024-05,Water,Convenience,QLD,80835.140000,24487,40204.680000,79710.530000
2024,2024-05,Water,Convenience,VIC,75762.940000,23602,37080.090000,77329.220000
2024,2024-05,Water,Grocery,NSW,201018.390000,73449,78845.140000,206654.390000
2024,2024-05,Water,Grocery,QLD,197718.380000,73163,76678.510000,198710.370000
2024,2024-05,Water,Grocery,VIC,196596.260000,72184,76143.310000,192757.910000
2024,2024-05,Water,Hospitality,NSW,25968.200000,10539,8585.010000,25874.180000
2024,2024-05,Water,Hospitality,QLD,24696.790000,9913,8453.260000,24883.970000
2024,2024-05,Water,Hospitality,VIC,24759.840000,9957,8266.040000,24130.550000
2024,2024-05,Water,Independent retail,NSW,70633.820000,24414,30123.330000,70349.830000
2024,2024-05,Water,Independent retail,QLD,68217.570000,23207,29527.480000,67627.780000
2024,2024-05,Water,Independent retail,VIC,65279.860000,22265,28335.190000,65605.620000
2024,2024-05,Water,Petrol,NSW,75145.100000,23551,35878.250000,75653.370000
2024,2024-05,Water,Petrol,QLD,72083.870000,23451,32931.340000,72731.170000
2024,2024-05,Water,Petrol,VIC,71644.920000,22975,33388.200000,70563.750000
2024,2024-06,Coffee,Convenience,NSW,18891.530000,3601,8059.060000,25404.610000
2024,2024-06,Coffee,Convenience,QLD,17439.150000,3419,7074.610000,24440.260000
2024,2024-06,Coffee,Convenience,VIC,17584.480000,3441,7240.140000,23689.980000
2024,2024-06,Coffee,Grocery,NSW,46111.260000,10113,15885.450000,63089.400000
2024,2024-06,Coffee,Grocery,QLD,45668.690000,9847,16081.920000,60662.040000
2024,2024-06,Coffee,Grocery,VIC,44379.600000,9520,15728.680000,58826.310000
2024,2024-06,Coffee,Hospitality,NSW,5885.810000,1384,1749.350000,7916.970000
2024,2024-06,Coffee,Hospitality,QLD,5557.500000,1337,1533.200000,7612.540000
2024,2024-06,Coffee,Hospitality,VIC,5516.800000,1291,1632.150000,7381.760000
2024,2024-06,Coffee,Independent retail,NSW,15272.610000,3371,5149.620000,21431.870000
2024,2024-06,Coffee,Independent retail,QLD,14823.890000,3334,4851.180000,20609.160000
2024,2024-06,Coffee,Independent retail,VIC,14910.250000,3332,4925.840000,19988.620000
2024,2024-06,Coffee,Petrol,NSW,16654.700000,3417,6389.820000,23100.580000
2024,2024-06,Coffee,Petrol,QLD,16263.910000,3206,6725.370000,22219.500000
2024,2024-06,Coffee,Petrol,VIC,15799.980000,3169,6296.320000,21551.950000
2024,2024-06,Energy,Convenience,NSW,78347.290000,14386,46446.380000,106939.550000
2024,2024-06,Energy,Convenience,QLD,73588.700000,13502,44468.960000,102823.530000
2024,2024-06,Energy,Convenience,VIC,72349.260000,13222,43451.890000,99724.890000
2024,2024-06,Energy,Grocery,NSW,303881.870000,62473,163975.750000,266253.610000
2024,2024-06,Energy,Grocery,QLD,288071.510000,60565,152916.370000,255994.850000
2024,2024-06,Energy,Grocery,VIC,287609.350000,59641,153412.450000,248327.490000
2024,2024-06,Energy,Hospitality,NSW,38685.250000,8735,19079.840000,33370.780000
2024,2024-06,Energy,Hospitality,QLD,37186.560000,8583,18149.490000,32088.740000
2024,2024-06,Energy,Hospitality,VIC,35499.090000,8081,17390.180000,31120.910000
2024,2024-06,Energy,Independent retail,NSW,101784.770000,20886,55988.590000,90486.550000
2024,2024-06,Energy,Independent retail,QLD,98394.000000,19650,54812.330000,87004.450000
2024,2024-06,Energy,Independent retail,VIC,95690.350000,19280,53273.880000,84380.540000
2024,2024-06,Energy,Petrol,NSW,111151.550000,20730,65898.130000,97566.160000
2024,2024-06,Energy,Petrol,QLD,106182.210000,19275,62409.300000,93808.870000
2024,2024-06,Energy,Petrol,VIC,104974.690000,19140,62505.410000,91010.260000
2024,2024-06,Sparkling,Convenience,NSW,111754.620000,26798,61396.130000,113775.220000
2024,2024-06,Sparkling,Convenience,QLD,105948.220000,25104,58573.640000,109410.030000
2024,2024-06,Sparkling,Convenience,VIC,103546.390000,24972,57030.220000,106121.120000
2024,2024-06,Sparkling,Grocery,NSW,277194.710000,78395,128379.470000,282897.570000
2024,2024-06,Sparkling,Grocery,QLD,263883.450000,74615,123461.720000,271999.760000
2024,2024-06,Sparkling,Grocery,VIC,256945.870000,73206,118666.760000,263852.940000
2024,2024-06,Sparkling,Hospitality,NSW,34908.730000,10786,14534.970000,35413.150000
2024,2024-06,Sparkling,Hospitality,QLD,33310.300000,10177,14331.870000,34033.730000
2024,2024-06,Sparkling,Hospitality,VIC,32169.590000,9921,13544.520000,33012.470000
2024,2024-06,Sparkling,Independent retail,NSW,93034.400000,25262,46015.070000,96267.320000
2024,2024-06,Sparkling,Independent retail,QLD,91381.770000,24433,45019.790000,92549.930000
2024,2024-06,Sparkling,Independent retail,VIC,89633.600000,24092,44479.500000,89781.890000
2024,2024-06,Sparkling,Petrol,NSW,104464.770000,25603,55719.670000,103730.590000
2024,2024-06,Sparkling,Petrol,QLD,99341.630000,25059,51820.210000,99729.420000
2024,2024-06,Sparkling,Petrol,VIC,96315.180000,24204,50388.460000,96766.710000
2024,2024-06,Sports,Convenience,NSW,66608.090000,13106,35269.170000,62826.930000
2024,2024-06,Sports,Convenience,QLD,60966.960000,11568,33050.270000,60406.880000
2024,2024-06,Sports,Convenience,VIC,59863.670000,11535,32277.470000,58566.980000
2024,2024-06,Sports,Grocery,NSW,163661.330000,38164,71503.210000,155929.760000
2024,2024-06,Sports,Grocery,QLD,157008.280000,37161,68646.940000,149949.290000
2024,2024-06,Sports,Grocery,VIC,152580.790000,35822,66197.100000,145452.720000
2024,2024-06,Sports,Hospitality,NSW,20565.420000,5250,7974.700000,19506.190000
2024,2024-06,Sports,Hospitality,QLD,19861.860000,4955,8046.240000,18765.650000
2024,2024-06,Sports,Hospitality,VIC,19383.210000,4926,7593.570000,18192.630000
2024,2024-06,Sports,Independent retail,NSW,55452.530000,12037,26630.590000,52985.610000
2024,2024-06,Sports,Independent retail,QLD,53259.320000,11352,25413.130000,50950.360000
2024,2024-06,Sports,Independent retail,VIC,50741.940000,10768,24598.270000,49439.220000
2024,2024-06,Sports,Petrol,NSW,59314.830000,11780,30827.560000,57490.960000
2024,2024-06,Sports,Petrol,QLD,58254.970000,12048,29026.810000,55245.330000
2024,2024-06,Sports,Petrol,VIC,57332.310000,11611,29067.690000,53596.210000
2024,2024-06,Water,Convenience,NSW,74287.640000,22732,35868.320000,74847.860000
2024,2024-06,Water,Convenience,QLD,72342.860000,23086,33903.850000,71972.530000
2024,2024-06,Water,Convenience,VIC,68377.610000,21506,32404.960000,69802.920000
2024,2024-06,Water,Grocery,NSW,181990.350000,65100,74999.130000,186571.240000
2024,2024-06,Water,Grocery,QLD,182949.000000,64558,75272.800000,179399.260000
2024,2024-06,Water,Grocery,VIC,178661.410000,62870,74611.920000,174004.800000
2024,2024-06,Water,Hospitality,NSW,23949.710000,9043,8821.790000,23366.290000
2024,2024-06,Water,Hospitality,QLD,22899.100000,8978,7930.930000,22462.340000
2024,2024-06,Water,Hospitality,VIC,22468.910000,8549,8109.970000,21786.460000
2024,2024-06,Water,Independent retail,NSW,64079.050000,22605,26251.570000,63499.160000
2024,2024-06,Water,Independent retail,QLD,60539.800000,22187,24533.350000,61062.700000
2024,2024-06,Water,Independent retail,VIC,58750.840000,21284,23628.720000,59227.860000
2024,2024-06,Water,Petrol,NSW,69424.650000,22851,31591.040000,68287.190000
2024,2024-06,Water,Petrol,QLD,66020.070000,21094,31370.890000,65673.890000
2024,2024-06,Water,Petrol,VIC,63126.200000,20750,29311.860000,63713.760000
2024,2024-07,Coffee,Convenience,NSW,22788.450000,3906,9935.290000,31839.930000
2024,2024-07,Coffee,Convenience,QLD,22108.170000,3686,9920.300000,30660.860000
2024,2024-07,Coffee,Convenience,VIC,21135.480000,3569,9410.110000,29675.800000
2024,2024-07,Coffee,Grocery,NSW,54607.130000,11193,17780.930000,79022.970000
2024,2024-07,Coffee,Grocery,QLD,54744.010000,11233,17971.470000,76040.290000
2024,2024-07,Coffee,Grocery,VIC,51973.300000,10663,16865.300000,73725.190000
2024,2024-07,Coffee,Hospitality,NSW,7075.640000,1595,1879.220000,9973.310000
2024,2024-07,Coffee,Hospitality,QLD,6718.340000,1459,1936.370000,9489.910000
2024,2024-07,Coffee,Hospitality,VIC,6672.540000,1464,1829.230000,9374.580000
2024,2024-07,Coffee,Independent retail,NSW,19736.340000,3775,7402.420000,26829.540000
2024,2024-07,Coffee,Independent retail,QLD,18793.520000,3597,6930.790000,25811.760000
2024,2024-07,Coffee,Independent retail,VIC,17867.590000,3335,6778.480000,24938.920000
2024,2024-07,Coffee,Petrol,NSW,20865.960000,3684,8761.870000,29012.750000
2024,2024-07,Coffee,Petrol,QLD,19130.710000,3480,7686.220000,27832.180000
2024,2024-07,Coffee,Petrol,VIC,19083.570000,3403,7784.640000,27019.050000
2024,2024-07,Energy,Convenience,NSW,79975.680000,14328,48577.100000,108489.830000
2024,2024-07,Energy,Convenience,QLD,76651.490000,13877,45944.570000,104298.390000
2024,2024-07,Energy,Convenience,VIC,74897.150000,13476,45064.660000,101247.070000
2024,2024-07,Energy,Grocery,NSW,312408.290000,65652,168680.720000,270121.720000
2024,2024-07,Energy,Grocery,QLD,295344.470000,61170,160970.760000,259744.640000
2024,2024-07,Energy,Grocery,VIC,284096.200000,58709,154784.750000,251933.310000
2024,2024-07,Energy,Hospitality,NSW,38805.970000,8751,19554.780000,34020.600000
2024,2024-07,Energy,Hospitality,QLD,36854.430000,8106,18631.680000,32456.880000
2024,2024-07,Energy,Hospitality,VIC,36310.620000,8218,18355.380000,31495.090000
2024,2024-07,Energy,Independent retail,NSW,104307.190000,20635,57503.290000,91885.280000
2024,2024-07,Energy,Independent retail,QLD,102248.570000,20703,55662.660000,88203.640000
2024,2024-07,Energy,Independent retail,VIC,96273.640000,19434,52750.880000,85575.550000
2024,2024-07,Energy,Petrol,NSW,114154.730000,21399,66398.800000,98931.280000
2024,2024-07,Energy,Petrol,QLD,110126.800000,20502,64931.630000,95181.970000
2024,2024-07,Energy,Petrol,VIC,103562.330000,19643,60117.630000,92415.760000
2024,2024-07,Sparkling,Convenience,NSW,114438.270000,27540,61761.490000,113878.880000
2024,2024-07,Sparkling,Convenience,QLD,107348.130000,26225,57800.150000,109485.390000
2024,2024-07,Sparkling,Convenience,VIC,106730.080000,26180,57383.780000,106266.850000
2024,2024-07,Sparkling,Grocery,NSW,282976.680000,78665,135572.610000,283079.330000
2024,2024-07,Sparkling,Grocery,QLD,272306.970000,75553,128592.400000,272186.700000
2024,2024-07,Sparkling,Grocery,VIC,262444.250000,72090,125880.880000,264046.200000
2024,2024-07,Sparkling,Hospitality,NSW,35225.640000,10637,15328.830000,35393.220000
2024,2024-07,Sparkling,Hospitality,QLD,34048.850000,10508,14226.460000,34028.010000
2024,2024-07,Sparkling,Hospitality,VIC,33271.220000,10019,14189.460000,33008.090000
2024,2024-07,Sparkling,Independent retail,NSW,94244.820000,25671,45466.730000,96366.650000
2024,2024-07,Sparkling,Independent retail,QLD,89849.220000,24462,43758.200000,92641.400000
2024,2024-07,Sparkling,Independent retail,VIC,89289.030000,24678,43046.790000,89841.390000
2024,2024-07,Sparkling,Petrol,NSW,103554.450000,25911,54535.310000,103860.400000
2024,2024-07,Sparkling,Petrol,QLD,97340.630000,24383,52117.620000,99901.890000
2024,2024-07,Sparkling,Petrol,VIC,94554.130000,23481,50377.180000,96827.570000
2024,2024-07,Sports,Convenience,NSW,67693.270000,13407,35193.240000,62903.110000
2024,2024-07,Sports,Convenience,QLD,65591.970000,13264,33658.520000,60396.030000
2024,2024-07,Sports,Convenience,VIC,62078.940000,12484,31955.150000,58614.110000
2024,2024-07,Sports,Grocery,NSW,165479.320000,36847,77312.550000,156048.470000
2024,2024-07,Sports,Grocery,QLD,155498.210000,35087,70718.870000,150052.030000
2024,2024-07,Sports,Grocery,VIC,153323.890000,33788,71593.770000,145558.230000
2024,2024-07,Sports,Hospitality,NSW,20048.540000,4814,8436.540000,19613.080000
2024,2024-07,Sports,Hospitality,QLD,19956.430000,5005,7864.570000,18686.600000
2024,2024-07,Sports,Hospitality,VIC,19371.700000,4691,7924.790000,18176.670000
2024,2024-07,Sports,Independent retail,NSW,57315.240000,12998,25976.970000,53048.430000
2024,2024-07,Sports,Independent retail,QLD,54389.420000,12104,25097.840000,50940.570000
2024,2024-07,Sports,Independent retail,VIC,52323.030000,11971,23586.440000,49474.610000
2024,2024-07,Sports,Petrol,NSW,61215.800000,12719,30815.770000,57583.160000
2024,2024-07,Sports,Petrol,QLD,57811.200000,11374,30355.190000,55285.830000
2024,2024-07,Sports,Petrol,VIC,56675.630000,11548,29225.800000,53646.710000
2024,2024-07,Water,Convenience,NSW,73923.550000,23262,35964.080000,74907.880000
2024,2024-07,Water,Convenience,QLD,71098.180000,21772,35307.580000,72013.440000
2024,2024-07,Water,Convenience,VIC,68578.280000,21161,33924.810000,69875.260000
2024,2024-07,Water,Grocery,NSW,191326.530000,70284,73863.940000,186721.860000
2024,2024-07,Water,Grocery,QLD,172785.780000,63326,68008.220000,179519.150000
2024,2024-07,Water,Grocery,VIC,169921.520000,62788,65489.960000,174152.380000
2024,2024-07,Water,Hospitality,NSW,23436.230000,9432,7817.220000,23354.880000
2024,2024-07,Water,Hospitality,QLD,22397.710000,8888,7928.560000,22456.880000
2024,2024-07,Water,Hospitality,VIC,21420.770000,8636,7277.830000,21768.560000
2024,2024-07,Water,Independent retail,NSW,62830.360000,21701,27161.100000,63594.960000
2024,2024-07,Water,Independent retail,QLD,62956.590000,21690,26682.750000,61101.270000
2024,2024-07,Water,Independent retail,VIC,58492.110000,19629,25406.540000,59328.630000
2024,2024-07,Water,Petrol,NSW,68037.830000,21704,31973.380000,68324.370000
2024,2024-07,Water,Petrol,QLD,64826.260000,21237,29420.960000,65712.700000
2024,2024-07,Water,Petrol,VIC,63578.290000,20552,29161.920000,63726.830000
2024,2024-08,Coffee,Convenience,NSW,26259.480000,4221,11277.110000,37172.140000
2024,2024-08,Coffee,Convenience,QLD,25142.220000,4106,10750.460000,35747.020000
2024,2024-08,Coffee,Convenience,VIC,24698.060000,4025,10480.430000,34682.420000
2024,2024-08,Coffee,Grocery,NSW,66998.240000,12102,24514.790000,92454.470000
2024,2024-08,Coffee,Grocery,QLD,63655.300000,11697,22206.640000,88887.960000
2024,2024-08,Coffee,Grocery,VIC,64080.450000,11525,23186.710000,86212.240000
2024,2024-08,Coffee,Hospitality,NSW,8358.550000,1663,2548.330000,11673.410000
2024,2024-08,Coffee,Hospitality,QLD,7966.380000,1637,2227.540000,11137.900000
2024,2024-08,Coffee,Hospitality,VIC,7957.620000,1593,2320.830000,10930.590000
2024,2024-08,Coffee,Independent retail,NSW,22824.840000,4219,7999.890000,31393.950000
2024,2024-08,Coffee,Independent retail,QLD,21595.110000,3824,7963.240000,30194.320000
2024,2024-08,Coffee,Independent retail,VIC,21209.960000,3914,7523.200000,29238.080000
2024,2024-08,Coffee,Petrol,NSW,24038.140000,3999,9998.850000,33888.870000
2024,2024-08,Coffee,Petrol,QLD,23335.100000,3782,10105.510000,32636.500000
2024,2024-08,Coffee,Petrol,VIC,23547.990000,3862,10019.360000,31623.040000
2024,2024-08,Energy,Convenience,NSW,81567.090000,15080,48899.720000,111614.710000
2024,2024-08,Energy,Convenience,QLD,81781.830000,14826,49639.480000,107333.290000
2024,2024-08,Energy,Convenience,VIC,77628.290000,14078,46955.670000,104112.580000
2024,2024-08,Energy,Grocery,NSW,318106.660000,65328,170190.990000,277870.100000
2024,2024-08,Energy,Grocery,QLD,314549.070000,66220,166225.090000,267169.860000
2024,2024-08,Energy,Grocery,VIC,293110.780000,61105,156755.340000,259167.030000
2024,2024-08,Energy,Hospitality,NSW,40041.520000,9035,19767.600000,34825.840000
2024,2024-08,Energy,Hospitality,QLD,38312.760000,8709,19000.500000,33500.800000
2024,2024-08,Energy,Hospitality,VIC,37570.070000,8596,18378.410000,32510.270000
2024,2024-08,Energy,Independent retail,NSW,108087.110000,21912,60133.700000,94415.040000
2024,2024-08,Energy,Independent retail,QLD,104202.750000,21001,58348.840000,90802.010000
2024,2024-08,Energy,Independent retail,VIC,96993.660000,19639,54093.270000,88061.570000
2024,2024-08,Energy,Petrol,NSW,116573.240000,21289,69576.950000,101840.620000
2024,2024-08,Energy,Petrol,QLD,110054.360000,20134,64458.910000,97897.900000
2024,2024-08,Energy,Petrol,VIC,109159.250000,19926,64381.660000,94998.050000
2024,2024-08,Sparkling,Convenience,NSW,113131.820000,27296,62150.700000,115964.240000
2024,2024-08,Sparkling,Convenience,QLD,111213.030000,26466,61224.780000,111500.210000
2024,2024-08,Sparkling,Convenience,VIC,105619.780000,25283,58349.840000,108157.780000
2024,2024-08,Sparkling,Grocery,NSW,284318.170000,81314,131365.990000,288315.020000
2024,2024-08,Sparkling,Grocery,QLD,271547.070000,76245,128594.860000,277239.620000
2024,2024-08,Sparkling,Grocery,VIC,266620.500000,75109,124759.800000,268885.320000
2024,2024-08,Sparkling,Hospitality,NSW,35684.190000,10977,15013.360000,36063.870000
2024,2024-08,Sparkling,Hospitality,QLD,35607.810000,10724,15426.360000,34678.910000
2024,2024-08,Sparkling,Hospitality,VIC,32885.900000,9986,14144.410000,33647.680000
2024,2024-08,Sparkling,Independent retail,NSW,96953.330000,26234,48067.750000,98104.170000
2024,2024-08,Sparkling,Independent retail,QLD,92445.640000,25073,44805.440000,94340.080000
2024,2024-08,Sparkling,Independent retail,VIC,90802.080000,24267,44880.820000,91510.850000
2024,2024-08,Sparkling,Petrol,NSW,104147.690000,26011,54734.750000,105737.090000
2024,2024-08,Sparkling,Petrol,QLD,101848.160000,25792,53167.090000,101660.460000
2024,2024-08,Sparkling,Petrol,VIC,95893.030000,24114,50033.520000,98609.870000
2024,2024-08,Sports,Convenience,NSW,64813.120000,12650,34745.700000,63992.780000
2024,2024-08,Sports,Convenience,QLD,64339.050000,12139,34624.970000,61565.680000
2024,2024-08,Sports,Convenience,VIC,62201.910000,11783,33755.080000,59706.050000
2024,2024-08,Sports,Grocery,NSW,168524.950000,39288,73403.800000,158919.010000
2024,2024-08,Sports,Grocery,QLD,160440.000000,37146,71992.040000,152819.760000
2024,2024-08,Sports,Grocery,VIC,153766.760000,35997,67318.550000,148227.380000
2024,2024-08,Sports,Hospitality,NSW,21028.600000,5405,8173.090000,19890.320000
2024,2024-08,Sports,Hospitality,QLD,19825.600000,4886,8221.660000,19152.870000
2024,2024-08,Sports,Hospitality,VIC,19783.390000,4958,7969.600000,18579.030000
2024,2024-08,Sports,Independent retail,NSW,55508.640000,11897,26880.570000,54008.280000
2024,2024-08,Sports,Independent retail,QLD,54197.620000,11941,25236.360000,51937.090000
2024,2024-08,Sports,Independent retail,VIC,53254.730000,11411,25556.180000,50376.130000
2024,2024-08,Sports,Petrol,NSW,62824.900000,12575,31943.830000,58570.500000
2024,2024-08,Sports,Petrol,QLD,59074.290000,12399,29248.610000,56322.280000
2024,2024-08,Sports,Petrol,VIC,55990.960000,11543,27958.520000,54621.710000
2024,2024-08,Water,Convenience,NSW,78691.580000,24875,37192.640000,76283.450000
2024,2024-08,Water,Convenience,QLD,72422.800000,23077,34281.130000,73349.730000
2024,2024-08,Water,Convenience,VIC,70766.620000,22563,33242.520000,71153.920000
2024,2024-08,Water,Grocery,NSW,186202.710000,65935,77630.180000,190142.980000
2024,2024-08,Water,Grocery,QLD,182300.200000,64853,73182.210000,182844.840000
2024,2024-08,Water,Grocery,VIC,175246.370000,61385,72441.930000,177339.010000
2024,2024-08,Water,Hospitality,NSW,24225.550000,9243,8806.770000,23797.920000
2024,2024-08,Water,Hospitality,QLD,22590.150000,9001,7624.350000,22889.250000
2024,2024-08,Water,Hospitality,VIC,22483.850000,8718,7844.110000,22217.150000
2024,2024-08,Water,Independent retail,NSW,64446.670000,23405,25894.620000,64729.210000
2024,2024-08,Water,Independent retail,QLD,61585.670000,21722,25711.510000,62234.510000
2024,2024-08,Water,Independent retail,VIC,59262.420000,21279,24071.330000,60370.380000
2024,2024-08,Water,Petrol,NSW,70697.730000,23029,32732.060000,69603.410000
2024,2024-08,Water,Petrol,QLD,66913.960000,21056,32092.120000,66934.860000
2024,2024-08,Water,Petrol,VIC,63674.720000,20286,30162.560000,64929.580000
2024,2024-09,Coffee,Convenience,NSW,30604.180000,4580,13870.740000,41859.990000
2024,2024-09,Coffee,Convenience,QLD,29089.420000,4368,13038.560000,40236.980000
2024,2024-09,Coffee,Convenience,VIC,28586.310000,4181,13045.610000,39025.010000
2024,2024-09,Coffee,Grocery,NSW,76679.630000,13891,25714.690000,103963.510000
2024,2024-09,Coffee,Grocery,QLD,73570.500000,12839,26233.150000,100010.990000
2024,2024-09,Coffee,Grocery,VIC,69980.110000,12543,24027.090000,96946.570000
2024,2024-09,Coffee,Hospitality,NSW,9886.350000,1930,2838.000000,13151.480000
2024,2024-09,Coffee,Hospitality,QLD,9472.050000,1778,2943.090000,12571.140000
2024,2024-09,Coffee,Hospitality,VIC,9083.810000,1733,2732.980000,12251.850000
2024,2024-09,Coffee,Independent retail,NSW,25900.880000,4300,10021.090000,35321.840000
2024,2024-09,Coffee,Independent retail,QLD,24957.800000,4230,9184.890000,33968.960000
2024,2024-09,Coffee,Independent retail,VIC,24500.340000,4105,9270.790000,32956.910000
2024,2024-09,Coffee,Petrol,NSW,28512.250000,4468,11906.620000,38112.220000
2024,2024-09,Coffee,Petrol,QLD,26540.960000,4277,10843.830000,36654.440000
2024,2024-09,Coffee,Petrol,VIC,26541.490000,4228,10906.480000,35574.810000
2024,2024-09,Energy,Convenience,NSW,84057.630000,14890,50817.540000,115625.590000
2024,2024-09,Energy,Convenience,QLD,84751.620000,15331,50552.590000,111167.950000
2024,2024-09,Energy,Convenience,VIC,80136.280000,14480,48101.070000,107838.480000
2024,2024-09,Energy,Grocery,NSW,320943.750000,66490,174855.540000,287844.270000
2024,2024-09,Energy,Grocery,QLD,317355.110000,64528,173731.420000,276775.620000
2024,2024-09,Energy,Grocery,VIC,302321.010000,62766,164989.060000,268435.570000
2024,2024-09,Energy,Hospitality,NSW,41378.950000,9337,20942.660000,36084.100000
2024,2024-09,Energy,Hospitality,QLD,40027.490000,8947,20037.350000,34683.830000
2024,2024-09,Energy,Hospitality,VIC,37561.820000,8324,19088.360000,33649.800000
2024,2024-09,Energy,Independent retail,NSW,110320.400000,22316,60466.200000,97820.530000
2024,2024-09,Energy,Independent retail,QLD,108513.380000,22212,59038.470000,94036.490000
2024,2024-09,Energy,Independent retail,VIC,103616.360000,21041,56530.320000,91224.970000
2024,2024-09,Energy,Petrol,NSW,123956.700000,23288,72175.000000,105510.650000
2024,2024-09,Energy,Petrol,QLD,114626.320000,21308,68052.360000,101445.590000
2024,2024-09,Energy,Petrol,VIC,113165.380000,21268,66610.910000,98408.780000
2024,2024-09,Sparkling,Convenience,NSW,116487.200000,28317,62834.070000,119256.660000
2024,2024-09,Sparkling,Convenience,QLD,115829.100000,28167,62699.700000,114677.510000
2024,2024-09,Sparkling,Convenience,VIC,111648.510000,26972,60141.750000,111231.190000
2024,2024-09,Sparkling,Grocery,NSW,297042.060000,82186,142582.250000,296482.200000
2024,2024-09,Sparkling,Grocery,QLD,288445.950000,80753,134398.170000,285109.760000
2024,2024-09,Sparkling,Grocery,VIC,269301.050000,74942,127918.190000,276535.110000
2024,2024-09,Sparkling,Hospitality,NSW,37376.000000,11212,16063.110000,37095.510000
2024,2024-09,Sparkling,Hospitality,QLD,35720.680000,11064,14886.670000,35680.480000
2024,2024-09,Sparkling,Hospitality,VIC,34551.190000,10602,14479.140000,34587.550000
2024,2024-09,Sparkling,Independent retail,NSW,98517.190000,27389,47364.390000,100898.720000
2024,2024-09,Sparkling,Independent retail,QLD,96848.750000,26100,47730.200000,97017.500000
2024,2024-09,Sparkling,Independent retail,VIC,91736.440000,25233,44410.360000,94102.990000
2024,2024-09,Sparkling,Petrol,NSW,106622.260000,26786,56753.670000,108739.370000
2024,2024-09,Sparkling,Petrol,QLD,102688.780000,25425,55035.230000,104562.210000
2024,2024-09,Sparkling,Petrol,VIC,101158.010000,25053,54124.870000,101419.950000
2024,2024-09,Sports,Convenience,NSW,70353.230000,13993,36272.600000,65824.600000
2024,2024-09,Sports,Convenience,QLD,68587.270000,13568,35702.390000,63301.550000
2024,2024-09,Sports,Convenience,VIC,63778.740000,12924,32709.090000,61401.810000
2024,2024-09,Sports,Grocery,NSW,170897.090000,37392,80131.340000,163452.300000
2024,2024-09,Sports,Grocery,QLD,166663.420000,38419,73968.820000,157152.530000
2024,2024-09,Sports,Grocery,VIC,161179.730000,36168,73837.830000,152440.850000
2024,2024-09,Sports,Hospitality,NSW,21463.580000,5219,8827.770000,20463.590000
2024,2024-09,Sports,Hospitality,QLD,21201.360000,5382,8220.850000,19664.270000
2024,2024-09,Sports,Hospitality,VIC,20222.140000,5015,7983.340000,19074.140000
2024,2024-09,Sports,Independent retail,NSW,59301.270000,13479,26862.340000,55538.350000
2024,2024-09,Sports,Independent retail,QLD,55621.920000,12503,26179.770000,53407.890000
2024,2024-09,Sports,Independent retail,VIC,54870.640000,12406,25235.330000,51807.060000
2024,2024-09,Sports,Petrol,NSW,62996.620000,12928,32374.610000,60236.220000
2024,2024-09,Sports,Petrol,QLD,59382.190000,11656,31218.820000,57916.840000
2024,2024-09,Sports,Petrol,VIC,58932.580000,11628,30923.770000,56175.330000
2024,2024-09,Water,Convenience,NSW,77792.510000,23833,38524.260000,78447.140000
2024,2024-09,Water,Convenience,QLD,73920.280000,22704,36231.300000,75447.070000
2024,2024-09,Water,Convenience,VIC,74088.860000,22291,36929.550000,73160.820000
2024,2024-09,Water,Grocery,NSW,190330.540000,70769,72796.190000,195556.080000
2024,2024-09,Water,Grocery,QLD,183450.990000,66445,74182.150000,188018.000000
2024,2024-09,Water,Grocery,VIC,176317.180000,65341,68626.890000,182410.240000
2024,2024-09,Water,Hospitality,NSW,24778.250000,9930,8380.870000,24477.020000
2024,2024-09,Water,Hospitality,QLD,24296.130000,9365,8848.050000,23541.990000
2024,2024-09,Water,Hospitality,VIC,23307.080000,9199,8196.100000,22835.740000
2024,2024-09,Water,Independent retail,NSW,65410.200000,22323,28456.970000,66559.800000
2024,2024-09,Water,Independent retail,QLD,61201.950000,21615,25297.430000,63999.440000
2024,2024-09,Water,Independent retail,VIC,60034.310000,20602,25687.350000,62092.650000
2024,2024-09,Water,Petrol,NSW,70830.450000,22548,32675.240000,71588.040000
2024,2024-09,Water,Petrol,QLD,70046.830000,23098,31592.920000,68833.210000
2024,2024-09,Water,Petrol,VIC,67097.400000,22007,30430.170000,66779.360000
2024,2024-10,Coffee,Convenience,NSW,37390.750000,5568,16196.480000,49872.040000
2024,2024-10,Coffee,Convenience,QLD,35590.990000,5244,15704.170000,47950.740000
2024,2024-10,Coffee,Convenience,VIC,33732.830000,5003,14688.390000,46480.980000
2024,2024-10,Coffee,Grocery,NSW,91212.960000,15094,33565.350000,123856.420000
2024,2024-10,Coffee,Grocery,QLD,88987.310000,15152,31062.520000,119122.090000
2024,2024-10,Coffee,Grocery,VIC,83177.560000,14100,29672.620000,115534.670000
2024,2024-10,Coffee,Hospitality,NSW,11458.260000,2118,3454.030000,15580.230000
2024,2024-10,Coffee,Hospitality,QLD,11044.300000,2092,3130.390000,14999.000000
2024,2024-10,Coffee,Hospitality,VIC,10835.260000,2023,3168.920000,14572.530000
2024,2024-10,Coffee,Independent retail,NSW,30932.520000,5232,11206.650000,42107.330000
2024,2024-10,Coffee,Independent retail,QLD,29804.480000,4855,11374.210000,40481.130000
2024,2024-10,Coffee,Independent retail,VIC,29179.860000,4885,10762.840000,39259.250000
2024,2024-10,Coffee,Petrol,NSW,33664.390000,5069,14499.600000,45448.440000
2024,2024-10,Coffee,Petrol,QLD,31867.070000,4702,13876.460000,43735.830000
2024,2024-10,Coffee,Petrol,VIC,32320.680000,4763,14153.750000,42391.430000
2024,2024-10,Energy,Convenience,NSW,94610.280000,17055,57280.280000,130324.010000
2024,2024-10,Energy,Convenience,QLD,92674.100000,16682,56449.430000,125311.170000
2024,2024-10,Energy,Convenience,VIC,88084.810000,15997,53487.370000,121537.990000
2024,2024-10,Energy,Grocery,NSW,375754.930000,77179,201532.690000,324477.000000
2024,2024-10,Energy,Grocery,QLD,367286.060000,77316,196084.760000,312016.570000
2024,2024-10,Energy,Grocery,VIC,345120.040000,72484,183479.750000,302659.220000
2024,2024-10,Energy,Hospitality,NSW,46645.140000,10605,22952.380000,40670.460000
2024,2024-10,Energy,Hospitality,QLD,44654.940000,10110,22468.610000,39123.680000
2024,2024-10,Energy,Hospitality,VIC,44197.610000,10010,21838.320000,37927.770000
2024,2024-10,Energy,Independent retail,NSW,124548.390000,25455,69457.920000,110261.690000
2024,2024-10,Energy,Independent retail,QLD,117588.090000,23558,65433.840000,106018.750000
2024,2024-10,Energy,Independent retail,VIC,118510.410000,23630,66415.650000,102805.390000
2024,2024-10,Energy,Petrol,NSW,135500.910000,24494,80278.560000,118905.600000
2024,2024-10,Energy,Petrol,QLD,134534.570000,24806,78741.390000,114317.320000
2024,2024-10,Energy,Petrol,VIC,127802.050000,23609,75091.140000,110877.170000
2024,2024-10,Sparkling,Convenience,NSW,131906.060000,31614,72796.120000,133725.480000
2024,2024-10,Sparkling,Convenience,QLD,125849.480000,30269,68461.280000,128596.820000
2024,2024-10,Sparkling,Convenience,VIC,124475.480000,29652,68628.370000,124732.740000
2024,2024-10,Sparkling,Grocery,NSW,336378.110000,94360,156686.530000,332475.020000
2024,2024-10,Sparkling,Grocery,QLD,314019.850000,88412,149748.850000,319696.740000
2024,2024-10,Sparkling,Grocery,VIC,308703.430000,86641,146017.810000,310125.970000
2024,2024-10,Sparkling,Hospitality,NSW,42027.770000,12769,17964.880000,41590.860000
2024,2024-10,Sparkling,Hospitality,QLD,39163.880000,11763,17032.520000,39996.450000
2024,2024-10,Sparkling,Hospitality,VIC,37557.160000,11420,16191.900000,38806.860000
2024,2024-10,Sparkling,Independent retail,NSW,112484.970000,29993,55641.120000,113144.520000
2024,2024-10,Sparkling,Independent retail,QLD,107856.480000,29222,51834.230000,108805.190000
2024,2024-10,Sparkling,Independent retail,VIC,103314.490000,27825,50472.930000,105534.670000
2024,2024-10,Sparkling,Petrol,NSW,120145.190000,30360,62685.310000,121933.810000
2024,2024-10,Sparkling,Petrol,QLD,115313.400000,29211,60382.530000,117253.920000
2024,2024-10,Sparkling,Petrol,VIC,116081.830000,29347,60461.550000,113741.000000
2024,2024-10,Sports,Convenience,NSW,77211.350000,14687,41843.630000,73833.100000
2024,2024-10,Sports,Convenience,QLD,74002.070000,14279,39058.520000,70984.290000
2024,2024-10,Sports,Convenience,VIC,71799.490000,13537,38708.870000,68856.290000
2024,2024-10,Sports,Grocery,NSW,195391.970000,46330,85091.850000,183271.810000
2024,2024-10,Sports,Grocery,QLD,183821.520000,41604,84519.800000,176216.320000
2024,2024-10,Sports,Grocery,VIC,183679.010000,42673,81689.550000,170947.690000
2024,2024-10,Sports,Hospitality,NSW,24683.460000,6205,9829.610000,22939.440000
2024,2024-10,Sports,Hospitality,QLD,23033.720000,5516,9729.520000,22065.380000
2024,2024-10,Sports,Hospitality,VIC,22247.070000,5517,9186.770000,21393.580000
2024,2024-10,Sports,Independent retail,NSW,65129.490000,13887,31346.620000,62275.670000
2024,2024-10,Sports,Independent retail,QLD,63024.090000,14137,28848.990000,59883.130000
2024,2024-10,Sports,Independent retail,VIC,60940.720000,13236,28651.420000,58084.710000
2024,2024-10,Sports,Petrol,NSW,70270.510000,14476,35243.270000,67522.450000
2024,2024-10,Sports,Petrol,QLD,69508.640000,14540,34734.600000,64942.280000
2024,2024-10,Sports,Petrol,VIC,66719.360000,13861,33050.170000,62982.940000
2024,2024-10,Water,Convenience,NSW,87362.640000,27833,41157.630000,87958.360000
2024,2024-10,Water,Convenience,QLD,86132.710000,27578,41125.680000,84585.500000
2024,2024-10,Water,Convenience,VIC,81257.110000,25802,38316.900000,82049.720000
2024,2024-10,Water,Grocery,NSW,219502.700000,77126,91127.760000,219277.370000
2024,2024-10,Water,Grocery,QLD,207237.770000,76633,81170.800000,210825.130000
2024,2024-10,Water,Grocery,VIC,196442.100000,70923,79127.600000,204502.300000
2024,2024-10,Water,Hospitality,NSW,27698.930000,10714,9759.810000,27449.410000
2024,2024-10,Water,Hospitality,QLD,26322.910000,10590,8786.510000,26400.910000
2024,2024-10,Water,Hospitality,VIC,25384.760000,10048,8650.020000,25602.640000
2024,2024-10,Water,Independent retail,NSW,74304.440000,26775,30062.850000,74649.010000
2024,2024-10,Water,Independent retail,QLD,69743.960000,24331,29661.600000,71787.210000
2024,2024-10,Water,Independent retail,VIC,70451.840000,25120,29017.210000,69621.480000
2024,2024-10,Water,Petrol,NSW,80083.180000,25660,37783.110000,80271.270000
2024,2024-10,Water,Petrol,QLD,78348.700000,24325,37514.260000,77196.490000
2024,2024-10,Water,Petrol,VIC,73119.690000,23091,35004.480000,74876.390000
2024,2024-11,Coffee,Convenience,NSW,42308.350000,5846,19473.240000,54468.970000
2024,2024-11,Coffee,Convenience,QLD,38946.550000,5568,17241.380000,52348.190000
2024,2024-11,Coffee,Convenience,VIC,37405.810000,5292,16976.950000,50799.400000
2024,2024-11,Coffee,Grocery,NSW,100219.490000,16646,34955.460000,135292.950000
2024,2024-11,Coffee,Grocery,QLD,99700.770000,16087,36744.470000,130092.020000
2024,2024-11,Coffee,Grocery,VIC,92302.650000,15515,33022.810000,126176.560000
2024,2024-11,Coffee,Hospitality,NSW,13163.550000,2383,3977.600000,17070.650000
2024,2024-11,Coffee,Hospitality,QLD,12543.170000,2247,3983.820000,16401.700000
2024,2024-11,Coffee,Hospitality,VIC,12084.070000,2171,3765.210000,15867.750000
2024,2024-11,Coffee,Independent retail,NSW,33845.480000,5381,13014.610000,45990.610000
2024,2024-11,Coffee,Independent retail,QLD,32977.930000,5373,12049.240000,44183.170000
2024,2024-11,Coffee,Independent retail,VIC,31981.360000,5165,11917.760000,42899.160000
2024,2024-11,Coffee,Petrol,NSW,35671.560000,5433,14806.570000,49659.170000
2024,2024-11,Coffee,Petrol,QLD,35888.050000,5435,14993.440000,47706.260000
2024,2024-11,Coffee,Petrol,VIC,33588.620000,5164,13807.060000,46323.560000
2024,2024-11,Energy,Convenience,NSW,102880.700000,18348,61862.180000,136888.630000
2024,2024-11,Energy,Convenience,QLD,98996.710000,18245,58922.580000,131624.330000
2024,2024-11,Energy,Convenience,VIC,97504.900000,17559,58432.350000,127681.060000
2024,2024-11,Energy,Grocery,NSW,382711.330000,78739,209454.510000,340832.360000
2024,2024-11,Energy,Grocery,QLD,373049.660000,76408,201141.390000,327743.020000
2024,2024-11,Energy,Grocery,VIC,366122.900000,75693,200712.320000,317857.270000
2024,2024-11,Energy,Hospitality,NSW,48620.620000,10856,24772.910000,42702.090000
2024,2024-11,Energy,Hospitality,QLD,47010.500000,10579,23270.550000,41054.040000
2024,2024-11,Energy,Hospitality,VIC,46849.640000,10332,23464.200000,39832.380000
2024,2024-11,Energy,Independent retail,NSW,135870.600000,27422,74359.780000,115821.510000
2024,2024-11,Energy,Independent retail,QLD,124849.060000,25451,68847.700000,111354.990000
2024,2024-11,Energy,Independent retail,VIC,123300.960000,25350,67058.600000,108009.360000
2024,2024-11,Energy,Petrol,NSW,146534.690000,26957,86295.960000,124962.660000
2024,2024-11,Energy,Petrol,QLD,137485.710000,25031,81874.000000,120132.020000
2024,2024-11,Energy,Petrol,VIC,136951.580000,25378,81329.440000,116538.520000
2024,2024-11,Sparkling,Convenience,NSW,138209.400000,34188,74125.670000,139929.000000
2024,2024-11,Sparkling,Convenience,QLD,131145.330000,31768,71891.950000,134579.380000
2024,2024-11,Sparkling,Convenience,VIC,128709.640000,31192,69732.080000,130544.510000
2024,2024-11,Sparkling,Grocery,NSW,345792.960000,94793,165444.880000,347957.260000
2024,2024-11,Sparkling,Grocery,QLD,339314.620000,95930,157253.850000,334540.480000
2024,2024-11,Sparkling,Grocery,VIC,314894.360000,88464,147689.910000,324571.310000
2024,2024-11,Sparkling,Hospitality,NSW,43420.460000,13243,18257.170000,43521.600000
2024,2024-11,Sparkling,Hospitality,QLD,42054.750000,13035,17540.410000,41856.850000
2024,2024-11,Sparkling,Hospitality,VIC,40044.340000,12433,16672.740000,40599.670000
2024,2024-11,Sparkling,Independent retail,NSW,115089.060000,31829,55473.530000,118373.920000
2024,2024-11,Sparkling,Independent retail,QLD,114138.090000,30598,56355.220000,113855.040000
2024,2024-11,Sparkling,Independent retail,VIC,111111.700000,29890,54682.490000,110435.660000
2024,2024-11,Sparkling,Petrol,NSW,125965.690000,31343,67271.340000,127621.160000
2024,2024-11,Sparkling,Petrol,QLD,123651.290000,30258,66013.860000,122689.440000
2024,2024-11,Sparkling,Petrol,VIC,116365.910000,28650,62465.750000,119015.730000
2024,2024-11,Sports,Convenience,NSW,82727.770000,16883,42328.360000,77262.780000
2024,2024-11,Sports,Convenience,QLD,76841.820000,15051,40571.830000,74289.220000
2024,2024-11,Sports,Convenience,VIC,74427.300000,15046,38326.810000,72042.380000
2024,2024-11,Sports,Grocery,NSW,197679.310000,43723,91690.480000,191809.220000
2024,2024-11,Sports,Grocery,QLD,189620.520000,44083,82818.450000,184413.810000
2024,2024-11,Sports,Grocery,VIC,191680.160000,43219,85894.820000,178885.530000
2024,2024-11,Sports,Hospitality,NSW,25404.340000,6208,10175.310000,24003.980000
2024,2024-11,Sports,Hospitality,QLD,24531.260000,6314,9426.390000,23085.650000
2024,2024-11,Sports,Hospitality,VIC,24285.490000,6080,9450.210000,22396.090000
2024,2024-11,Sports,Independent retail,NSW,69785.360000,15849,31861.110000,65178.030000
2024,2024-11,Sports,Independent retail,QLD,67276.580000,14570,32291.400000,62686.370000
2024,2024-11,Sports,Independent retail,VIC,63435.050000,14286,29628.060000,60798.770000
2024,2024-11,Sports,Petrol,NSW,74775.860000,14915,39026.470000,70692.260000
2024,2024-11,Sports,Petrol,QLD,70537.420000,13990,36732.460000,67967.080000
2024,2024-11,Sports,Petrol,VIC,69059.000000,13645,36333.420000,65927.990000
2024,2024-11,Water,Convenience,NSW,93178.070000,28153,46468.930000,92063.590000
2024,2024-11,Water,Convenience,QLD,89734.330000,27552,43281.760000,88519.990000
2024,2024-11,Water,Convenience,VIC,86391.410000,26038,42769.780000,85870.390000
2024,2024-11,Water,Grocery,NSW,224573.880000,83186,87317.390000,229470.660000
2024,2024-11,Water,Grocery,QLD,216958.550000,77530,89262.650000,220639.710000
2024,2024-11,Water,Grocery,VIC,214529.000000,78878,85505.470000,214000.830000
2024,2024-11,Water,Hospitality,NSW,28605.700000,11526,9881.930000,28736.490000
2024,2024-11,Water,Hospitality,QLD,28208.540000,10670,10411.510000,27624.240000
2024,2024-11,Water,Hospitality,VIC,26040.840000,10144,9402.890000,26799.180000
2024,2024-11,Water,Independent retail,NSW,76794.480000,26112,33099.700000,78105.860000
2024,2024-11,Water,Independent retail,QLD,76242.930000,26991,31050.590000,75102.800000
2024,2024-11,Water,Independent retail,VIC,73609.350000,25795,30637.560000,72841.310000
2024,2024-11,Water,Petrol,NSW,86331.870000,27925,39353.010000,84004.450000
2024,2024-11,Water,Petrol,QLD,80941.300000,26865,36738.460000,80786.870000
2024,2024-11,Water,Petrol,VIC,77302.890000,25807,34688.660000,78349.750000
2024,2024-12,Coffee,Convenience,NSW,45263.860000,6549,19567.500000,61307.670000
2024,2024-12,Coffee,Convenience,QLD,43361.490000,6133,19530.020000,58974.190000
2024,2024-12,Coffee,Convenience,VIC,42579.690000,6091,18809.270000,57191.470000
2024,2024-12,Coffee,Grocery,NSW,115372.900000,18726,41791.800000,152394.660000
2024,2024-12,Coffee,Grocery,QLD,109979.560000,18169,38138.570000,146534.500000
2024,2024-12,Coffee,Grocery,VIC,105219.930000,17182,37223.090000,142123.140000
2024,2024-12,Coffee,Hospitality,NSW,14544.530000,2574,4327.950000,19204.080000
2024,2024-12,Coffee,Hospitality,QLD,13681.240000,2492,3929.930000,18473.240000
2024,2024-12,Coffee,Hospitality,VIC,13503.450000,2444,3922.070000,17905.840000
2024,2024-12,Coffee,Independent retail,NSW,38964.950000,6250,14482.600000,51769.510000
2024,2024-12,Coffee,Independent retail,QLD,37229.550000,5769,14495.060000,49848.250000
2024,2024-12,Coffee,Independent retail,VIC,36371.000000,5833,13861.060000,48342.690000
2024,2024-12,Coffee,Petrol,NSW,42135.480000,6112,18446.200000,55931.510000
2024,2024-12,Coffee,Petrol,QLD,40860.280000,5868,17601.190000,53774.970000
2024,2024-12,Coffee,Petrol,VIC,39597.420000,5625,17411.040000,52159.040000
2024,2024-12,Energy,Convenience,NSW,111481.880000,20029,67779.300000,150080.360000
2024,2024-12,Energy,Convenience,QLD,106069.560000,18787,64656.050000,144322.660000
2024,2024-12,Energy,Convenience,VIC,102205.280000,18625,62045.350000,140001.210000
2024,2024-12,Energy,Grocery,NSW,431299.380000,89938,229545.930000,373585.390000
2024,2024-12,Energy,Grocery,QLD,402278.230000,84293,217780.090000,359224.780000
2024,2024-12,Energy,Grocery,VIC,401534.550000,84380,213237.120000,348430.060000
2024,2024-12,Energy,Hospitality,NSW,53905.470000,12319,26561.110000,46857.080000
2024,2024-12,Energy,Hospitality,QLD,51647.620000,11708,26072.470000,45065.270000
2024,2024-12,Energy,Hospitality,VIC,49381.990000,11217,24787.010000,43718.660000
2024,2024-12,Energy,Independent retail,NSW,143169.500000,28931,79972.760000,126956.310000
2024,2024-12,Energy,Independent retail,QLD,139266.240000,27747,77111.250000,122058.310000
2024,2024-12,Energy,Independent retail,VIC,132933.280000,26413,74519.090000,118392.340000
2024,2024-12,Energy,Petrol,NSW,157379.430000,28827,92701.660000,136975.940000
2024,2024-12,Energy,Petrol,QLD,148394.340000,27878,86358.700000,131691.410000
2024,2024-12,Energy,Petrol,VIC,146145.980000,26892,85651.830000,127716.080000
2024,2024-12,Sparkling,Convenience,NSW,151291.300000,35921,83637.580000,152934.710000
2024,2024-12,Sparkling,Convenience,QLD,150142.150000,36257,81091.210000,147061.740000
2024,2024-12,Sparkling,Convenience,VIC,139950.000000,33643,76370.850000,142654.620000
2024,2024-12,Sparkling,Grocery,NSW,368140.270000,105824,172093.140000,380266.980000
2024,2024-12,Sparkling,Grocery,QLD,357971.540000,99633,171687.420000,365610.410000
2024,2024-12,Sparkling,Grocery,VIC,350489.670000,98096,166574.270000,354645.290000
2024,2024-12,Sparkling,Hospitality,NSW,47903.980000,14470,20645.430000,47585.020000
2024,2024-12,Sparkling,Hospitality,QLD,45551.270000,13717,19827.520000,45735.440000
2024,2024-12,Sparkling,Hospitality,VIC,43612.200000,13173,18973.360000,44380.910000
2024,2024-12,Sparkling,Independent retail,NSW,129857.700000,34747,63652.430000,129407.560000
2024,2024-12,Sparkling,Independent retail,QLD,122650.720000,33505,59105.470000,124431.120000
2024,2024-12,Sparkling,Independent retail,VIC,120172.230000,32661,57887.970000,120684.910000
2024,2024-12,Sparkling,Petrol,NSW,138954.820000,34801,72765.520000,139453.070000
2024,2024-12,Sparkling,Petrol,QLD,130715.580000,32914,68840.190000,134062.320000
2024,2024-12,Sparkling,Petrol,VIC,129694.210000,32719,67597.710000,130064.280000
2024,2024-12,Sports,Convenience,NSW,86834.050000,16347,46988.530000,84435.290000
2024,2024-12,Sports,Convenience,QLD,85578.220000,16755,44751.240000,81185.740000
2024,2024-12,Sports,Convenience,VIC,80363.410000,15493,42867.290000,78739.250000
2024,2024-12,Sports,Grocery,NSW,224984.380000,53455,98997.280000,209601.400000
2024,2024-12,Sports,Grocery,QLD,212076.150000,46824,99198.160000,201542.840000
2024,2024-12,Sports,Grocery,VIC,206593.310000,46941,94424.130000,195506.880000
2024,2024-12,Sports,Hospitality,NSW,28578.410000,7003,11728.730000,26245.690000
2024,2024-12,Sports,Hospitality,QLD,26621.420000,6381,11212.780000,25230.050000
2024,2024-12,Sports,Hospitality,VIC,25071.280000,6001,10576.010000,24486.440000
2024,2024-12,Sports,Independent retail,NSW,75155.670000,16158,35531.700000,71247.380000
2024,2024-12,Sports,Independent retail,QLD,72257.880000,16582,32699.160000,68481.330000
2024,2024-12,Sports,Independent retail,VIC,68842.290000,15343,31727.240000,66435.500000
2024,2024-12,Sports,Petrol,NSW,81171.370000,17058,40314.210000,77237.820000
2024,2024-12,Sports,Petrol,QLD,79435.460000,16486,39793.020000,74275.810000
2024,2024-12,Sports,Petrol,VIC,73586.870000,15514,36445.040000,72038.230000
2024,2024-12,Water,Convenience,NSW,99678.070000,31926,46771.720000,100621.450000
2024,2024-12,Water,Convenience,QLD,96589.800000,30255,47052.800000,96739.420000
2024,2024-12,Water,Convenience,VIC,94186.970000,30202,44661.030000,93843.780000
2024,2024-12,Water,Grocery,NSW,245261.790000,86700,100054.350000,250776.290000
2024,2024-12,Water,Grocery,QLD,239561.240000,87916,92623.320000,241114.760000
2024,2024-12,Water,Grocery,VIC,236577.480000,85143,93658.450000,233916.530000
2024,2024-12,Water,Hospitality,NSW,31688.090000,12336,10933.230000,31399.690000
2024,2024-12,Water,Hospitality,QLD,30028.100000,12063,10032.800000,30193.580000
2024,2024-12,Water,Hospitality,VIC,29962.170000,12039,10030.610000,29286.220000
2024,2024-12,Water,Independent retail,NSW,84965.890000,30571,34785.410000,85365.570000
2024,2024-12,Water,Independent retail,QLD,80533.980000,27863,34770.790000,82081.080000
2024,2024-12,Water,Independent retail,VIC,77425.110000,27599,32540.270000,79624.170000
2024,2024-12,Water,Petrol,NSW,91509.200000,29015,43651.570000,91809.910000
2024,2024-12,Water,Petrol,QLD,90031.460000,28350,42410.700000,88285.700000
2024,2024-12,Water,Petrol,VIC,86181.250000,26742,41391.800000,85626.390000
