RaceKey,DriverKey,Stop,Lap,DurationSeconds,TimeOfDay,DataClass,ConstructorKey,Laps,LapFraction,TimingEligible
202301,gasly,1,9,25.885000,18:18:56,PUBLIC_DERIVED,alpine,57,0.157895,1
202301,norris,1,10,32.766000,18:20:31,PUBLIC_DERIVED,mclaren,55,0.181818,1
202301,tsunoda,1,10,25.267000,18:20:34,PUBLIC_DERIVED,alphatauri,57,0.175439,1
202301,bottas,1,11,25.399000,18:22:06,PUBLIC_DERIVED,alfa,57,0.192982,1
202301,albon,1,11,25.054000,18:22:12,PUBLIC_DERIVED,williams,57,0.192982,1
202301,de_vries,1,11,25.018000,18:22:21,PUBLIC_DERIVED,alphatauri,56,0.196429,1
202301,hulkenberg,1,11,26.075000,18:22:21,PUBLIC_DERIVED,haas,56,0.196429,1
202301,hamilton,1,12,24.682000,18:23:40,PUBLIC_DERIVED,mercedes,57,0.210526,1
202301,ocon,1,12,24.966000,18:23:50,PUBLIC_DERIVED,alpine,41,0.292683,1
202301,sargeant,1,12,25.600000,18:23:55,PUBLIC_DERIVED,williams,56,0.214286,1
202301,zhou,1,12,25.787000,18:24:01,PUBLIC_DERIVED,alfa,56,0.214286,1
202301,leclerc,1,13,24.345000,18:25:06,PUBLIC_DERIVED,ferrari,39,0.333333,1
202301,sainz,1,13,24.500000,18:25:17,PUBLIC_DERIVED,ferrari,57,0.228070,1
202301,russell,1,13,27.062000,18:25:24,PUBLIC_DERIVED,mercedes,57,0.228070,1
202301,max_verstappen,1,14,24.289000,18:26:35,PUBLIC_DERIVED,red_bull,57,0.245614,1
202301,alonso,1,14,25.800000,18:27:02,PUBLIC_DERIVED,aston_martin,57,0.245614,1
202301,stroll,1,15,25.449000,18:28:45,PUBLIC_DERIVED,aston_martin,57,0.263158,1
202301,kevin_magnussen,1,15,25.439000,18:29:10,PUBLIC_DERIVED,haas,56,0.267857,1
202301,ocon,2,15,41.462000,18:29:11,PUBLIC_DERIVED,alpine,41,0.365854,1
202301,perez,1,17,24.264000,18:31:42,PUBLIC_DERIVED,red_bull,57,0.298246,1
202301,norris,2,17,33.661000,18:32:38,PUBLIC_DERIVED,mclaren,55,0.309091,1
202301,gasly,2,25,24.879000,18:45:48,PUBLIC_DERIVED,alpine,57,0.438596,1
202301,albon,2,26,24.920000,18:47:25,PUBLIC_DERIVED,williams,57,0.456140,1
202301,tsunoda,2,26,24.372000,18:47:26,PUBLIC_DERIVED,alphatauri,57,0.456140,1
202301,hulkenberg,2,26,37.769000,18:47:41,PUBLIC_DERIVED,haas,56,0.464286,1
202301,de_vries,2,27,25.234000,18:49:16,PUBLIC_DERIVED,alphatauri,56,0.482143,1
202301,norris,3,27,33.467000,18:49:35,PUBLIC_DERIVED,mclaren,55,0.490909,1
202301,bottas,2,29,25.643000,18:52:16,PUBLIC_DERIVED,alfa,57,0.508772,1
202301,kevin_magnussen,2,29,25.344000,18:52:40,PUBLIC_DERIVED,haas,56,0.517857,1
202301,hamilton,2,30,24.690000,18:53:36,PUBLIC_DERIVED,mercedes,57,0.526316,1
202301,stroll,2,30,24.639000,18:53:45,PUBLIC_DERIVED,aston_martin,57,0.526316,1
202301,sargeant,2,30,25.670000,18:54:09,PUBLIC_DERIVED,williams,56,0.535714,1
202301,sainz,2,31,24.227000,18:55:11,PUBLIC_DERIVED,ferrari,57,0.543860,1
202301,russell,2,31,24.406000,18:55:21,PUBLIC_DERIVED,mercedes,57,0.543860,1
202301,zhou,2,32,25.282000,18:57:31,PUBLIC_DERIVED,alfa,56,0.571429,1
202301,ocon,3,32,44.518000,18:58:03,PUBLIC_DERIVED,alpine,41,0.780488,1
202301,leclerc,2,33,24.644000,18:58:16,PUBLIC_DERIVED,ferrari,39,0.846154,1
202301,perez,2,34,25.091000,18:59:45,PUBLIC_DERIVED,red_bull,57,0.596491,1
202301,alonso,2,34,24.869000,19:00:09,PUBLIC_DERIVED,aston_martin,57,0.596491,1
202301,max_verstappen,2,36,24.910000,19:02:47,PUBLIC_DERIVED,red_bull,57,0.631579,1
202301,norris,4,37,33.236000,19:06:27,PUBLIC_DERIVED,mclaren,55,0.672727,1
202301,albon,3,40,24.458000,19:10:51,PUBLIC_DERIVED,williams,57,0.701754,1
202301,gasly,3,40,24.736000,19:10:52,PUBLIC_DERIVED,alpine,57,0.701754,1
202301,tsunoda,3,40,25.818000,19:10:53,PUBLIC_DERIVED,alphatauri,57,0.701754,1
202301,sargeant,3,40,25.047000,19:11:05,PUBLIC_DERIVED,williams,56,0.714286,1
202301,kevin_magnussen,3,40,25.125000,19:11:20,PUBLIC_DERIVED,haas,56,0.714286,1
202301,hulkenberg,3,40,27.080000,19:11:26,PUBLIC_DERIVED,haas,56,0.714286,1
202301,norris,5,47,30.710000,19:23:45,PUBLIC_DERIVED,mclaren,55,0.854545,1
202301,zhou,3,54,30.167000,19:34:31,PUBLIC_DERIVED,alfa,56,0.964286,1
202301,norris,6,54,31.494000,19:35:35,PUBLIC_DERIVED,mclaren,55,0.981818,1
202302,piastri,1,1,31.534000,20:05:36,PUBLIC_DERIVED,mclaren,50,0.020000,1
202302,norris,1,2,29.444000,20:07:18,PUBLIC_DERIVED,mclaren,50,0.040000,1
202302,kevin_magnussen,1,8,20.870000,20:16:55,PUBLIC_DERIVED,haas,50,0.160000,1
202302,bottas,1,9,21.505000,20:18:38,PUBLIC_DERIVED,alfa,49,0.183673,1
202302,zhou,1,11,21.703000,20:21:41,PUBLIC_DERIVED,alfa,50,0.220000,1
202302,hulkenberg,1,11,21.567000,20:21:43,PUBLIC_DERIVED,haas,50,0.220000,1
202302,stroll,1,13,21.150000,20:24:39,PUBLIC_DERIVED,aston_martin,16,0.812500,1
202302,gasly,1,14,20.719000,20:26:26,PUBLIC_DERIVED,alpine,50,0.280000,1
202302,sainz,1,15,20.760000,20:27:49,PUBLIC_DERIVED,ferrari,50,0.300000,1
202302,leclerc,1,16,20.026000,20:29:29,PUBLIC_DERIVED,ferrari,50,0.320000,1
202302,ocon,1,16,20.762000,20:29:34,PUBLIC_DERIVED,alpine,50,0.320000,1
202302,tsunoda,1,17,21.414000,20:31:24,PUBLIC_DERIVED,alphatauri,50,0.340000,1
202302,albon,1,17,21.397000,20:31:32,PUBLIC_DERIVED,williams,27,0.629630,1
202302,de_vries,1,17,21.116000,20:31:39,PUBLIC_DERIVED,alphatauri,50,0.340000,1
202302,bottas,2,17,22.191000,20:32:08,PUBLIC_DERIVED,alfa,49,0.346939,1
202302,perez,1,18,20.715000,20:32:46,PUBLIC_DERIVED,red_bull,50,0.360000,1
202302,alonso,1,18,26.879000,20:32:54,PUBLIC_DERIVED,aston_martin,50,0.360000,1
202302,russell,1,18,20.828000,20:33:05,PUBLIC_DERIVED,mercedes,50,0.360000,1
202302,max_verstappen,1,18,20.824000,20:33:15,PUBLIC_DERIVED,red_bull,50,0.360000,1
202302,hamilton,1,18,21.102000,20:33:24,PUBLIC_DERIVED,mercedes,50,0.360000,1
202302,sargeant,1,18,21.064000,20:33:55,PUBLIC_DERIVED,williams,50,0.360000,1
202302,zhou,2,18,21.282000,20:34:06,PUBLIC_DERIVED,alfa,50,0.360000,1
202302,norris,2,19,21.352000,20:36:25,PUBLIC_DERIVED,mclaren,50,0.380000,1
202302,bottas,3,35,21.808000,21:02:57,PUBLIC_DERIVED,alfa,49,0.714286,1
202303,ocon,1,1,18.056000,15:05:04,PUBLIC_DERIVED,alpine,56,0.017857,1
202303,zhou,1,1,18.951000,15:05:11,PUBLIC_DERIVED,alfa,58,0.017241,1
202303,sargeant,1,1,18.382000,15:05:13,PUBLIC_DERIVED,williams,56,0.017857,1
202303,perez,1,1,17.657000,15:05:15,PUBLIC_DERIVED,red_bull,58,0.017241,1
202303,bottas,1,1,21.659000,15:05:16,PUBLIC_DERIVED,alfa,58,0.017241,1
202303,sargeant,2,2,19.158000,15:07:25,PUBLIC_DERIVED,williams,56,0.035714,1
202303,perez,2,2,17.814000,15:07:26,PUBLIC_DERIVED,red_bull,58,0.034483,1
202303,russell,1,7,19.146000,15:15:01,PUBLIC_DERIVED,mercedes,17,0.411765,1
202303,sainz,1,7,18.319000,15:15:05,PUBLIC_DERIVED,ferrari,58,0.120690,1
202303,kevin_magnussen,1,7,20.789000,15:15:21,PUBLIC_DERIVED,haas,52,0.134615,1
202303,hamilton,1,8,925.181000,15:17:43,PUBLIC_DERIVED,mercedes,58,0.137931,0
202303,max_verstappen,1,8,925.112000,15:17:45,PUBLIC_DERIVED,red_bull,58,0.137931,0
202303,alonso,1,8,926.940000,15:17:48,PUBLIC_DERIVED,aston_martin,58,0.137931,0
202303,stroll,1,8,927.222000,15:17:51,PUBLIC_DERIVED,aston_martin,58,0.137931,0
202303,gasly,1,8,926.996000,15:17:53,PUBLIC_DERIVED,alpine,56,0.142857,0
202303,hulkenberg,1,8,926.326000,15:17:55,PUBLIC_DERIVED,haas,58,0.137931,0
202303,russell,2,8,930.824000,15:17:59,PUBLIC_DERIVED,mercedes,17,0.470588,0
202303,tsunoda,1,8,931.820000,15:18:02,PUBLIC_DERIVED,alphatauri,58,0.137931,0
202303,norris,1,8,934.763000,15:18:04,PUBLIC_DERIVED,mclaren,58,0.137931,0
202303,piastri,1,8,934.541000,15:18:06,PUBLIC_DERIVED,mclaren,58,0.137931,0
202303,sainz,2,8,937.024000,15:18:08,PUBLIC_DERIVED,ferrari,58,0.137931,0
202303,de_vries,1,8,937.874000,15:18:11,PUBLIC_DERIVED,alphatauri,56,0.142857,0
202303,ocon,2,8,937.929000,15:18:14,PUBLIC_DERIVED,alpine,56,0.142857,0
202303,perez,3,8,937.512000,15:18:16,PUBLIC_DERIVED,red_bull,58,0.137931,0
202303,zhou,2,8,937.849000,15:18:19,PUBLIC_DERIVED,alfa,58,0.137931,0
202303,bottas,2,8,937.594000,15:18:21,PUBLIC_DERIVED,alfa,58,0.137931,0
202303,sargeant,3,8,938.017000,15:18:23,PUBLIC_DERIVED,williams,56,0.142857,0
202303,kevin_magnussen,2,8,940.228000,15:18:27,PUBLIC_DERIVED,haas,52,0.153846,0
202303,sargeant,4,36,19.018000,16:15:29,PUBLIC_DERIVED,williams,56,0.642857,1
202303,de_vries,2,45,18.080000,16:28:14,PUBLIC_DERIVED,alphatauri,56,0.803571,1
202303,bottas,3,53,19.825000,16:39:03,PUBLIC_DERIVED,alfa,58,0.913793,1
202303,piastri,2,54,19.442000,16:40:06,PUBLIC_DERIVED,mclaren,58,0.931034,1
202303,zhou,3,54,21.881000,16:40:31,PUBLIC_DERIVED,alfa,58,0.931034,1
202303,tsunoda,2,54,18.258000,16:40:36,PUBLIC_DERIVED,alphatauri,58,0.931034,1
202303,max_verstappen,2,55,867.756000,16:41:38,PUBLIC_DERIVED,red_bull,58,0.948276,0
202303,hamilton,2,55,871.670000,16:41:40,PUBLIC_DERIVED,mercedes,58,0.948276,0
202303,alonso,2,55,874.306000,16:41:42,PUBLIC_DERIVED,aston_martin,58,0.948276,0
202303,bottas,4,54,739.342000,16:41:44,PUBLIC_DERIVED,alfa,58,0.931034,0
202303,sainz,3,55,874.924000,16:41:45,PUBLIC_DERIVED,ferrari,58,0.948276,0
202303,gasly,2,55,875.210000,16:41:47,PUBLIC_DERIVED,alpine,56,0.982143,0
202303,stroll,2,55,875.053000,16:41:50,PUBLIC_DERIVED,aston_martin,58,0.948276,0
202303,perez,4,55,876.462000,16:41:53,PUBLIC_DERIVED,red_bull,58,0.948276,0
202303,sargeant,5,54,732.022000,16:41:54,PUBLIC_DERIVED,williams,56,0.964286,0
202303,norris,2,55,881.064000,16:41:56,PUBLIC_DERIVED,mclaren,58,0.948276,0
202303,hulkenberg,2,55,880.712000,16:41:58,PUBLIC_DERIVED,haas,58,0.948276,0
202303,de_vries,3,54,726.783000,16:42:01,PUBLIC_DERIVED,alphatauri,56,0.964286,0
202303,ocon,3,55,879.804000,16:42:03,PUBLIC_DERIVED,alpine,56,0.982143,0
202303,piastri,3,55,864.653000,16:42:20,PUBLIC_DERIVED,mclaren,58,0.948276,0
202303,zhou,4,55,841.565000,16:42:47,PUBLIC_DERIVED,alfa,58,0.948276,0
202303,tsunoda,3,55,841.820000,16:42:52,PUBLIC_DERIVED,alphatauri,58,0.948276,0
202303,bottas,5,55,76.634000,16:55:40,PUBLIC_DERIVED,alfa,58,0.948276,0
202303,sargeant,6,55,74.200000,16:55:45,PUBLIC_DERIVED,williams,56,0.982143,0
202303,de_vries,4,55,73.234000,16:55:47,PUBLIC_DERIVED,alphatauri,56,0.982143,0
202303,max_verstappen,3,57,1856.502000,17:02:10,PUBLIC_DERIVED,red_bull,58,0.982759,0
202303,hamilton,3,57,1859.435000,17:02:11,PUBLIC_DERIVED,mercedes,58,0.982759,0
202303,sainz,4,57,1861.554000,17:02:13,PUBLIC_DERIVED,ferrari,58,0.982759,0
202303,hulkenberg,3,57,1869.055000,17:02:14,PUBLIC_DERIVED,haas,58,0.982759,0
202303,tsunoda,4,57,1871.209000,17:02:16,PUBLIC_DERIVED,alphatauri,58,0.982759,0
202303,norris,3,57,1864.087000,17:02:17,PUBLIC_DERIVED,mclaren,58,0.982759,0
202303,piastri,4,57,1866.226000,17:02:19,PUBLIC_DERIVED,mclaren,58,0.982759,0
202303,zhou,5,57,1864.998000,17:02:22,PUBLIC_DERIVED,alfa,58,0.982759,0
202303,bottas,6,57,1867.182000,17:02:23,PUBLIC_DERIVED,alfa,58,0.982759,0
202303,perez,5,57,1853.568000,17:02:25,PUBLIC_DERIVED,red_bull,58,0.982759,0
202303,alonso,3,57,1845.073000,17:02:27,PUBLIC_DERIVED,aston_martin,58,0.982759,0
202303,stroll,3,57,1845.925000,17:02:29,PUBLIC_DERIVED,aston_martin,58,0.982759,0
202304,gasly,1,5,20.235000,15:13:22,PUBLIC_DERIVED,alpine,51,0.098039,1
202304,bottas,1,6,20.967000,15:15:14,PUBLIC_DERIVED,alfa,50,0.120000,1
202304,albon,1,7,21.103000,15:16:57,PUBLIC_DERIVED,williams,51,0.137255,1
202304,tsunoda,1,8,20.497000,15:18:43,PUBLIC_DERIVED,alphatauri,51,0.156863,1
202304,piastri,1,8,20.902000,15:18:44,PUBLIC_DERIVED,mclaren,51,0.156863,1
202304,sargeant,1,8,21.015000,15:18:50,PUBLIC_DERIVED,williams,51,0.156863,1
202304,hamilton,1,9,20.324000,15:20:23,PUBLIC_DERIVED,mercedes,51,0.176471,1
202304,norris,1,9,20.346000,15:20:27,PUBLIC_DERIVED,mclaren,51,0.176471,1
202304,max_verstappen,1,10,20.707000,15:22:00,PUBLIC_DERIVED,red_bull,51,0.196078,1
202304,kevin_magnussen,1,10,30.951000,15:22:35,PUBLIC_DERIVED,haas,51,0.196078,1
202304,perez,1,11,20.389000,15:24:20,PUBLIC_DERIVED,red_bull,51,0.215686,1
202304,leclerc,1,11,21.126000,15:24:25,PUBLIC_DERIVED,ferrari,51,0.215686,1
202304,sainz,1,11,21.970000,15:24:33,PUBLIC_DERIVED,ferrari,51,0.215686,1
202304,alonso,1,11,23.148000,15:24:35,PUBLIC_DERIVED,aston_martin,51,0.215686,1
202304,stroll,1,11,23.161000,15:24:42,PUBLIC_DERIVED,aston_martin,51,0.215686,1
202304,russell,1,11,20.459000,15:24:42,PUBLIC_DERIVED,mercedes,51,0.215686,1
202304,zhou,1,11,22.247000,15:25:01,PUBLIC_DERIVED,alfa,36,0.305556,1
202304,bottas,2,12,22.354000,15:27:47,PUBLIC_DERIVED,alfa,50,0.240000,1
202304,gasly,2,23,21.169000,15:48:15,PUBLIC_DERIVED,alpine,51,0.450980,1
202304,bottas,3,34,21.012000,16:08:14,PUBLIC_DERIVED,alfa,50,0.680000,1
202304,russell,2,49,21.389000,16:34:10,PUBLIC_DERIVED,mercedes,51,0.960784,1
202304,hulkenberg,1,49,24.748000,16:34:47,PUBLIC_DERIVED,haas,50,0.980000,1
202304,ocon,1,50,20.367000,16:36:20,PUBLIC_DERIVED,alpine,51,0.980392,1
202305,sargeant,1,2,48.938000,15:37:09,PUBLIC_DERIVED,williams,56,0.035714,1
202305,norris,1,4,24.090000,15:40:18,PUBLIC_DERIVED,mclaren,57,0.070175,1
202305,piastri,1,5,22.205000,15:41:49,PUBLIC_DERIVED,mclaren,56,0.089286,1
202305,kevin_magnussen,1,14,22.616000,15:55:45,PUBLIC_DERIVED,haas,57,0.245614,1
202305,gasly,1,15,22.417000,15:57:16,PUBLIC_DERIVED,alpine,57,0.263158,1
202305,bottas,1,15,23.158000,15:57:23,PUBLIC_DERIVED,alfa,57,0.263158,1
202305,de_vries,1,15,23.487000,15:57:33,PUBLIC_DERIVED,alphatauri,57,0.263158,1
202305,russell,1,17,22.335000,16:00:18,PUBLIC_DERIVED,mercedes,57,0.298246,1
202305,leclerc,1,17,22.068000,16:00:25,PUBLIC_DERIVED,ferrari,57,0.298246,1
202305,sainz,1,18,22.278000,16:01:46,PUBLIC_DERIVED,ferrari,57,0.315789,1
202305,perez,1,20,21.884000,16:04:48,PUBLIC_DERIVED,red_bull,57,0.350877,1
202305,albon,1,22,22.482000,16:08:22,PUBLIC_DERIVED,williams,57,0.385965,1
202305,alonso,1,24,22.631000,16:11:02,PUBLIC_DERIVED,aston_martin,57,0.421053,1
202305,zhou,1,31,22.796000,16:22:27,PUBLIC_DERIVED,alfa,57,0.543860,1
202305,hulkenberg,1,33,23.120000,16:25:26,PUBLIC_DERIVED,haas,57,0.578947,1
202305,tsunoda,1,36,22.390000,16:30:01,PUBLIC_DERIVED,alphatauri,57,0.631579,1
202305,hamilton,1,37,22.150000,16:31:29,PUBLIC_DERIVED,mercedes,57,0.649123,1
202305,ocon,1,39,21.942000,16:34:33,PUBLIC_DERIVED,alpine,57,0.684211,1
202305,stroll,1,42,22.651000,16:39:18,PUBLIC_DERIVED,aston_martin,57,0.736842,1
202305,max_verstappen,1,45,22.688000,16:42:58,PUBLIC_DERIVED,red_bull,57,0.789474,1
202306,hulkenberg,1,1,32.494000,15:04:32,PUBLIC_DERIVED,haas,76,0.013158,1
202306,zhou,1,1,26.141000,15:04:37,PUBLIC_DERIVED,alfa,77,0.012987,1
202306,perez,1,1,24.887000,15:04:37,PUBLIC_DERIVED,red_bull,76,0.013158,1
202306,albon,1,18,24.290000,15:27:12,PUBLIC_DERIVED,williams,77,0.233766,1
202306,sargeant,1,20,24.376000,15:30:02,PUBLIC_DERIVED,williams,76,0.263158,1
202306,sargeant,2,23,27.774000,15:34:16,PUBLIC_DERIVED,williams,76,0.302632,1
202306,hamilton,1,31,24.594000,15:43:34,PUBLIC_DERIVED,mercedes,78,0.397436,1
202306,ocon,1,32,25.833000,15:44:45,PUBLIC_DERIVED,alpine,78,0.410256,1
202306,sainz,1,33,24.252000,15:46:05,PUBLIC_DERIVED,ferrari,78,0.423077,1
202306,perez,2,34,32.749000,15:48:26,PUBLIC_DERIVED,red_bull,76,0.447368,1
202306,leclerc,1,44,24.192000,16:00:25,PUBLIC_DERIVED,ferrari,78,0.564103,1
202306,gasly,1,47,23.902000,16:04:16,PUBLIC_DERIVED,alpine,78,0.602564,1
202306,norris,1,50,24.663000,16:08:48,PUBLIC_DERIVED,mclaren,77,0.649351,1
202306,bottas,1,51,30.395000,16:10:46,PUBLIC_DERIVED,alfa,77,0.662338,1
202306,stroll,1,51,24.656000,16:10:52,PUBLIC_DERIVED,aston_martin,53,0.962264,1
202306,zhou,2,52,25.260000,16:12:35,PUBLIC_DERIVED,alfa,77,0.675325,1
202306,albon,2,52,26.990000,16:12:37,PUBLIC_DERIVED,williams,77,0.675325,1
202306,tsunoda,1,53,33.706000,16:13:18,PUBLIC_DERIVED,alphatauri,76,0.697368,1
202306,sargeant,3,52,25.946000,16:13:19,PUBLIC_DERIVED,williams,76,0.684211,1
202306,alonso,1,54,24.414000,16:13:32,PUBLIC_DERIVED,aston_martin,78,0.692308,1
202306,de_vries,1,53,24.539000,16:13:47,PUBLIC_DERIVED,alphatauri,77,0.688312,1
202306,russell,1,54,30.980000,16:13:57,PUBLIC_DERIVED,mercedes,78,0.692308,1
202306,ocon,2,54,24.707000,16:14:06,PUBLIC_DERIVED,alpine,78,0.692308,1
202306,hamilton,2,54,26.685000,16:14:09,PUBLIC_DERIVED,mercedes,78,0.692308,1
202306,gasly,2,54,29.949000,16:14:18,PUBLIC_DERIVED,alpine,78,0.692308,1
202306,perez,3,53,24.217000,16:14:19,PUBLIC_DERIVED,red_bull,76,0.697368,1
202306,max_verstappen,1,55,24.798000,16:15:17,PUBLIC_DERIVED,red_bull,78,0.705128,1
202306,piastri,1,54,25.851000,16:15:18,PUBLIC_DERIVED,mclaren,77,0.701299,1
202306,norris,2,54,33.428000,16:15:20,PUBLIC_DERIVED,mclaren,77,0.701299,1
202306,alonso,2,55,25.916000,16:15:37,PUBLIC_DERIVED,aston_martin,78,0.705128,1
202306,hulkenberg,2,54,34.725000,16:16:01,PUBLIC_DERIVED,haas,76,0.710526,1
202306,leclerc,2,55,25.713000,16:16:03,PUBLIC_DERIVED,ferrari,78,0.705128,1
202306,sainz,2,55,29.300000,16:16:04,PUBLIC_DERIVED,ferrari,78,0.705128,1
202306,kevin_magnussen,1,56,51.052000,16:20:26,PUBLIC_DERIVED,haas,70,0.800000,1
202306,perez,4,57,29.337000,16:21:27,PUBLIC_DERIVED,red_bull,76,0.750000,1
202306,hulkenberg,3,59,25.672000,16:25:02,PUBLIC_DERIVED,haas,76,0.776316,1
202306,perez,5,70,25.466000,16:43:16,PUBLIC_DERIVED,red_bull,76,0.921053,1
202307,norris,1,1,37.736000,15:04:44,PUBLIC_DERIVED,mclaren,65,0.015385,1
202307,bottas,1,5,23.691000,15:10:18,PUBLIC_DERIVED,alfa,65,0.076923,1
202307,hulkenberg,1,8,22.298000,15:14:21,PUBLIC_DERIVED,haas,65,0.123077,1
202307,zhou,1,9,23.430000,15:15:38,PUBLIC_DERIVED,alfa,66,0.136364,1
202307,de_vries,1,9,22.522000,15:15:44,PUBLIC_DERIVED,alphatauri,65,0.138462,1
202307,tsunoda,1,10,22.176000,15:17:01,PUBLIC_DERIVED,alphatauri,66,0.151515,1
202307,kevin_magnussen,1,10,22.124000,15:17:06,PUBLIC_DERIVED,haas,65,0.153846,1
202307,ocon,1,13,22.112000,15:21:01,PUBLIC_DERIVED,alpine,66,0.196970,1
202307,stroll,1,14,22.355000,15:22:19,PUBLIC_DERIVED,aston_martin,66,0.212121,1
202307,sainz,1,15,22.321000,15:23:33,PUBLIC_DERIVED,ferrari,66,0.227273,1
202307,leclerc,1,16,21.778000,15:25:17,PUBLIC_DERIVED,ferrari,66,0.242424,1
202307,albon,1,16,23.319000,15:25:24,PUBLIC_DERIVED,williams,65,0.246154,1
202307,piastri,1,17,22.370000,15:26:32,PUBLIC_DERIVED,mclaren,65,0.261538,1
202307,sargeant,1,17,22.583000,15:26:49,PUBLIC_DERIVED,williams,65,0.261538,1
202307,alonso,1,19,22.558000,15:29:09,PUBLIC_DERIVED,aston_martin,66,0.287879,1
202307,gasly,1,19,23.388000,15:29:18,PUBLIC_DERIVED,alpine,66,0.287879,1
202307,norris,2,22,22.850000,15:33:50,PUBLIC_DERIVED,mclaren,65,0.338462,1
202307,hamilton,1,24,22.575000,15:35:37,PUBLIC_DERIVED,mercedes,66,0.363636,1
202307,kevin_magnussen,2,24,24.800000,15:36:26,PUBLIC_DERIVED,haas,65,0.369231,1
202307,russell,1,25,22.275000,15:37:07,PUBLIC_DERIVED,mercedes,66,0.378788,1
202307,max_verstappen,1,26,22.241000,15:38:06,PUBLIC_DERIVED,red_bull,66,0.393939,1
202307,hulkenberg,2,26,23.257000,15:39:04,PUBLIC_DERIVED,haas,65,0.400000,1
202307,perez,1,27,21.775000,15:39:57,PUBLIC_DERIVED,red_bull,66,0.409091,1
202307,stroll,2,34,23.371000,15:49:34,PUBLIC_DERIVED,aston_martin,66,0.515152,1
202307,tsunoda,2,34,22.009000,15:49:38,PUBLIC_DERIVED,alphatauri,66,0.515152,1
202307,ocon,2,35,24.110000,15:50:57,PUBLIC_DERIVED,alpine,66,0.530303,1
202307,zhou,2,36,22.889000,15:52:25,PUBLIC_DERIVED,alfa,66,0.545455,1
202307,sargeant,2,36,23.827000,15:52:53,PUBLIC_DERIVED,williams,65,0.553846,1
202307,albon,2,37,23.449000,15:54:12,PUBLIC_DERIVED,williams,65,0.569231,1
202307,de_vries,2,38,21.976000,15:55:17,PUBLIC_DERIVED,alphatauri,65,0.584615,1
202307,piastri,2,39,22.862000,15:56:28,PUBLIC_DERIVED,mclaren,65,0.600000,1
202307,gasly,2,39,23.610000,15:56:30,PUBLIC_DERIVED,alpine,66,0.590909,1
202307,bottas,2,39,24.097000,15:56:58,PUBLIC_DERIVED,alfa,65,0.600000,1
202307,sainz,2,41,22.375000,15:58:46,PUBLIC_DERIVED,ferrari,66,0.621212,1
202307,leclerc,2,41,23.003000,15:59:13,PUBLIC_DERIVED,ferrari,66,0.621212,1
202307,kevin_magnussen,3,42,22.291000,16:00:59,PUBLIC_DERIVED,haas,65,0.646154,1
202307,hulkenberg,3,43,24.484000,16:02:05,PUBLIC_DERIVED,haas,65,0.661538,1
202307,alonso,2,44,22.896000,16:03:01,PUBLIC_DERIVED,aston_martin,66,0.666667,1
202307,russell,2,45,22.054000,16:03:58,PUBLIC_DERIVED,mercedes,66,0.681818,1
202307,hamilton,2,50,22.731000,16:10:22,PUBLIC_DERIVED,mercedes,66,0.757576,1
202307,perez,2,50,21.537000,16:10:42,PUBLIC_DERIVED,red_bull,66,0.757576,1
202307,norris,3,50,22.062000,16:11:39,PUBLIC_DERIVED,mclaren,65,0.769231,1
202307,max_verstappen,2,52,22.357000,16:12:44,PUBLIC_DERIVED,red_bull,66,0.787879,1
202308,tsunoda,1,1,23.646000,14:04:32,PUBLIC_DERIVED,alphatauri,70,0.014286,1
202308,gasly,1,10,27.515000,14:16:36,PUBLIC_DERIVED,alpine,70,0.142857,1
202308,hulkenberg,1,11,24.880000,14:17:50,PUBLIC_DERIVED,haas,69,0.159420,1
202308,stroll,1,11,23.711000,14:17:53,PUBLIC_DERIVED,aston_martin,70,0.157143,1
202308,de_vries,1,11,24.960000,14:17:56,PUBLIC_DERIVED,alphatauri,69,0.159420,1
202308,max_verstappen,1,12,23.644000,14:18:49,PUBLIC_DERIVED,red_bull,70,0.171429,1
202308,hamilton,1,12,24.339000,14:18:59,PUBLIC_DERIVED,mercedes,70,0.171429,1
202308,alonso,1,12,24.031000,14:19:00,PUBLIC_DERIVED,aston_martin,70,0.171429,1
202308,ocon,1,12,24.402000,14:19:12,PUBLIC_DERIVED,alpine,70,0.171429,1
202308,piastri,1,12,24.828000,14:19:16,PUBLIC_DERIVED,mclaren,70,0.171429,1
202308,norris,1,12,25.862000,14:19:24,PUBLIC_DERIVED,mclaren,70,0.171429,1
202308,albon,1,12,25.064000,14:19:25,PUBLIC_DERIVED,williams,70,0.171429,1
202308,zhou,1,12,24.161000,14:19:31,PUBLIC_DERIVED,alfa,69,0.173913,1
202308,russell,1,12,88.943000,14:19:55,PUBLIC_DERIVED,mercedes,53,0.226415,0
202308,stroll,2,27,23.839000,14:42:23,PUBLIC_DERIVED,aston_martin,70,0.385714,1
202308,hulkenberg,2,31,24.200000,14:47:37,PUBLIC_DERIVED,haas,69,0.449275,1
202308,zhou,2,32,27.509000,14:48:55,PUBLIC_DERIVED,alfa,69,0.463768,1
202308,gasly,2,33,24.117000,14:50:14,PUBLIC_DERIVED,alpine,70,0.471429,1
202308,tsunoda,2,34,27.523000,14:51:31,PUBLIC_DERIVED,alphatauri,70,0.485714,1
202308,norris,2,35,23.570000,14:52:42,PUBLIC_DERIVED,mclaren,70,0.500000,1
202308,kevin_magnussen,1,35,24.909000,14:53:34,PUBLIC_DERIVED,haas,69,0.507246,1
202308,ocon,2,36,23.698000,14:53:56,PUBLIC_DERIVED,alpine,70,0.514286,1
202308,bottas,1,36,24.038000,14:53:58,PUBLIC_DERIVED,alfa,70,0.514286,1
202308,perez,1,37,23.281000,14:55:06,PUBLIC_DERIVED,red_bull,70,0.528571,1
202308,piastri,2,37,23.436000,14:55:21,PUBLIC_DERIVED,mclaren,70,0.528571,1
202308,sainz,1,38,24.133000,14:56:16,PUBLIC_DERIVED,ferrari,70,0.542857,1
202308,leclerc,1,39,24.343000,14:57:32,PUBLIC_DERIVED,ferrari,70,0.557143,1
202308,hamilton,2,40,23.749000,14:58:46,PUBLIC_DERIVED,mercedes,70,0.571429,1
202308,alonso,2,41,23.928000,14:59:58,PUBLIC_DERIVED,aston_martin,70,0.585714,1
202308,max_verstappen,2,42,23.910000,15:01:10,PUBLIC_DERIVED,red_bull,70,0.600000,1
202308,de_vries,2,50,23.786000,15:13:30,PUBLIC_DERIVED,alphatauri,69,0.724638,1
202308,kevin_magnussen,2,53,24.515000,15:17:18,PUBLIC_DERIVED,haas,69,0.768116,1
202308,perez,2,68,23.218000,15:34:57,PUBLIC_DERIVED,red_bull,70,0.971429,1
202309,kevin_magnussen,1,1,26.587000,15:04:16,PUBLIC_DERIVED,haas,70,0.014286,1
202309,tsunoda,1,1,29.691000,15:04:31,PUBLIC_DERIVED,alphatauri,70,0.014286,1
202309,max_verstappen,1,2,16.369000,15:05:57,PUBLIC_DERIVED,red_bull,71,0.028169,1
202309,leclerc,1,2,16.393000,15:05:59,PUBLIC_DERIVED,ferrari,71,0.028169,1
202309,sainz,1,2,16.380000,15:06:01,PUBLIC_DERIVED,ferrari,71,0.028169,1
202309,hamilton,1,2,16.415000,15:06:03,PUBLIC_DERIVED,mercedes,71,0.028169,1
202309,norris,1,2,18.076000,15:06:05,PUBLIC_DERIVED,mclaren,71,0.028169,1
202309,alonso,1,2,16.600000,15:06:08,PUBLIC_DERIVED,aston_martin,71,0.028169,1
202309,hulkenberg,1,2,16.778000,15:06:09,PUBLIC_DERIVED,haas,12,0.166667,1
202309,stroll,1,2,16.646000,15:06:11,PUBLIC_DERIVED,aston_martin,71,0.028169,1
202309,gasly,1,2,16.380000,15:06:12,PUBLIC_DERIVED,alpine,71,0.028169,1
202309,albon,1,2,16.737000,15:06:13,PUBLIC_DERIVED,williams,71,0.028169,1
202309,russell,1,2,17.946000,15:06:17,PUBLIC_DERIVED,mercedes,71,0.028169,1
202309,ocon,1,2,18.143000,15:06:19,PUBLIC_DERIVED,alpine,70,0.028571,1
202309,perez,1,2,17.428000,15:06:20,PUBLIC_DERIVED,red_bull,71,0.028169,1
202309,zhou,1,2,17.467000,15:06:22,PUBLIC_DERIVED,alfa,70,0.028571,1
202309,piastri,1,2,17.324000,15:06:23,PUBLIC_DERIVED,mclaren,70,0.028571,1
202309,sargeant,1,2,17.337000,15:06:25,PUBLIC_DERIVED,williams,70,0.028571,1
202309,bottas,1,2,17.130000,15:06:27,PUBLIC_DERIVED,alfa,70,0.028571,1
202309,de_vries,1,2,17.033000,15:06:28,PUBLIC_DERIVED,alphatauri,70,0.028571,1
202309,kevin_magnussen,2,2,25.654000,15:06:31,PUBLIC_DERIVED,haas,70,0.028571,1
202309,tsunoda,2,2,16.246000,15:06:33,PUBLIC_DERIVED,alphatauri,70,0.028571,1
202309,zhou,2,8,24.374000,15:14:10,PUBLIC_DERIVED,alfa,70,0.114286,1
202309,hulkenberg,2,11,21.891000,15:17:41,PUBLIC_DERIVED,haas,12,0.916667,1
202309,de_vries,2,12,21.333000,15:19:01,PUBLIC_DERIVED,alphatauri,70,0.171429,1
202309,hamilton,2,14,21.993000,15:21:10,PUBLIC_DERIVED,mercedes,71,0.197183,1
202309,norris,2,14,21.290000,15:21:12,PUBLIC_DERIVED,mclaren,71,0.197183,1
202309,gasly,2,14,21.814000,15:21:20,PUBLIC_DERIVED,alpine,71,0.197183,1
202309,albon,2,14,21.562000,15:21:22,PUBLIC_DERIVED,williams,71,0.197183,1
202309,russell,2,14,22.262000,15:21:23,PUBLIC_DERIVED,mercedes,71,0.197183,1
202309,ocon,2,14,22.028000,15:21:26,PUBLIC_DERIVED,alpine,70,0.200000,1
202309,piastri,2,14,22.467000,15:21:27,PUBLIC_DERIVED,mclaren,70,0.200000,1
202309,sargeant,2,14,23.194000,15:21:32,PUBLIC_DERIVED,williams,70,0.200000,1
202309,leclerc,2,15,23.425000,15:22:36,PUBLIC_DERIVED,ferrari,71,0.211268,1
202309,sainz,2,15,26.283000,15:22:41,PUBLIC_DERIVED,ferrari,71,0.211268,1
202309,alonso,2,15,22.371000,15:22:48,PUBLIC_DERIVED,aston_martin,71,0.211268,1
202309,stroll,2,15,24.332000,15:22:54,PUBLIC_DERIVED,aston_martin,71,0.211268,1
202309,bottas,2,21,31.785000,15:30:27,PUBLIC_DERIVED,alfa,70,0.300000,1
202309,piastri,3,22,29.912000,15:31:40,PUBLIC_DERIVED,mclaren,70,0.314286,1
202309,tsunoda,3,23,27.286000,15:32:50,PUBLIC_DERIVED,alphatauri,70,0.328571,1
202309,max_verstappen,2,24,21.365000,15:33:13,PUBLIC_DERIVED,red_bull,71,0.338028,1
202309,perez,2,25,21.655000,15:34:47,PUBLIC_DERIVED,red_bull,71,0.352113,1
202309,kevin_magnussen,3,34,22.250000,15:46:08,PUBLIC_DERIVED,haas,70,0.485714,1
202309,stroll,3,36,22.050000,15:48:10,PUBLIC_DERIVED,aston_martin,71,0.507042,1
202309,de_vries,3,37,21.074000,15:49:41,PUBLIC_DERIVED,alphatauri,70,0.528571,1
202309,zhou,3,38,21.910000,15:50:48,PUBLIC_DERIVED,alfa,70,0.542857,1
202309,ocon,3,40,30.427000,15:52:55,PUBLIC_DERIVED,alpine,70,0.571429,1
202309,bottas,3,40,21.975000,15:53:22,PUBLIC_DERIVED,alfa,70,0.571429,1
202309,norris,3,41,22.088000,15:53:39,PUBLIC_DERIVED,mclaren,71,0.577465,1
202309,russell,3,41,21.702000,15:53:57,PUBLIC_DERIVED,mercedes,71,0.577465,1
202309,albon,3,41,27.683000,15:54:04,PUBLIC_DERIVED,williams,71,0.577465,1
202309,piastri,4,41,22.313000,15:54:36,PUBLIC_DERIVED,mclaren,70,0.585714,1
202309,hamilton,3,42,27.724000,15:54:50,PUBLIC_DERIVED,mercedes,71,0.591549,1
202309,sargeant,3,43,21.543000,15:56:40,PUBLIC_DERIVED,williams,70,0.614286,1
202309,tsunoda,4,43,21.392000,15:56:56,PUBLIC_DERIVED,alphatauri,70,0.614286,1
202309,alonso,3,44,21.993000,15:57:15,PUBLIC_DERIVED,aston_martin,71,0.619718,1
202309,gasly,3,44,27.804000,15:57:30,PUBLIC_DERIVED,alpine,71,0.619718,1
202309,sainz,3,45,28.583000,15:58:10,PUBLIC_DERIVED,ferrari,71,0.633803,1
202309,leclerc,3,47,21.470000,16:00:26,PUBLIC_DERIVED,ferrari,71,0.661972,1
202309,max_verstappen,3,49,21.641000,16:02:31,PUBLIC_DERIVED,red_bull,71,0.690141,1
202309,perez,3,50,21.267000,16:04:07,PUBLIC_DERIVED,red_bull,71,0.704225,1
202309,stroll,4,54,21.837000,16:09:28,PUBLIC_DERIVED,aston_martin,71,0.760563,1
202309,max_verstappen,4,69,21.328000,16:25:43,PUBLIC_DERIVED,red_bull,71,0.971831,1
202310,hulkenberg,1,7,41.972000,15:14:17,PUBLIC_DERIVED,haas,52,0.134615,1
202310,tsunoda,1,14,28.353000,15:25:15,PUBLIC_DERIVED,alphatauri,52,0.269231,1
202310,leclerc,1,18,28.244000,15:31:08,PUBLIC_DERIVED,ferrari,52,0.346154,1
202310,zhou,1,24,29.177000,15:40:56,PUBLIC_DERIVED,alfa,52,0.461538,1
202310,sainz,1,26,28.869000,15:43:36,PUBLIC_DERIVED,ferrari,52,0.500000,1
202310,de_vries,1,27,28.242000,15:45:34,PUBLIC_DERIVED,alphatauri,52,0.519231,1
202310,russell,1,28,29.455000,15:46:37,PUBLIC_DERIVED,mercedes,52,0.538462,1
202310,perez,1,28,28.060000,15:46:50,PUBLIC_DERIVED,red_bull,52,0.538462,1
202310,piastri,1,29,28.655000,15:48:05,PUBLIC_DERIVED,mclaren,52,0.557692,1
202310,sargeant,1,29,28.847000,15:48:37,PUBLIC_DERIVED,williams,52,0.557692,1
202310,gasly,1,31,28.458000,15:51:30,PUBLIC_DERIVED,alpine,46,0.673913,1
202310,stroll,1,31,28.561000,15:51:39,PUBLIC_DERIVED,aston_martin,52,0.596154,1
202310,albon,1,32,29.634000,15:53:10,PUBLIC_DERIVED,williams,52,0.615385,1
202310,leclerc,2,32,28.805000,15:53:11,PUBLIC_DERIVED,ferrari,52,0.615385,1
202310,bottas,1,32,29.662000,15:53:38,PUBLIC_DERIVED,alfa,52,0.615385,1
202310,tsunoda,2,32,28.603000,15:53:48,PUBLIC_DERIVED,alphatauri,52,0.615385,1
202310,de_vries,2,32,28.413000,15:53:55,PUBLIC_DERIVED,alphatauri,52,0.615385,1
202310,hulkenberg,2,32,30.003000,15:54:11,PUBLIC_DERIVED,haas,52,0.615385,1
202310,max_verstappen,1,33,29.056000,15:54:29,PUBLIC_DERIVED,red_bull,52,0.634615,1
202310,norris,1,33,28.438000,15:54:43,PUBLIC_DERIVED,mclaren,52,0.634615,1
202310,hamilton,1,33,29.169000,15:54:58,PUBLIC_DERIVED,mercedes,52,0.634615,1
202310,alonso,1,33,28.679000,15:55:09,PUBLIC_DERIVED,aston_martin,52,0.634615,1
202310,zhou,2,33,28.709000,15:56:08,PUBLIC_DERIVED,alfa,52,0.634615,1
202310,zhou,3,36,34.374000,16:02:39,PUBLIC_DERIVED,alfa,52,0.692308,1
202311,albon,1,8,22.076000,15:14:47,PUBLIC_DERIVED,williams,69,0.115942,1
202311,stroll,1,9,21.910000,15:16:10,PUBLIC_DERIVED,aston_martin,69,0.130435,1
202311,tsunoda,1,9,26.170000,15:16:10,PUBLIC_DERIVED,alphatauri,69,0.130435,1
202311,bottas,1,9,22.114000,15:16:11,PUBLIC_DERIVED,alfa,69,0.130435,1
202311,zhou,1,10,29.211000,15:17:40,PUBLIC_DERIVED,alfa,69,0.144928,1
202311,sargeant,1,13,24.001000,15:21:59,PUBLIC_DERIVED,williams,67,0.194030,1
202311,kevin_magnussen,1,14,22.753000,15:23:24,PUBLIC_DERIVED,haas,69,0.202899,1
202311,sainz,1,15,21.402000,15:24:37,PUBLIC_DERIVED,ferrari,70,0.214286,1
202311,hamilton,1,16,21.974000,15:25:56,PUBLIC_DERIVED,mercedes,70,0.228571,1
202311,hulkenberg,1,16,22.922000,15:26:11,PUBLIC_DERIVED,haas,69,0.231884,1
202311,norris,1,17,21.541000,15:27:16,PUBLIC_DERIVED,mclaren,70,0.242857,1
202311,leclerc,1,17,28.404000,15:27:23,PUBLIC_DERIVED,ferrari,70,0.242857,1
202311,piastri,1,18,21.171000,15:28:39,PUBLIC_DERIVED,mclaren,70,0.257143,1
202311,ricciardo,1,18,21.958000,15:29:10,PUBLIC_DERIVED,alphatauri,69,0.260870,1
202311,alonso,1,20,22.916000,15:31:46,PUBLIC_DERIVED,aston_martin,70,0.285714,1
202311,max_verstappen,1,23,21.407000,15:35:32,PUBLIC_DERIVED,red_bull,70,0.328571,1
202311,perez,1,24,21.862000,15:37:20,PUBLIC_DERIVED,red_bull,70,0.342857,1
202311,russell,1,28,21.886000,15:43:20,PUBLIC_DERIVED,mercedes,70,0.400000,1
202311,ricciardo,2,29,22.203000,15:45:13,PUBLIC_DERIVED,alphatauri,69,0.420290,1
202311,albon,2,31,21.762000,15:47:54,PUBLIC_DERIVED,williams,69,0.449275,1
202311,stroll,2,34,22.403000,15:52:02,PUBLIC_DERIVED,aston_martin,69,0.492754,1
202311,sargeant,2,34,22.197000,15:52:24,PUBLIC_DERIVED,williams,67,0.507463,1
202311,hulkenberg,2,38,21.955000,15:57:58,PUBLIC_DERIVED,haas,69,0.550725,1
202311,zhou,2,38,22.853000,15:58:02,PUBLIC_DERIVED,alfa,69,0.550725,1
202311,bottas,2,40,23.242000,16:00:39,PUBLIC_DERIVED,alfa,69,0.579710,1
202311,kevin_magnussen,2,41,22.152000,16:02:32,PUBLIC_DERIVED,haas,69,0.594203,1
202311,piastri,2,42,22.030000,16:02:48,PUBLIC_DERIVED,mclaren,70,0.600000,1
202311,perez,2,42,20.880000,16:02:51,PUBLIC_DERIVED,red_bull,70,0.600000,1
202311,leclerc,2,43,21.452000,16:04:31,PUBLIC_DERIVED,ferrari,70,0.614286,1
202311,alonso,2,43,24.152000,16:04:39,PUBLIC_DERIVED,aston_martin,70,0.614286,1
202311,norris,2,44,21.430000,16:05:28,PUBLIC_DERIVED,mclaren,70,0.628571,1
202311,sainz,2,44,22.051000,16:05:56,PUBLIC_DERIVED,ferrari,70,0.628571,1
202311,tsunoda,2,44,21.181000,16:06:33,PUBLIC_DERIVED,alphatauri,69,0.637681,1
202311,russell,2,46,21.675000,16:08:49,PUBLIC_DERIVED,mercedes,70,0.657143,1
202311,hamilton,2,49,21.728000,16:12:41,PUBLIC_DERIVED,mercedes,70,0.700000,1
202311,max_verstappen,2,51,21.680000,16:14:53,PUBLIC_DERIVED,red_bull,70,0.728571,1
202312,norris,1,5,25.012000,15:13:27,PUBLIC_DERIVED,mclaren,44,0.113636,1
202312,kevin_magnussen,1,5,23.638000,15:13:30,PUBLIC_DERIVED,haas,44,0.113636,1
202312,ricciardo,1,5,22.843000,15:13:31,PUBLIC_DERIVED,alphatauri,44,0.113636,1
202312,ocon,1,6,23.085000,15:15:23,PUBLIC_DERIVED,alpine,44,0.136364,1
202312,bottas,1,6,23.362000,15:15:24,PUBLIC_DERIVED,alfa,44,0.136364,1
202312,albon,1,7,25.015000,15:17:14,PUBLIC_DERIVED,williams,44,0.159091,1
202312,sainz,1,7,23.303000,15:17:20,PUBLIC_DERIVED,ferrari,23,0.304348,1
202312,zhou,1,7,24.449000,15:17:21,PUBLIC_DERIVED,alfa,44,0.159091,1
202312,sargeant,1,8,23.570000,15:19:14,PUBLIC_DERIVED,williams,44,0.181818,1
202312,tsunoda,1,9,22.610000,15:20:59,PUBLIC_DERIVED,alphatauri,44,0.204545,1
202312,alonso,1,10,23.085000,15:22:48,PUBLIC_DERIVED,aston_martin,44,0.227273,1
202312,hamilton,1,12,23.090000,15:26:27,PUBLIC_DERIVED,mercedes,44,0.272727,1
202312,hulkenberg,1,12,24.571000,15:26:56,PUBLIC_DERIVED,haas,44,0.272727,1
202312,perez,1,13,23.684000,15:28:09,PUBLIC_DERIVED,red_bull,44,0.295455,1
202312,leclerc,1,13,23.224000,15:28:16,PUBLIC_DERIVED,ferrari,44,0.295455,1
202312,max_verstappen,1,14,22.887000,15:30:04,PUBLIC_DERIVED,red_bull,44,0.318182,1
202312,norris,2,17,23.744000,15:36:37,PUBLIC_DERIVED,mclaren,44,0.386364,1
202312,stroll,1,20,25.397000,15:42:12,PUBLIC_DERIVED,aston_martin,44,0.454545,1
202312,russell,1,22,23.837000,15:46:00,PUBLIC_DERIVED,mercedes,44,0.500000,1
202312,ricciardo,2,22,23.290000,15:46:18,PUBLIC_DERIVED,alphatauri,44,0.500000,1
202312,gasly,1,23,25.664000,15:48:00,PUBLIC_DERIVED,alpine,44,0.522727,1
202312,albon,2,23,23.596000,15:48:02,PUBLIC_DERIVED,williams,44,0.522727,1
202312,tsunoda,2,24,22.737000,15:49:52,PUBLIC_DERIVED,alphatauri,44,0.545455,1
202312,bottas,2,24,23.786000,15:50:02,PUBLIC_DERIVED,alfa,44,0.545455,1
202312,hulkenberg,2,24,25.238000,15:50:04,PUBLIC_DERIVED,haas,44,0.545455,1
202312,sargeant,2,24,23.938000,15:50:09,PUBLIC_DERIVED,williams,44,0.545455,1
202312,ocon,2,25,23.339000,15:51:50,PUBLIC_DERIVED,alpine,44,0.568182,1
202312,kevin_magnussen,2,25,23.572000,15:51:55,PUBLIC_DERIVED,haas,44,0.568182,1
202312,zhou,2,25,24.045000,15:52:01,PUBLIC_DERIVED,alfa,44,0.568182,1
202312,hamilton,2,27,23.023000,15:55:00,PUBLIC_DERIVED,mercedes,44,0.613636,1
202312,leclerc,2,28,23.148000,15:56:48,PUBLIC_DERIVED,ferrari,44,0.636364,1
202312,perez,2,29,22.710000,15:58:34,PUBLIC_DERIVED,red_bull,44,0.659091,1
202312,alonso,2,29,23.798000,15:59:01,PUBLIC_DERIVED,aston_martin,44,0.659091,1
202312,max_verstappen,2,30,23.012000,16:00:16,PUBLIC_DERIVED,red_bull,44,0.681818,1
202312,albon,3,33,23.529000,16:07:06,PUBLIC_DERIVED,williams,44,0.750000,1
202312,sargeant,3,34,23.109000,16:09:09,PUBLIC_DERIVED,williams,44,0.772727,1
202312,hamilton,3,42,23.156000,16:23:05,PUBLIC_DERIVED,mercedes,44,0.954545,1
202313,perez,1,1,22.666000,15:04:43,PUBLIC_DERIVED,red_bull,72,0.013889,1
202313,leclerc,1,1,32.686000,15:04:46,PUBLIC_DERIVED,ferrari,41,0.024390,1
202313,gasly,1,1,28.469000,15:04:47,PUBLIC_DERIVED,alpine,72,0.013889,1
202313,zhou,1,1,23.088000,15:04:49,PUBLIC_DERIVED,alfa,62,0.016129,1
202313,tsunoda,1,1,32.321000,15:04:50,PUBLIC_DERIVED,alphatauri,72,0.013889,1
202313,lawson,1,1,42.641000,15:04:53,PUBLIC_DERIVED,alphatauri,72,0.013889,1
202313,kevin_magnussen,1,1,31.341000,15:04:55,PUBLIC_DERIVED,haas,72,0.013889,1
202313,max_verstappen,1,2,20.379000,15:06:25,PUBLIC_DERIVED,red_bull,72,0.027778,1
202313,alonso,1,2,20.647000,15:06:26,PUBLIC_DERIVED,aston_martin,72,0.027778,1
202313,sainz,1,2,20.973000,15:06:31,PUBLIC_DERIVED,ferrari,72,0.027778,1
202313,ocon,1,2,22.534000,15:06:39,PUBLIC_DERIVED,alpine,72,0.027778,1
202313,norris,1,3,20.170000,15:08:18,PUBLIC_DERIVED,mclaren,72,0.041667,1
202313,hamilton,1,3,20.266000,15:08:35,PUBLIC_DERIVED,mercedes,72,0.041667,1
202313,russell,1,4,21.201000,15:10:00,PUBLIC_DERIVED,mercedes,72,0.055556,1
202313,stroll,1,4,20.036000,15:10:16,PUBLIC_DERIVED,aston_martin,72,0.055556,1
202313,kevin_magnussen,2,9,20.137000,15:16:59,PUBLIC_DERIVED,haas,72,0.125000,1
202313,hamilton,2,9,19.970000,15:17:26,PUBLIC_DERIVED,mercedes,72,0.125000,1
202313,stroll,2,9,20.208000,15:17:44,PUBLIC_DERIVED,aston_martin,72,0.125000,1
202313,zhou,2,10,20.231000,15:18:09,PUBLIC_DERIVED,alfa,62,0.161290,1
202313,alonso,2,10,20.109000,15:18:10,PUBLIC_DERIVED,aston_martin,72,0.138889,1
202313,sainz,2,10,19.511000,15:18:16,PUBLIC_DERIVED,ferrari,72,0.138889,1
202313,tsunoda,2,10,18.904000,15:18:24,PUBLIC_DERIVED,alphatauri,72,0.138889,1
202313,ocon,2,10,19.795000,15:18:26,PUBLIC_DERIVED,alpine,72,0.138889,1
202313,norris,2,10,20.395000,15:18:33,PUBLIC_DERIVED,mclaren,72,0.138889,1
202313,lawson,2,10,30.836000,15:18:37,PUBLIC_DERIVED,alphatauri,72,0.138889,1
202313,russell,2,10,20.148000,15:18:55,PUBLIC_DERIVED,mercedes,72,0.138889,1
202313,max_verstappen,2,11,19.289000,15:19:24,PUBLIC_DERIVED,red_bull,72,0.152778,1
202313,gasly,2,11,19.518000,15:19:34,PUBLIC_DERIVED,alpine,72,0.152778,1
202313,leclerc,2,11,27.202000,15:19:46,PUBLIC_DERIVED,ferrari,41,0.268293,1
202313,perez,2,12,19.460000,15:20:46,PUBLIC_DERIVED,red_bull,72,0.166667,1
202313,piastri,1,15,18.979000,15:25:18,PUBLIC_DERIVED,mclaren,72,0.208333,1
202313,bottas,1,16,20.187000,15:27:09,PUBLIC_DERIVED,alfa,72,0.222222,1
202313,hulkenberg,1,16,20.438000,15:27:10,PUBLIC_DERIVED,haas,72,0.222222,1
202313,russell,3,16,19.607000,15:27:30,PUBLIC_DERIVED,mercedes,72,0.222222,1
202313,stroll,3,16,19.653000,15:27:53,PUBLIC_DERIVED,aston_martin,72,0.222222,1
202313,lawson,3,17,19.600000,15:29:22,PUBLIC_DERIVED,alphatauri,72,0.236111,1
202313,stroll,4,34,19.923000,15:53:38,PUBLIC_DERIVED,aston_martin,72,0.472222,1
202313,kevin_magnussen,3,35,20.510000,15:54:48,PUBLIC_DERIVED,haas,72,0.486111,1
202313,zhou,3,37,20.469000,15:57:19,PUBLIC_DERIVED,alfa,62,0.596774,1
202313,sainz,3,41,19.398000,16:02:07,PUBLIC_DERIVED,ferrari,72,0.569444,1
202313,norris,3,42,18.878000,16:03:37,PUBLIC_DERIVED,mclaren,72,0.583333,1
202313,ocon,3,43,19.024000,16:04:50,PUBLIC_DERIVED,alpine,72,0.597222,1
202313,albon,1,44,19.667000,16:06:01,PUBLIC_DERIVED,williams,72,0.611111,1
202313,perez,3,45,18.789000,16:06:58,PUBLIC_DERIVED,red_bull,72,0.625000,1
202313,hamilton,3,45,19.327000,16:07:26,PUBLIC_DERIVED,mercedes,72,0.625000,1
202313,gasly,3,46,25.404000,16:08:21,PUBLIC_DERIVED,alpine,72,0.638889,1
202313,piastri,2,46,19.120000,16:08:46,PUBLIC_DERIVED,mclaren,72,0.638889,1
202313,lawson,4,46,19.192000,16:09:09,PUBLIC_DERIVED,alphatauri,72,0.638889,1
202313,bottas,2,47,20.213000,16:10:17,PUBLIC_DERIVED,alfa,72,0.652778,1
202313,alonso,3,48,25.147000,16:10:51,PUBLIC_DERIVED,aston_martin,72,0.666667,1
202313,hulkenberg,2,48,19.713000,16:11:31,PUBLIC_DERIVED,haas,72,0.666667,1
202313,max_verstappen,3,49,18.706000,16:11:52,PUBLIC_DERIVED,red_bull,72,0.680556,1
202313,bottas,3,59,19.735000,16:25:45,PUBLIC_DERIVED,alfa,72,0.819444,1
202313,lawson,5,59,19.307000,16:25:48,PUBLIC_DERIVED,alphatauri,72,0.819444,1
202313,perez,4,60,27.596000,16:26:00,PUBLIC_DERIVED,red_bull,72,0.833333,1
202313,gasly,4,60,20.417000,16:26:21,PUBLIC_DERIVED,alpine,72,0.833333,1
202313,sainz,4,60,19.838000,16:26:22,PUBLIC_DERIVED,ferrari,72,0.833333,1
202313,hamilton,4,60,20.779000,16:26:30,PUBLIC_DERIVED,mercedes,72,0.833333,1
202313,russell,4,60,24.019000,16:26:34,PUBLIC_DERIVED,mercedes,72,0.833333,1
202313,norris,4,60,19.871000,16:26:35,PUBLIC_DERIVED,mclaren,72,0.833333,1
202313,piastri,3,60,22.376000,16:26:40,PUBLIC_DERIVED,mclaren,72,0.833333,1
202313,tsunoda,3,60,20.602000,16:26:50,PUBLIC_DERIVED,alphatauri,72,0.833333,1
202313,zhou,4,60,21.439000,16:26:53,PUBLIC_DERIVED,alfa,62,0.967742,1
202313,stroll,5,60,21.532000,16:26:58,PUBLIC_DERIVED,aston_martin,72,0.833333,1
202313,hulkenberg,3,60,23.582000,16:26:58,PUBLIC_DERIVED,haas,72,0.833333,1
202313,kevin_magnussen,4,60,23.584000,16:27:09,PUBLIC_DERIVED,haas,72,0.833333,1
202313,max_verstappen,4,61,19.429000,16:27:10,PUBLIC_DERIVED,red_bull,72,0.847222,1
202313,alonso,4,61,20.655000,16:27:35,PUBLIC_DERIVED,aston_martin,72,0.847222,1
202313,albon,2,61,21.300000,16:27:57,PUBLIC_DERIVED,williams,72,0.847222,1
202313,ocon,4,61,22.096000,16:28:03,PUBLIC_DERIVED,alpine,72,0.847222,1
202313,max_verstappen,5,63,20.402000,16:30:26,PUBLIC_DERIVED,red_bull,72,0.875000,1
202313,perez,5,63,2461.612000,16:31:04,PUBLIC_DERIVED,red_bull,72,0.875000,0
202313,norris,5,63,2443.212000,16:31:28,PUBLIC_DERIVED,mclaren,72,0.875000,0
202313,russell,5,63,2446.251000,16:31:31,PUBLIC_DERIVED,mercedes,72,0.875000,0
202313,albon,3,63,2443.475000,16:31:37,PUBLIC_DERIVED,williams,72,0.875000,0
202313,piastri,4,63,2434.653000,16:31:49,PUBLIC_DERIVED,mclaren,72,0.875000,0
202313,ocon,5,63,2432.201000,16:31:53,PUBLIC_DERIVED,alpine,72,0.875000,0
202313,tsunoda,4,63,2414.895000,16:32:13,PUBLIC_DERIVED,alphatauri,72,0.875000,0
202313,stroll,6,63,2410.734000,16:32:20,PUBLIC_DERIVED,aston_martin,72,0.875000,0
202313,hulkenberg,4,63,2410.704000,16:32:22,PUBLIC_DERIVED,haas,72,0.875000,0
202313,bottas,4,63,2405.113000,16:32:29,PUBLIC_DERIVED,alfa,72,0.875000,0
202313,lawson,6,63,2396.340000,16:32:43,PUBLIC_DERIVED,alphatauri,72,0.875000,0
202313,kevin_magnussen,5,63,2394.733000,16:32:48,PUBLIC_DERIVED,haas,72,0.875000,0
202313,max_verstappen,6,64,2483.382000,16:32:50,PUBLIC_DERIVED,red_bull,72,0.888889,0
202313,alonso,5,64,2455.302000,16:33:22,PUBLIC_DERIVED,aston_martin,72,0.888889,0
202313,gasly,5,64,2443.169000,16:33:40,PUBLIC_DERIVED,alpine,72,0.888889,0
202313,sainz,5,64,2443.147000,16:33:44,PUBLIC_DERIVED,ferrari,72,0.888889,0
202313,hamilton,5,64,2431.108000,16:33:59,PUBLIC_DERIVED,mercedes,72,0.888889,0
202313,perez,6,64,35.592000,17:13:46,PUBLIC_DERIVED,red_bull,72,0.888889,1
202313,norris,6,64,44.272000,17:13:49,PUBLIC_DERIVED,mclaren,72,0.888889,1
202313,russell,6,64,39.845000,17:13:59,PUBLIC_DERIVED,mercedes,72,0.888889,1
202313,albon,4,64,39.234000,17:14:02,PUBLIC_DERIVED,williams,72,0.888889,1
202313,piastri,5,64,38.453000,17:14:06,PUBLIC_DERIVED,mclaren,72,0.888889,1
202313,ocon,6,64,37.037000,17:14:09,PUBLIC_DERIVED,alpine,72,0.888889,1
202313,tsunoda,5,64,34.901000,17:14:14,PUBLIC_DERIVED,alphatauri,72,0.888889,1
202313,stroll,7,64,33.553000,17:14:17,PUBLIC_DERIVED,aston_martin,72,0.888889,1
202313,hulkenberg,5,64,32.884000,17:14:19,PUBLIC_DERIVED,haas,72,0.888889,1
202313,bottas,5,64,32.518000,17:14:22,PUBLIC_DERIVED,alfa,72,0.888889,1
202313,lawson,7,64,31.306000,17:14:27,PUBLIC_DERIVED,alphatauri,72,0.888889,1
202313,kevin_magnussen,6,64,30.628000,17:14:31,PUBLIC_DERIVED,haas,72,0.888889,1
202313,russell,7,67,22.379000,17:20:51,PUBLIC_DERIVED,mercedes,72,0.930556,1
202314,gasly,1,10,27.376000,15:38:07,PUBLIC_DERIVED,alpine,51,0.196078,1
202314,zhou,1,11,24.396000,15:39:33,PUBLIC_DERIVED,alfa,51,0.215686,1
202314,kevin_magnussen,1,12,24.660000,15:41:12,PUBLIC_DERIVED,haas,50,0.240000,1
202314,lawson,1,13,24.212000,15:42:27,PUBLIC_DERIVED,alphatauri,51,0.254902,1
202314,hulkenberg,1,14,26.095000,15:43:56,PUBLIC_DERIVED,haas,50,0.280000,1
202314,sargeant,1,14,24.779000,15:43:57,PUBLIC_DERIVED,williams,51,0.274510,1
202314,albon,1,15,24.538000,15:45:13,PUBLIC_DERIVED,williams,51,0.294118,1
202314,sainz,1,19,25.183000,15:50:52,PUBLIC_DERIVED,ferrari,51,0.372549,1
202314,russell,1,19,24.215000,15:50:56,PUBLIC_DERIVED,mercedes,51,0.372549,1
202314,max_verstappen,1,20,24.228000,15:52:13,PUBLIC_DERIVED,red_bull,51,0.392157,1
202314,leclerc,1,20,23.931000,15:52:19,PUBLIC_DERIVED,ferrari,51,0.392157,1
202314,stroll,1,20,25.667000,15:52:50,PUBLIC_DERIVED,aston_martin,51,0.392157,1
202314,perez,1,21,23.819000,15:53:46,PUBLIC_DERIVED,red_bull,51,0.411765,1
202314,alonso,1,21,24.798000,15:54:03,PUBLIC_DERIVED,aston_martin,51,0.411765,1
202314,norris,1,22,23.727000,15:55:26,PUBLIC_DERIVED,mclaren,51,0.431373,1
202314,piastri,1,23,24.133000,15:56:53,PUBLIC_DERIVED,mclaren,51,0.450980,1
202314,ocon,1,24,24.249000,15:58:45,PUBLIC_DERIVED,alpine,39,0.615385,1
202314,bottas,1,25,24.658000,16:00:06,PUBLIC_DERIVED,alfa,51,0.490196,1
202314,hamilton,1,27,24.255000,16:02:46,PUBLIC_DERIVED,mercedes,51,0.529412,1
202314,gasly,2,31,24.686000,16:09:08,PUBLIC_DERIVED,alpine,51,0.607843,1
202314,lawson,2,33,24.281000,16:11:56,PUBLIC_DERIVED,alphatauri,51,0.647059,1
202314,zhou,2,33,25.959000,16:11:58,PUBLIC_DERIVED,alfa,51,0.647059,1
202314,kevin_magnussen,2,33,24.765000,16:12:15,PUBLIC_DERIVED,haas,50,0.660000,1
202314,hulkenberg,2,39,24.328000,16:20:52,PUBLIC_DERIVED,haas,50,0.780000,1
202314,piastri,2,41,31.799000,16:23:21,PUBLIC_DERIVED,mclaren,51,0.803922,1
202315,zhou,1,2,30.032000,20:07:21,PUBLIC_DERIVED,alfa,62,0.032258,1
202315,sargeant,1,19,63.543000,20:36:42,PUBLIC_DERIVED,williams,62,0.306452,0
202315,sainz,1,20,29.499000,20:37:19,PUBLIC_DERIVED,ferrari,62,0.322581,1
202315,leclerc,1,20,32.888000,20:37:28,PUBLIC_DERIVED,ferrari,62,0.322581,1
202315,russell,1,20,29.976000,20:37:29,PUBLIC_DERIVED,mercedes,61,0.327869,1
202315,norris,1,20,29.485000,20:37:31,PUBLIC_DERIVED,mclaren,62,0.322581,1
202315,hamilton,1,20,32.631000,20:37:33,PUBLIC_DERIVED,mercedes,62,0.322581,1
202315,alonso,1,20,30.670000,20:37:39,PUBLIC_DERIVED,aston_martin,62,0.322581,1
202315,ocon,1,20,29.755000,20:37:43,PUBLIC_DERIVED,alpine,42,0.476190,1
202315,kevin_magnussen,1,20,31.475000,20:37:50,PUBLIC_DERIVED,haas,62,0.322581,1
202315,hulkenberg,1,20,35.497000,20:37:53,PUBLIC_DERIVED,haas,62,0.322581,1
202315,gasly,1,20,31.802000,20:37:54,PUBLIC_DERIVED,alpine,62,0.322581,1
202315,lawson,1,20,32.348000,20:37:55,PUBLIC_DERIVED,alphatauri,62,0.322581,1
202315,piastri,1,20,29.369000,20:37:58,PUBLIC_DERIVED,mclaren,62,0.322581,1
202315,albon,1,20,30.138000,20:37:59,PUBLIC_DERIVED,williams,62,0.322581,1
202315,zhou,2,20,30.637000,20:38:30,PUBLIC_DERIVED,alfa,62,0.322581,1
202315,perez,1,39,28.977000,21:11:53,PUBLIC_DERIVED,red_bull,62,0.629032,1
202315,max_verstappen,1,40,29.698000,21:13:21,PUBLIC_DERIVED,red_bull,62,0.645161,1
202315,bottas,1,40,30.487000,21:13:47,PUBLIC_DERIVED,alfa,51,0.784314,1
202315,albon,2,43,29.787000,21:18:51,PUBLIC_DERIVED,williams,62,0.693548,1
202315,kevin_magnussen,2,43,33.078000,21:19:04,PUBLIC_DERIVED,haas,62,0.693548,1
202315,sargeant,2,43,31.018000,21:19:17,PUBLIC_DERIVED,williams,62,0.693548,1
202315,russell,2,44,30.039000,21:20:21,PUBLIC_DERIVED,mercedes,61,0.721311,1
202315,hamilton,2,44,33.581000,21:20:24,PUBLIC_DERIVED,mercedes,62,0.709677,1
202315,alonso,2,44,52.708000,21:20:59,PUBLIC_DERIVED,aston_martin,62,0.709677,1
202316,albon,1,1,50.143000,14:06:29,PUBLIC_DERIVED,williams,26,0.038462,1
202316,zhou,1,1,41.041000,14:06:34,PUBLIC_DERIVED,alfa,52,0.019231,1
202316,ocon,1,1,27.056000,14:06:45,PUBLIC_DERIVED,alpine,53,0.018868,1
202316,bottas,1,1,55.802000,14:06:58,PUBLIC_DERIVED,alfa,7,0.142857,1
202316,perez,1,2,32.450000,14:08:56,PUBLIC_DERIVED,red_bull,15,0.133333,1
202316,sargeant,1,2,32.715000,14:09:11,PUBLIC_DERIVED,williams,22,0.090909,1
202316,sargeant,2,5,43.868000,14:16:24,PUBLIC_DERIVED,williams,22,0.227273,1
202316,bottas,2,6,53.512000,14:18:28,PUBLIC_DERIVED,alfa,7,0.857143,1
202316,hulkenberg,1,8,23.520000,14:21:18,PUBLIC_DERIVED,haas,52,0.153846,1
202316,tsunoda,1,9,22.944000,14:22:56,PUBLIC_DERIVED,alphatauri,52,0.173077,1
202316,lawson,1,10,23.136000,14:24:35,PUBLIC_DERIVED,alphatauri,52,0.192308,1
202316,zhou,2,10,24.091000,14:24:44,PUBLIC_DERIVED,alfa,52,0.192308,1
202316,alonso,1,11,24.086000,14:26:10,PUBLIC_DERIVED,aston_martin,53,0.207547,1
202316,perez,2,12,41.499000,14:28:22,PUBLIC_DERIVED,red_bull,15,0.800000,1
202316,kevin_magnussen,1,12,23.816000,14:28:23,PUBLIC_DERIVED,haas,52,0.230769,1
202316,piastri,1,13,24.455000,14:29:24,PUBLIC_DERIVED,mclaren,53,0.245283,1
202316,albon,2,13,52.165000,14:29:58,PUBLIC_DERIVED,williams,26,0.500000,1
202316,stroll,1,14,23.441000,14:31:37,PUBLIC_DERIVED,aston_martin,20,0.700000,1
202316,perez,3,13,2485.913000,14:31:50,PUBLIC_DERIVED,red_bull,15,0.866667,0
202316,max_verstappen,1,16,24.382000,14:34:31,PUBLIC_DERIVED,red_bull,53,0.301887,1
202316,hamilton,1,16,24.841000,14:34:49,PUBLIC_DERIVED,mercedes,53,0.301887,1
202316,norris,1,17,23.523000,14:36:20,PUBLIC_DERIVED,mclaren,53,0.320755,1
202316,leclerc,1,17,23.197000,14:36:23,PUBLIC_DERIVED,ferrari,53,0.320755,1
202316,sainz,1,18,23.075000,14:38:04,PUBLIC_DERIVED,ferrari,53,0.339623,1
202316,gasly,1,18,24.488000,14:38:20,PUBLIC_DERIVED,alpine,53,0.339623,1
202316,hulkenberg,2,21,23.660000,14:43:39,PUBLIC_DERIVED,haas,52,0.403846,1
202316,sargeant,3,21,35.182000,14:44:16,PUBLIC_DERIVED,williams,22,0.954545,1
202316,russell,1,24,24.034000,14:48:05,PUBLIC_DERIVED,mercedes,53,0.452830,1
202316,alonso,2,25,24.294000,14:50:07,PUBLIC_DERIVED,aston_martin,53,0.471698,1
202316,lawson,2,25,23.671000,14:50:20,PUBLIC_DERIVED,alphatauri,52,0.480769,1
202316,ocon,2,28,23.789000,14:55:08,PUBLIC_DERIVED,alpine,53,0.528302,1
202316,zhou,3,29,24.116000,14:57:06,PUBLIC_DERIVED,alfa,52,0.557692,1
202316,tsunoda,2,30,23.327000,14:58:41,PUBLIC_DERIVED,alphatauri,52,0.576923,1
202316,kevin_magnussen,2,31,23.858000,15:00:39,PUBLIC_DERIVED,haas,52,0.596154,1
202316,leclerc,2,34,22.926000,15:04:38,PUBLIC_DERIVED,ferrari,53,0.641509,1
202316,hamilton,2,34,23.631000,15:04:43,PUBLIC_DERIVED,mercedes,53,0.641509,1
202316,gasly,2,34,24.651000,15:05:03,PUBLIC_DERIVED,alpine,53,0.641509,1
202316,piastri,2,35,23.198000,15:06:11,PUBLIC_DERIVED,mclaren,53,0.660377,1
202316,norris,2,36,23.182000,15:07:43,PUBLIC_DERIVED,mclaren,53,0.679245,1
202316,max_verstappen,2,37,23.696000,15:09:05,PUBLIC_DERIVED,red_bull,53,0.698113,1
202316,hulkenberg,3,37,23.338000,15:10:23,PUBLIC_DERIVED,haas,52,0.711538,1
202316,sainz,2,38,23.374000,15:11:15,PUBLIC_DERIVED,ferrari,53,0.716981,1
202316,perez,4,14,30.651000,15:14:59,PUBLIC_DERIVED,red_bull,15,0.933333,1
202317,russell,1,1,39.686000,20:05:46,PUBLIC_DERIVED,mercedes,57,0.017544,1
202317,bottas,1,3,29.977000,20:10:22,PUBLIC_DERIVED,alfa,57,0.052632,1
202317,kevin_magnussen,1,3,28.743000,20:10:26,PUBLIC_DERIVED,haas,56,0.053571,1
202317,stroll,1,3,28.886000,20:10:27,PUBLIC_DERIVED,aston_martin,57,0.052632,1
202317,lawson,1,3,29.330000,20:10:28,PUBLIC_DERIVED,alphatauri,56,0.053571,1
202317,tsunoda,1,9,27.781000,20:20:28,PUBLIC_DERIVED,alphatauri,56,0.160714,1
202317,ocon,1,10,28.961000,20:21:53,PUBLIC_DERIVED,alpine,57,0.175439,1
202317,alonso,1,11,28.373000,20:23:19,PUBLIC_DERIVED,aston_martin,57,0.192982,1
202317,gasly,1,11,28.429000,20:23:25,PUBLIC_DERIVED,alpine,57,0.192982,1
202317,piastri,1,12,28.875000,20:24:45,PUBLIC_DERIVED,mclaren,57,0.210526,1
202317,leclerc,1,12,28.228000,20:24:49,PUBLIC_DERIVED,ferrari,57,0.210526,1
202317,norris,1,13,28.134000,20:26:21,PUBLIC_DERIVED,mclaren,57,0.228070,1
202317,hulkenberg,1,13,39.879000,20:26:32,PUBLIC_DERIVED,haas,56,0.232143,1
202317,sargeant,1,13,29.436000,20:26:35,PUBLIC_DERIVED,williams,40,0.325000,1
202317,russell,2,14,28.542000,20:27:57,PUBLIC_DERIVED,mercedes,57,0.245614,1
202317,max_verstappen,1,17,28.233000,20:32:05,PUBLIC_DERIVED,red_bull,57,0.298246,1
202317,perez,1,17,27.808000,20:32:32,PUBLIC_DERIVED,red_bull,57,0.298246,1
202317,albon,1,18,29.253000,20:33:58,PUBLIC_DERIVED,williams,57,0.315789,1
202317,zhou,1,18,28.984000,20:34:06,PUBLIC_DERIVED,alfa,57,0.315789,1
202317,bottas,2,21,29.387000,20:38:42,PUBLIC_DERIVED,alfa,57,0.368421,1
202317,stroll,2,21,28.156000,20:38:45,PUBLIC_DERIVED,aston_martin,57,0.368421,1
202317,kevin_magnussen,2,21,28.948000,20:38:52,PUBLIC_DERIVED,haas,56,0.375000,1
202317,lawson,2,21,28.665000,20:38:54,PUBLIC_DERIVED,alphatauri,56,0.375000,1
202317,tsunoda,2,22,27.596000,20:40:25,PUBLIC_DERIVED,alphatauri,56,0.392857,1
202317,piastri,2,25,27.868000,20:44:26,PUBLIC_DERIVED,mclaren,57,0.438596,1
202317,leclerc,2,25,27.873000,20:44:40,PUBLIC_DERIVED,ferrari,57,0.438596,1
202317,ocon,2,25,28.969000,20:44:42,PUBLIC_DERIVED,alpine,57,0.438596,1
202317,alonso,2,26,28.432000,20:46:01,PUBLIC_DERIVED,aston_martin,57,0.456140,1
202317,gasly,2,26,30.192000,20:46:12,PUBLIC_DERIVED,alpine,57,0.456140,1
202317,sargeant,2,26,29.373000,20:46:27,PUBLIC_DERIVED,williams,40,0.650000,1
202317,norris,2,27,27.611000,20:47:29,PUBLIC_DERIVED,mclaren,57,0.473684,1
202317,hulkenberg,2,27,28.274000,20:47:58,PUBLIC_DERIVED,haas,56,0.482143,1
202317,perez,2,31,33.246000,20:53:34,PUBLIC_DERIVED,red_bull,57,0.543860,1
202317,albon,2,31,28.747000,20:53:43,PUBLIC_DERIVED,williams,57,0.543860,1
202317,russell,3,32,28.314000,20:54:52,PUBLIC_DERIVED,mercedes,57,0.561404,1
202317,max_verstappen,2,34,28.103000,20:57:24,PUBLIC_DERIVED,red_bull,57,0.596491,1
202317,zhou,2,35,28.854000,20:59:41,PUBLIC_DERIVED,alfa,57,0.614035,1
202317,bottas,3,39,28.946000,21:05:42,PUBLIC_DERIVED,alfa,57,0.684211,1
202317,stroll,3,39,29.399000,21:05:45,PUBLIC_DERIVED,aston_martin,57,0.684211,1
202317,kevin_magnussen,3,39,30.331000,21:05:53,PUBLIC_DERIVED,haas,56,0.696429,1
202317,lawson,3,39,28.171000,21:06:05,PUBLIC_DERIVED,alphatauri,56,0.696429,1
202317,hulkenberg,3,39,28.591000,21:06:08,PUBLIC_DERIVED,haas,56,0.696429,1
202317,tsunoda,3,40,27.809000,21:07:30,PUBLIC_DERIVED,alphatauri,56,0.714286,1
202317,piastri,3,43,27.489000,21:10:55,PUBLIC_DERIVED,mclaren,57,0.754386,1
202317,leclerc,3,43,27.513000,21:11:17,PUBLIC_DERIVED,ferrari,57,0.754386,1
202317,ocon,3,43,29.169000,21:11:27,PUBLIC_DERIVED,alpine,57,0.754386,1
202317,perez,3,43,33.165000,21:11:35,PUBLIC_DERIVED,red_bull,57,0.754386,1
202317,norris,3,44,27.677000,21:12:24,PUBLIC_DERIVED,mclaren,57,0.771930,1
202317,alonso,3,44,28.393000,21:12:50,PUBLIC_DERIVED,aston_martin,57,0.771930,1
202317,gasly,3,44,34.856000,21:12:58,PUBLIC_DERIVED,alpine,57,0.771930,1
202317,albon,3,44,28.981000,21:13:12,PUBLIC_DERIVED,williams,57,0.771930,1
202317,russell,4,50,28.191000,21:21:11,PUBLIC_DERIVED,mercedes,57,0.877193,1
202317,max_verstappen,3,51,29.726000,21:22:13,PUBLIC_DERIVED,red_bull,57,0.894737,1
202317,zhou,3,52,28.815000,21:24:48,PUBLIC_DERIVED,alfa,57,0.912281,1
202318,zhou,1,9,25.636000,14:19:22,PUBLIC_DERIVED,alfa,55,0.163636,1
202318,albon,1,10,24.563000,14:21:07,PUBLIC_DERIVED,williams,56,0.178571,1
202318,bottas,1,10,24.783000,14:21:09,PUBLIC_DERIVED,alfa,56,0.178571,1
202318,kevin_magnussen,1,10,25.067000,14:21:11,PUBLIC_DERIVED,haas,55,0.181818,1
202318,sargeant,1,11,24.990000,14:22:55,PUBLIC_DERIVED,williams,56,0.196429,1
202318,max_verstappen,1,16,23.756000,14:31:06,PUBLIC_DERIVED,red_bull,56,0.285714,1
202318,norris,1,17,24.155000,14:32:42,PUBLIC_DERIVED,mclaren,56,0.303571,1
202318,sainz,1,17,23.668000,14:32:54,PUBLIC_DERIVED,ferrari,56,0.303571,1
202318,perez,1,17,24.245000,14:32:58,PUBLIC_DERIVED,red_bull,56,0.303571,1
202318,tsunoda,1,17,24.354000,14:33:06,PUBLIC_DERIVED,alphatauri,56,0.303571,1
202318,gasly,1,18,23.900000,14:34:46,PUBLIC_DERIVED,alpine,56,0.321429,1
202318,alonso,1,19,25.055000,14:36:41,PUBLIC_DERIVED,aston_martin,49,0.387755,1
202318,hulkenberg,1,19,26.573000,14:36:48,PUBLIC_DERIVED,haas,56,0.339286,1
202318,hamilton,1,20,24.916000,14:37:53,PUBLIC_DERIVED,mercedes,56,0.357143,1
202318,stroll,1,20,24.457000,14:38:28,PUBLIC_DERIVED,aston_martin,56,0.357143,1
202318,russell,1,21,24.357000,14:39:49,PUBLIC_DERIVED,mercedes,56,0.375000,1
202318,ricciardo,1,22,24.364000,14:41:51,PUBLIC_DERIVED,alphatauri,55,0.400000,1
202318,leclerc,1,23,23.963000,14:43:10,PUBLIC_DERIVED,ferrari,56,0.410714,1
202318,zhou,2,27,24.717000,14:50:48,PUBLIC_DERIVED,alfa,55,0.490909,1
202318,bottas,2,28,25.020000,14:52:29,PUBLIC_DERIVED,alfa,56,0.500000,1
202318,albon,2,29,24.354000,14:54:08,PUBLIC_DERIVED,williams,56,0.517857,1
202318,kevin_magnussen,2,29,24.745000,14:54:24,PUBLIC_DERIVED,haas,55,0.527273,1
202318,sargeant,2,32,25.547000,14:59:24,PUBLIC_DERIVED,williams,56,0.571429,1
202318,norris,2,34,23.361000,15:01:53,PUBLIC_DERIVED,mclaren,56,0.607143,1
202318,tsunoda,2,34,24.125000,15:02:26,PUBLIC_DERIVED,alphatauri,56,0.607143,1
202318,hulkenberg,2,34,24.308000,15:02:47,PUBLIC_DERIVED,haas,56,0.607143,1
202318,max_verstappen,2,35,24.974000,15:03:31,PUBLIC_DERIVED,red_bull,56,0.625000,1
202318,sainz,2,35,23.673000,15:03:42,PUBLIC_DERIVED,ferrari,56,0.625000,1
202318,perez,2,37,23.747000,15:07:07,PUBLIC_DERIVED,red_bull,56,0.660714,1
202318,gasly,2,37,24.880000,15:07:28,PUBLIC_DERIVED,alpine,56,0.660714,1
202318,hamilton,2,38,24.648000,15:08:41,PUBLIC_DERIVED,mercedes,56,0.678571,1
202318,russell,2,39,23.969000,15:10:47,PUBLIC_DERIVED,mercedes,56,0.696429,1
202318,stroll,2,40,23.955000,15:12:45,PUBLIC_DERIVED,aston_martin,56,0.714286,1
202318,alonso,2,42,24.823000,15:16:00,PUBLIC_DERIVED,aston_martin,49,0.857143,1
202318,ricciardo,2,47,26.513000,15:25:15,PUBLIC_DERIVED,alphatauri,55,0.854545,1
202318,tsunoda,3,54,23.472000,15:36:35,PUBLIC_DERIVED,alphatauri,56,0.964286,1
202319,tsunoda,1,9,30.121000,14:16:34,PUBLIC_DERIVED,alphatauri,71,0.126761,1
202319,norris,1,11,23.408000,14:19:23,PUBLIC_DERIVED,mclaren,71,0.154930,1
202319,max_verstappen,1,19,22.427000,14:30:10,PUBLIC_DERIVED,red_bull,71,0.267606,1
202319,zhou,1,21,22.817000,14:33:34,PUBLIC_DERIVED,alfa,71,0.295775,1
202319,sargeant,1,22,23.945000,14:35:03,PUBLIC_DERIVED,williams,70,0.314286,1
202319,hulkenberg,1,23,23.144000,14:36:19,PUBLIC_DERIVED,haas,71,0.323944,1
202319,kevin_magnussen,1,23,23.642000,14:36:27,PUBLIC_DERIVED,haas,31,0.741935,1
202319,hamilton,1,24,22.210000,14:37:21,PUBLIC_DERIVED,mercedes,71,0.338028,1
202319,piastri,1,25,23.734000,14:38:53,PUBLIC_DERIVED,mclaren,71,0.352113,1
202319,russell,1,26,22.311000,14:40:18,PUBLIC_DERIVED,mercedes,71,0.366197,1
202319,ricciardo,1,27,22.406000,14:41:39,PUBLIC_DERIVED,alphatauri,71,0.380282,1
202319,gasly,1,28,22.627000,14:43:24,PUBLIC_DERIVED,alpine,71,0.394366,1
202319,alonso,1,29,22.844000,14:45:06,PUBLIC_DERIVED,aston_martin,47,0.617021,1
202319,sainz,1,30,22.067000,14:45:46,PUBLIC_DERIVED,ferrari,71,0.422535,1
202319,stroll,1,30,22.582000,14:46:28,PUBLIC_DERIVED,aston_martin,66,0.454545,1
202319,leclerc,1,31,22.248000,14:47:01,PUBLIC_DERIVED,ferrari,71,0.436620,1
202319,bottas,1,31,23.638000,14:47:48,PUBLIC_DERIVED,alfa,71,0.436620,1
202319,max_verstappen,2,33,22.372000,14:50:02,PUBLIC_DERIVED,red_bull,71,0.464789,1
202319,norris,2,33,22.563000,14:50:50,PUBLIC_DERIVED,mclaren,71,0.464789,1
202319,albon,1,33,23.680000,14:50:54,PUBLIC_DERIVED,williams,71,0.464789,1
202319,max_verstappen,3,34,1209.136000,14:52:56,PUBLIC_DERIVED,red_bull,71,0.478873,0
202319,leclerc,2,34,1210.512000,14:52:57,PUBLIC_DERIVED,ferrari,71,0.478873,0
202319,hamilton,2,34,1212.908000,14:52:59,PUBLIC_DERIVED,mercedes,71,0.478873,0
202319,sainz,2,34,1215.432000,14:53:00,PUBLIC_DERIVED,ferrari,71,0.478873,0
202319,ricciardo,2,34,1217.136000,14:53:02,PUBLIC_DERIVED,alphatauri,71,0.478873,0
202319,piastri,2,34,1219.064000,14:53:04,PUBLIC_DERIVED,mclaren,71,0.478873,0
202319,russell,2,34,1218.200000,14:53:10,PUBLIC_DERIVED,mercedes,71,0.478873,0
202319,tsunoda,2,34,1218.057000,14:53:13,PUBLIC_DERIVED,alphatauri,71,0.478873,0
202319,hulkenberg,2,34,1219.826000,14:53:15,PUBLIC_DERIVED,haas,71,0.478873,0
202319,norris,3,34,1226.386000,14:53:17,PUBLIC_DERIVED,mclaren,71,0.478873,0
202319,gasly,2,34,1225.698000,14:53:20,PUBLIC_DERIVED,alpine,71,0.478873,0
202319,albon,2,34,1227.980000,14:53:22,PUBLIC_DERIVED,williams,71,0.478873,0
202319,zhou,2,34,1229.539000,14:53:24,PUBLIC_DERIVED,alfa,71,0.478873,0
202319,ocon,1,34,1226.296000,14:53:30,PUBLIC_DERIVED,alpine,71,0.478873,0
202319,sargeant,2,34,1227.718000,14:53:33,PUBLIC_DERIVED,williams,70,0.485714,0
202319,bottas,2,34,1229.349000,14:53:35,PUBLIC_DERIVED,alfa,71,0.478873,0
202319,stroll,2,34,1229.686000,14:53:38,PUBLIC_DERIVED,aston_martin,66,0.515152,0
202319,alonso,2,34,1229.837000,14:53:42,PUBLIC_DERIVED,aston_martin,47,0.723404,0
202320,max_verstappen,1,1,18.535000,14:05:19,PUBLIC_DERIVED,red_bull,71,0.014085,1
202320,norris,1,1,19.386000,14:05:21,PUBLIC_DERIVED,mclaren,71,0.014085,1
202320,hamilton,1,1,18.521000,14:05:24,PUBLIC_DERIVED,mercedes,71,0.014085,1
202320,alonso,1,1,18.487000,14:05:26,PUBLIC_DERIVED,aston_martin,71,0.014085,1
202320,stroll,1,1,18.504000,14:05:28,PUBLIC_DERIVED,aston_martin,71,0.014085,1
202320,russell,1,1,20.449000,14:05:30,PUBLIC_DERIVED,mercedes,57,0.017544,1
202320,perez,1,1,20.811000,14:05:32,PUBLIC_DERIVED,red_bull,71,0.014085,1
202320,sainz,1,1,23.030000,14:05:33,PUBLIC_DERIVED,ferrari,71,0.014085,1
202320,ocon,1,1,22.209000,14:05:35,PUBLIC_DERIVED,alpine,70,0.014286,1
202320,piastri,1,1,1584.007000,14:05:36,PUBLIC_DERIVED,mclaren,69,0.014493,0
202320,tsunoda,1,1,20.969000,14:05:39,PUBLIC_DERIVED,alphatauri,71,0.014085,1
202320,gasly,1,1,20.523000,14:05:40,PUBLIC_DERIVED,alpine,71,0.014085,1
202320,bottas,1,1,20.732000,14:05:41,PUBLIC_DERIVED,alfa,39,0.025641,1
202320,zhou,1,1,21.256000,14:05:45,PUBLIC_DERIVED,alfa,22,0.045455,1
202320,sargeant,1,1,27.472000,14:05:46,PUBLIC_DERIVED,williams,70,0.014286,1
202320,ricciardo,1,1,1576.725000,14:05:47,PUBLIC_DERIVED,alphatauri,70,0.014286,0
202320,hulkenberg,1,1,34.261000,14:05:49,PUBLIC_DERIVED,haas,70,0.014286,1
202320,max_verstappen,2,2,1402.632000,14:07:42,PUBLIC_DERIVED,red_bull,71,0.028169,0
202320,norris,2,2,1404.611000,14:07:44,PUBLIC_DERIVED,mclaren,71,0.028169,0
202320,hamilton,2,2,1406.375000,14:07:46,PUBLIC_DERIVED,mercedes,71,0.028169,0
202320,alonso,2,2,1408.154000,14:07:47,PUBLIC_DERIVED,aston_martin,71,0.028169,0
202320,stroll,2,2,1409.984000,14:07:50,PUBLIC_DERIVED,aston_martin,71,0.028169,0
202320,russell,2,2,1410.984000,14:07:53,PUBLIC_DERIVED,mercedes,57,0.035088,0
202320,perez,2,2,1411.712000,14:07:55,PUBLIC_DERIVED,red_bull,71,0.028169,0
202320,sainz,2,2,1413.704000,14:07:57,PUBLIC_DERIVED,ferrari,71,0.028169,0
202320,ocon,2,2,1414.725000,14:07:59,PUBLIC_DERIVED,alpine,70,0.028571,0
202320,tsunoda,2,2,1415.420000,14:08:02,PUBLIC_DERIVED,alphatauri,71,0.028169,0
202320,gasly,2,2,1416.706000,14:08:04,PUBLIC_DERIVED,alpine,71,0.028169,0
202320,bottas,2,2,1418.156000,14:08:05,PUBLIC_DERIVED,alfa,39,0.051282,0
202320,zhou,2,2,1419.945000,14:08:09,PUBLIC_DERIVED,alfa,22,0.090909,0
202320,sargeant,2,2,1421.207000,14:08:10,PUBLIC_DERIVED,williams,70,0.028571,0
202320,hulkenberg,2,2,1421.069000,14:08:14,PUBLIC_DERIVED,haas,70,0.028571,0
202320,piastri,2,2,38.489000,14:33:41,PUBLIC_DERIVED,mclaren,69,0.028986,1
202320,ricciardo,2,2,32.770000,14:33:47,PUBLIC_DERIVED,alphatauri,70,0.028571,1
202320,ocon,3,14,24.037000,14:48:20,PUBLIC_DERIVED,alpine,70,0.200000,1
202320,zhou,3,15,23.953000,14:49:40,PUBLIC_DERIVED,alfa,22,0.681818,1
202320,sargeant,3,17,24.367000,14:52:18,PUBLIC_DERIVED,williams,70,0.242857,1
202320,hamilton,3,18,23.571000,14:53:23,PUBLIC_DERIVED,mercedes,71,0.253521,1
202320,bottas,3,18,24.077000,14:53:31,PUBLIC_DERIVED,alfa,39,0.461538,1
202320,russell,3,19,23.730000,14:54:41,PUBLIC_DERIVED,mercedes,57,0.333333,1
202320,perez,3,20,23.164000,14:55:57,PUBLIC_DERIVED,red_bull,71,0.281690,1
202320,hulkenberg,3,21,24.401000,14:57:33,PUBLIC_DERIVED,haas,70,0.300000,1
202320,stroll,3,22,23.558000,14:58:34,PUBLIC_DERIVED,aston_martin,71,0.309859,1
202320,alonso,3,25,24.204000,15:02:12,PUBLIC_DERIVED,aston_martin,71,0.352113,1
202320,piastri,3,24,23.536000,15:02:38,PUBLIC_DERIVED,mclaren,69,0.347826,1
202320,sainz,3,26,23.557000,15:03:43,PUBLIC_DERIVED,ferrari,71,0.366197,1
202320,gasly,3,26,25.295000,15:03:46,PUBLIC_DERIVED,alpine,71,0.366197,1
202320,tsunoda,3,26,27.114000,15:03:48,PUBLIC_DERIVED,alphatauri,71,0.366197,1
202320,max_verstappen,3,27,22.994000,15:04:35,PUBLIC_DERIVED,red_bull,71,0.380282,1
202320,norris,3,27,23.806000,15:04:39,PUBLIC_DERIVED,mclaren,71,0.380282,1
202320,ricciardo,3,26,23.955000,15:05:07,PUBLIC_DERIVED,alphatauri,70,0.371429,1
202320,ocon,4,31,24.406000,15:10:28,PUBLIC_DERIVED,alpine,70,0.442857,1
202320,sargeant,4,44,24.137000,15:27:16,PUBLIC_DERIVED,williams,70,0.628571,1
202320,russell,4,45,23.962000,15:28:17,PUBLIC_DERIVED,mercedes,57,0.789474,1
202320,perez,4,46,23.522000,15:29:13,PUBLIC_DERIVED,red_bull,71,0.647887,1
202320,hamilton,4,46,24.074000,15:29:28,PUBLIC_DERIVED,mercedes,71,0.647887,1
202320,gasly,4,46,23.583000,15:29:32,PUBLIC_DERIVED,alpine,71,0.647887,1
202320,hulkenberg,4,46,23.841000,15:30:00,PUBLIC_DERIVED,haas,70,0.657143,1
202320,alonso,4,47,23.830000,15:30:25,PUBLIC_DERIVED,aston_martin,71,0.661972,1
202320,sainz,4,51,23.704000,15:35:44,PUBLIC_DERIVED,ferrari,71,0.718310,1
202320,ocon,5,51,23.599000,15:36:12,PUBLIC_DERIVED,alpine,70,0.728571,1
202320,stroll,4,52,25.294000,15:36:55,PUBLIC_DERIVED,aston_martin,71,0.732394,1
202320,piastri,4,52,23.338000,15:38:37,PUBLIC_DERIVED,mclaren,69,0.753623,1
202320,tsunoda,4,55,23.453000,15:41:00,PUBLIC_DERIVED,alphatauri,71,0.774648,1
202320,max_verstappen,4,56,23.397000,15:41:21,PUBLIC_DERIVED,red_bull,71,0.788732,1
202320,ricciardo,4,55,23.508000,15:42:16,PUBLIC_DERIVED,alphatauri,70,0.785714,1
202320,norris,4,59,23.664000,15:45:16,PUBLIC_DERIVED,mclaren,71,0.830986,1
202321,perez,1,1,33.599000,22:06:05,PUBLIC_DERIVED,red_bull,50,0.020000,1
202321,alonso,1,1,29.304000,22:06:26,PUBLIC_DERIVED,aston_martin,50,0.020000,1
202321,bottas,1,1,43.914000,22:06:30,PUBLIC_DERIVED,alfa,50,0.020000,1
202321,stroll,1,3,22.222000,22:10:06,PUBLIC_DERIVED,aston_martin,50,0.060000,1
202321,sainz,1,3,21.261000,22:10:19,PUBLIC_DERIVED,ferrari,50,0.060000,1
202321,tsunoda,1,10,20.619000,22:25:26,PUBLIC_DERIVED,alphatauri,46,0.217391,1
202321,hulkenberg,1,12,22.154000,22:28:45,PUBLIC_DERIVED,haas,45,0.266667,1
202321,kevin_magnussen,1,14,21.611000,22:32:02,PUBLIC_DERIVED,haas,50,0.280000,1
202321,russell,1,15,21.257000,22:33:29,PUBLIC_DERIVED,mercedes,50,0.300000,1
202321,sargeant,1,15,21.367000,22:33:40,PUBLIC_DERIVED,williams,50,0.300000,1
202321,max_verstappen,1,16,26.686000,22:35:04,PUBLIC_DERIVED,red_bull,50,0.320000,1
202321,albon,1,16,21.242000,22:35:17,PUBLIC_DERIVED,williams,50,0.320000,1
202321,piastri,1,16,23.269000,22:35:19,PUBLIC_DERIVED,mclaren,50,0.320000,1
202321,gasly,1,17,22.262000,22:36:53,PUBLIC_DERIVED,alpine,50,0.340000,1
202321,hamilton,1,17,25.047000,22:37:11,PUBLIC_DERIVED,mercedes,50,0.340000,1
202321,ricciardo,1,17,22.242000,22:37:13,PUBLIC_DERIVED,alphatauri,50,0.340000,1
202321,ocon,1,20,21.763000,22:41:58,PUBLIC_DERIVED,alpine,50,0.400000,1
202321,leclerc,1,21,22.559000,22:43:18,PUBLIC_DERIVED,ferrari,50,0.420000,1
202321,tsunoda,2,21,20.894000,22:44:16,PUBLIC_DERIVED,alphatauri,46,0.456522,1
202321,bottas,2,24,21.575000,22:49:10,PUBLIC_DERIVED,alfa,50,0.480000,1
202321,perez,2,26,21.568000,22:51:52,PUBLIC_DERIVED,red_bull,50,0.520000,1
202321,stroll,2,26,22.570000,22:52:07,PUBLIC_DERIVED,aston_martin,50,0.520000,1
202321,max_verstappen,2,26,21.323000,22:52:08,PUBLIC_DERIVED,red_bull,50,0.520000,1
202321,russell,2,26,21.952000,22:52:11,PUBLIC_DERIVED,mercedes,50,0.520000,1
202321,sainz,2,26,22.630000,22:52:13,PUBLIC_DERIVED,ferrari,50,0.520000,1
202321,alonso,2,26,23.214000,22:52:17,PUBLIC_DERIVED,aston_martin,50,0.520000,1
202321,zhou,1,26,22.155000,22:52:26,PUBLIC_DERIVED,alfa,50,0.520000,1
202321,kevin_magnussen,2,26,21.868000,22:52:38,PUBLIC_DERIVED,haas,50,0.520000,1
202321,hulkenberg,2,26,25.453000,22:52:42,PUBLIC_DERIVED,haas,45,0.577778,1
202321,hamilton,2,26,22.508000,22:52:49,PUBLIC_DERIVED,mercedes,50,0.520000,1
202321,piastri,2,43,20.535000,23:22:11,PUBLIC_DERIVED,mclaren,50,0.860000,1
202322,kevin_magnussen,1,5,22.764000,17:11:16,PUBLIC_DERIVED,haas,57,0.087719,1
202322,ricciardo,1,7,21.692000,17:14:15,PUBLIC_DERIVED,alphatauri,58,0.120690,1
202322,alonso,1,12,22.462000,17:21:44,PUBLIC_DERIVED,aston_martin,58,0.206897,1
202322,piastri,1,13,21.697000,17:23:13,PUBLIC_DERIVED,mclaren,58,0.224138,1
202322,hulkenberg,1,13,21.861000,17:23:25,PUBLIC_DERIVED,haas,58,0.224138,1
202322,zhou,1,13,22.867000,17:23:27,PUBLIC_DERIVED,alfa,58,0.224138,1
202322,norris,1,14,24.061000,17:24:40,PUBLIC_DERIVED,mclaren,58,0.241379,1
202322,russell,1,14,21.650000,17:24:42,PUBLIC_DERIVED,mercedes,58,0.241379,1
202322,hamilton,1,15,22.195000,17:26:21,PUBLIC_DERIVED,mercedes,58,0.258621,1
202322,ocon,1,15,22.160000,17:26:22,PUBLIC_DERIVED,alpine,58,0.258621,1
202322,sargeant,1,15,22.124000,17:26:35,PUBLIC_DERIVED,williams,58,0.258621,1
202322,max_verstappen,1,16,21.662000,17:27:36,PUBLIC_DERIVED,red_bull,58,0.275862,1
202322,albon,1,16,22.170000,17:28:04,PUBLIC_DERIVED,williams,58,0.275862,1
202322,leclerc,1,17,21.919000,17:29:09,PUBLIC_DERIVED,ferrari,58,0.293103,1
202322,perez,1,17,21.446000,17:29:21,PUBLIC_DERIVED,red_bull,58,0.293103,1
202322,gasly,1,17,23.091000,17:29:26,PUBLIC_DERIVED,alpine,58,0.293103,1
202322,tsunoda,1,22,21.486000,17:36:54,PUBLIC_DERIVED,alphatauri,58,0.379310,1
202322,stroll,1,22,21.866000,17:36:59,PUBLIC_DERIVED,aston_martin,58,0.379310,1
202322,kevin_magnussen,2,22,22.163000,17:37:30,PUBLIC_DERIVED,haas,57,0.385965,1
202322,sainz,1,23,21.229000,17:38:36,PUBLIC_DERIVED,ferrari,57,0.403509,1
202322,bottas,1,29,22.665000,17:48:01,PUBLIC_DERIVED,alfa,57,0.508772,1
202322,ricciardo,2,31,21.740000,17:50:51,PUBLIC_DERIVED,alphatauri,58,0.534483,1
202322,gasly,2,32,23.478000,17:52:26,PUBLIC_DERIVED,alpine,58,0.551724,1
202322,norris,2,33,21.432000,17:53:31,PUBLIC_DERIVED,mclaren,58,0.568966,1
202322,hulkenberg,2,33,22.081000,17:54:04,PUBLIC_DERIVED,haas,58,0.568966,1
202322,russell,2,34,22.084000,17:54:57,PUBLIC_DERIVED,mercedes,58,0.586207,1
202322,leclerc,2,35,21.246000,17:56:25,PUBLIC_DERIVED,ferrari,58,0.603448,1
202322,hamilton,2,35,22.045000,17:56:42,PUBLIC_DERIVED,mercedes,58,0.603448,1
202322,piastri,2,36,21.156000,17:58:08,PUBLIC_DERIVED,mclaren,58,0.620690,1
202322,alonso,2,36,21.841000,17:58:11,PUBLIC_DERIVED,aston_martin,58,0.620690,1
202322,zhou,2,37,22.345000,18:00:12,PUBLIC_DERIVED,alfa,58,0.637931,1
202322,sargeant,2,41,21.880000,18:06:20,PUBLIC_DERIVED,williams,58,0.706897,1
202322,perez,2,42,21.274000,18:06:56,PUBLIC_DERIVED,red_bull,58,0.724138,1
202322,stroll,2,42,21.667000,18:07:20,PUBLIC_DERIVED,aston_martin,58,0.724138,1
202322,max_verstappen,2,43,21.275000,18:08:09,PUBLIC_DERIVED,red_bull,58,0.741379,1
202322,albon,2,43,21.919000,18:09:09,PUBLIC_DERIVED,williams,58,0.741379,1
202322,sainz,2,56,21.564000,18:28:24,PUBLIC_DERIVED,ferrari,57,0.982456,1
202401,hulkenberg,1,1,36.604000,18:05:33,PUBLIC_DERIVED,haas,56,0.017857,1
202401,zhou,1,9,25.208000,18:18:39,PUBLIC_DERIVED,sauber,56,0.160714,1
202401,stroll,1,9,24.418000,18:18:42,PUBLIC_DERIVED,aston_martin,57,0.157895,1
202401,ocon,1,10,24.877000,18:20:20,PUBLIC_DERIVED,alpine,56,0.178571,1
202401,sargeant,1,10,35.729000,18:21:19,PUBLIC_DERIVED,williams,55,0.181818,1
202401,russell,1,11,24.778000,18:21:38,PUBLIC_DERIVED,mercedes,57,0.192982,1
202401,leclerc,1,11,24.069000,18:21:41,PUBLIC_DERIVED,ferrari,57,0.192982,1
202401,kevin_magnussen,1,11,25.951000,18:21:55,PUBLIC_DERIVED,haas,56,0.196429,1
202401,perez,1,12,24.516000,18:23:16,PUBLIC_DERIVED,red_bull,57,0.210526,1
202401,piastri,1,12,25.450000,18:23:24,PUBLIC_DERIVED,mclaren,57,0.210526,1
202401,hamilton,1,12,25.087000,18:23:26,PUBLIC_DERIVED,mercedes,57,0.210526,1
202401,gasly,1,12,29.980000,18:23:38,PUBLIC_DERIVED,alpine,56,0.214286,1
202401,bottas,1,12,26.420000,18:23:42,PUBLIC_DERIVED,sauber,56,0.214286,1
202401,norris,1,13,24.205000,18:25:00,PUBLIC_DERIVED,mclaren,57,0.228070,1
202401,ricciardo,1,13,24.988000,18:25:17,PUBLIC_DERIVED,rb,56,0.232143,1
202401,sainz,1,14,24.474000,18:26:32,PUBLIC_DERIVED,ferrari,57,0.245614,1
202401,tsunoda,1,14,24.724000,18:26:47,PUBLIC_DERIVED,rb,56,0.250000,1
202401,alonso,1,15,24.786000,18:28:24,PUBLIC_DERIVED,aston_martin,57,0.263158,1
202401,albon,1,15,24.681000,18:28:29,PUBLIC_DERIVED,williams,56,0.267857,1
202401,max_verstappen,1,17,25.064000,18:31:12,PUBLIC_DERIVED,red_bull,57,0.298246,1
202401,hulkenberg,2,20,24.768000,18:37:08,PUBLIC_DERIVED,haas,56,0.357143,1
202401,stroll,2,27,24.545000,18:48:25,PUBLIC_DERIVED,aston_martin,57,0.473684,1
202401,zhou,2,28,25.094000,18:49:59,PUBLIC_DERIVED,sauber,56,0.500000,1
202401,sargeant,2,28,25.070000,18:51:33,PUBLIC_DERIVED,williams,55,0.509091,1
202401,ocon,2,30,25.145000,18:53:30,PUBLIC_DERIVED,alpine,56,0.535714,1
202401,bottas,2,30,74.773000,18:53:32,PUBLIC_DERIVED,sauber,56,0.535714,0
202401,russell,2,31,24.866000,18:54:21,PUBLIC_DERIVED,mercedes,57,0.543860,1
202401,gasly,2,31,26.462000,18:55:10,PUBLIC_DERIVED,alpine,56,0.553571,1
202401,kevin_magnussen,2,32,24.446000,18:56:37,PUBLIC_DERIVED,haas,56,0.571429,1
202401,norris,2,33,24.705000,18:57:39,PUBLIC_DERIVED,mclaren,57,0.578947,1
202401,hamilton,2,33,24.094000,18:57:45,PUBLIC_DERIVED,mercedes,57,0.578947,1
202401,leclerc,2,34,24.136000,18:59:13,PUBLIC_DERIVED,ferrari,57,0.596491,1
202401,piastri,2,34,24.852000,18:59:20,PUBLIC_DERIVED,mclaren,57,0.596491,1
202401,tsunoda,2,34,24.324000,18:59:47,PUBLIC_DERIVED,rb,56,0.607143,1
202401,sainz,2,35,23.866000,19:00:38,PUBLIC_DERIVED,ferrari,57,0.614035,1
202401,ricciardo,2,35,24.856000,19:01:34,PUBLIC_DERIVED,rb,56,0.625000,1
202401,perez,2,36,24.563000,19:02:12,PUBLIC_DERIVED,red_bull,57,0.631579,1
202401,albon,2,36,24.610000,19:03:09,PUBLIC_DERIVED,williams,56,0.642857,1
202401,max_verstappen,2,37,24.209000,19:03:29,PUBLIC_DERIVED,red_bull,57,0.649123,1
202401,alonso,2,41,25.109000,19:10:58,PUBLIC_DERIVED,aston_martin,57,0.719298,1
202401,sargeant,3,40,25.346000,19:11:22,PUBLIC_DERIVED,williams,55,0.727273,1
202401,hulkenberg,3,41,24.387000,19:11:29,PUBLIC_DERIVED,haas,56,0.732143,1
202401,gasly,3,43,25.240000,19:14:55,PUBLIC_DERIVED,alpine,56,0.767857,1
202402,max_verstappen,1,7,20.607000,20:15:25,PUBLIC_DERIVED,red_bull,50,0.140000,1
202402,perez,1,7,22.196000,20:15:30,PUBLIC_DERIVED,red_bull,50,0.140000,1
202402,leclerc,1,7,23.419000,20:15:31,PUBLIC_DERIVED,ferrari,50,0.140000,1
202402,piastri,1,7,21.427000,20:15:36,PUBLIC_DERIVED,mclaren,50,0.140000,1
202402,alonso,1,7,22.129000,20:15:37,PUBLIC_DERIVED,aston_martin,50,0.140000,1
202402,russell,1,7,21.013000,20:15:42,PUBLIC_DERIVED,mercedes,50,0.140000,1
202402,bearman,1,7,22.457000,20:15:51,PUBLIC_DERIVED,ferrari,50,0.140000,1
202402,tsunoda,1,7,21.694000,20:15:51,PUBLIC_DERIVED,rb,49,0.142857,1
202402,albon,1,7,21.723000,20:15:53,PUBLIC_DERIVED,williams,50,0.140000,1
202402,kevin_magnussen,1,7,21.460000,20:15:53,PUBLIC_DERIVED,haas,50,0.140000,1
202402,ricciardo,1,7,63.364000,20:15:57,PUBLIC_DERIVED,rb,49,0.142857,0
202402,ocon,1,7,22.502000,20:15:59,PUBLIC_DERIVED,alpine,49,0.142857,1
202402,bottas,1,7,22.795000,20:16:00,PUBLIC_DERIVED,sauber,49,0.142857,1
202402,sargeant,1,7,23.645000,20:16:01,PUBLIC_DERIVED,williams,49,0.142857,1
202402,hulkenberg,1,33,21.035000,20:59:21,PUBLIC_DERIVED,haas,50,0.660000,1
202402,bottas,2,35,23.281000,21:02:58,PUBLIC_DERIVED,sauber,49,0.714286,1
202402,hamilton,1,36,20.170000,21:03:38,PUBLIC_DERIVED,mercedes,50,0.720000,1
202402,norris,1,37,22.211000,21:05:08,PUBLIC_DERIVED,mclaren,50,0.740000,1
202402,zhou,1,41,46.381000,21:12:03,PUBLIC_DERIVED,sauber,49,0.836735,1
202403,ricciardo,1,5,18.265000,15:10:25,PUBLIC_DERIVED,rb,57,0.087719,1
202403,albon,1,6,17.755000,15:11:45,PUBLIC_DERIVED,williams,57,0.105263,1
202403,zhou,1,6,19.032000,15:11:49,PUBLIC_DERIVED,sauber,57,0.105263,1
202403,hamilton,1,7,17.596000,15:13:04,PUBLIC_DERIVED,mercedes,15,0.466667,1
202403,kevin_magnussen,1,7,18.301000,15:13:08,PUBLIC_DERIVED,haas,57,0.122807,1
202403,russell,1,8,18.046000,15:14:23,PUBLIC_DERIVED,mercedes,56,0.142857,1
202403,stroll,1,8,17.901000,15:14:26,PUBLIC_DERIVED,aston_martin,58,0.137931,1
202403,bottas,1,8,46.969000,15:14:30,PUBLIC_DERIVED,sauber,57,0.140351,1
202403,leclerc,1,9,17.409000,15:15:42,PUBLIC_DERIVED,ferrari,58,0.155172,1
202403,piastri,1,9,17.573000,15:15:43,PUBLIC_DERIVED,mclaren,58,0.155172,1
202403,tsunoda,1,9,18.523000,15:15:50,PUBLIC_DERIVED,rb,58,0.155172,1
202403,ocon,1,9,18.287000,15:15:55,PUBLIC_DERIVED,alpine,57,0.157895,1
202403,norris,1,14,17.776000,15:22:37,PUBLIC_DERIVED,mclaren,58,0.241379,1
202403,perez,1,14,18.112000,15:22:45,PUBLIC_DERIVED,red_bull,58,0.241379,1
202403,sainz,1,16,17.599000,15:25:14,PUBLIC_DERIVED,ferrari,58,0.275862,1
202403,ocon,2,16,30.626000,15:25:58,PUBLIC_DERIVED,alpine,57,0.280702,1
202403,alonso,1,17,18.160000,15:27:06,PUBLIC_DERIVED,aston_martin,58,0.293103,1
202403,hulkenberg,1,17,18.320000,15:27:28,PUBLIC_DERIVED,haas,58,0.293103,1
202403,gasly,1,17,20.316000,15:27:32,PUBLIC_DERIVED,alpine,57,0.298246,1
202403,albon,2,27,17.745000,15:41:35,PUBLIC_DERIVED,williams,57,0.473684,1
202403,ricciardo,2,29,17.751000,15:44:29,PUBLIC_DERIVED,rb,57,0.508772,1
202403,kevin_magnussen,2,33,18.151000,15:49:58,PUBLIC_DERIVED,haas,57,0.578947,1
202403,leclerc,2,34,17.308000,15:50:35,PUBLIC_DERIVED,ferrari,58,0.586207,1
202403,perez,2,35,17.222000,15:52:18,PUBLIC_DERIVED,red_bull,58,0.603448,1
202403,hulkenberg,2,35,18.145000,15:52:40,PUBLIC_DERIVED,haas,58,0.603448,1
202403,zhou,2,35,36.866000,15:52:50,PUBLIC_DERIVED,sauber,57,0.614035,1
202403,tsunoda,2,36,17.535000,15:53:59,PUBLIC_DERIVED,rb,58,0.620690,1
202403,bottas,2,36,18.938000,15:54:30,PUBLIC_DERIVED,sauber,57,0.631579,1
202403,stroll,2,37,17.977000,15:55:19,PUBLIC_DERIVED,aston_martin,58,0.637931,1
202403,piastri,2,39,18.533000,15:57:32,PUBLIC_DERIVED,mclaren,58,0.672414,1
202403,norris,2,40,17.653000,15:58:46,PUBLIC_DERIVED,mclaren,58,0.689655,1
202403,sainz,2,41,17.740000,15:59:57,PUBLIC_DERIVED,ferrari,58,0.706897,1
202403,alonso,2,41,17.995000,16:00:37,PUBLIC_DERIVED,aston_martin,58,0.706897,1
202403,gasly,2,41,17.682000,16:01:21,PUBLIC_DERIVED,alpine,57,0.719298,1
202403,ocon,3,42,18.007000,16:02:51,PUBLIC_DERIVED,alpine,57,0.736842,1
202403,russell,2,45,17.964000,16:06:07,PUBLIC_DERIVED,mercedes,56,0.803571,1
202404,max_verstappen,1,1,1575.603000,14:05:50,PUBLIC_DERIVED,red_bull,53,0.018868,0
202404,perez,1,1,1577.661000,14:05:52,PUBLIC_DERIVED,red_bull,53,0.018868,0
202404,norris,1,1,1580.116000,14:05:54,PUBLIC_DERIVED,mclaren,53,0.018868,0
202404,sainz,1,1,1580.097000,14:05:57,PUBLIC_DERIVED,ferrari,53,0.018868,0
202404,alonso,1,1,1580.924000,14:06:00,PUBLIC_DERIVED,aston_martin,53,0.018868,0
202404,piastri,1,1,1580.204000,14:06:03,PUBLIC_DERIVED,mclaren,53,0.018868,0
202404,hamilton,1,1,1580.696000,14:06:12,PUBLIC_DERIVED,mercedes,53,0.018868,0
202404,leclerc,1,1,1583.333000,14:06:13,PUBLIC_DERIVED,ferrari,53,0.018868,0
202404,russell,1,1,1581.238000,14:06:18,PUBLIC_DERIVED,mercedes,53,0.018868,0
202404,hulkenberg,1,1,1580.886000,14:06:21,PUBLIC_DERIVED,haas,52,0.019231,0
202404,bottas,1,1,1582.542000,14:06:22,PUBLIC_DERIVED,sauber,52,0.019231,0
202404,tsunoda,1,1,1584.553000,14:06:25,PUBLIC_DERIVED,rb,52,0.019231,0
202404,ocon,1,1,1586.095000,14:06:28,PUBLIC_DERIVED,alpine,52,0.019231,0
202404,gasly,1,1,1586.793000,14:06:30,PUBLIC_DERIVED,alpine,52,0.019231,0
202404,stroll,1,1,1585.911000,14:06:35,PUBLIC_DERIVED,aston_martin,52,0.019231,0
202404,kevin_magnussen,1,1,1584.630000,14:06:40,PUBLIC_DERIVED,haas,52,0.019231,0
202404,sargeant,1,1,1585.267000,14:06:43,PUBLIC_DERIVED,williams,52,0.019231,0
202404,zhou,1,1,1582.912000,14:06:50,PUBLIC_DERIVED,sauber,12,0.083333,0
202404,hulkenberg,2,5,23.622000,14:40:46,PUBLIC_DERIVED,haas,52,0.096154,1
202404,bottas,2,6,24.824000,14:42:21,PUBLIC_DERIVED,sauber,52,0.115385,1
202404,tsunoda,2,7,23.358000,14:43:59,PUBLIC_DERIVED,rb,52,0.134615,1
202404,zhou,2,7,23.910000,14:44:07,PUBLIC_DERIVED,sauber,12,0.583333,1
202404,norris,2,11,23.049000,14:50:21,PUBLIC_DERIVED,mclaren,53,0.207547,1
202404,zhou,3,11,26.653000,14:51:01,PUBLIC_DERIVED,sauber,12,0.916667,1
202404,piastri,2,12,23.420000,14:52:06,PUBLIC_DERIVED,mclaren,53,0.226415,1
202404,stroll,2,12,23.358000,14:52:17,PUBLIC_DERIVED,aston_martin,52,0.230769,1
202404,alonso,2,13,22.998000,14:53:43,PUBLIC_DERIVED,aston_martin,53,0.245283,1
202404,perez,2,15,22.990000,14:56:51,PUBLIC_DERIVED,red_bull,53,0.283019,1
202404,sainz,2,15,23.136000,14:56:55,PUBLIC_DERIVED,ferrari,53,0.283019,1
202404,max_verstappen,2,16,23.177000,14:58:23,PUBLIC_DERIVED,red_bull,53,0.301887,1
202404,gasly,2,16,23.844000,14:59:18,PUBLIC_DERIVED,alpine,52,0.307692,1
202404,ocon,2,19,23.394000,15:04:11,PUBLIC_DERIVED,alpine,52,0.365385,1
202404,russell,2,22,23.577000,15:08:39,PUBLIC_DERIVED,mercedes,53,0.415094,1
202404,kevin_magnussen,2,22,26.198000,15:09:03,PUBLIC_DERIVED,haas,52,0.423077,1
202404,bottas,3,22,25.946000,15:09:04,PUBLIC_DERIVED,sauber,52,0.423077,1
202404,sargeant,2,22,25.530000,15:09:04,PUBLIC_DERIVED,williams,52,0.423077,1
202404,tsunoda,3,22,23.486000,15:09:05,PUBLIC_DERIVED,rb,52,0.423077,1
202404,stroll,3,22,23.238000,15:09:06,PUBLIC_DERIVED,aston_martin,52,0.423077,1
202404,hamilton,2,23,23.333000,15:10:21,PUBLIC_DERIVED,mercedes,53,0.433962,1
202404,leclerc,2,26,23.285000,15:15:01,PUBLIC_DERIVED,ferrari,53,0.490566,1
202404,norris,3,26,23.232000,15:15:02,PUBLIC_DERIVED,mclaren,53,0.490566,1
202404,piastri,3,32,22.848000,15:25:00,PUBLIC_DERIVED,mclaren,53,0.603774,1
202404,gasly,3,32,23.102000,15:26:03,PUBLIC_DERIVED,alpine,52,0.615385,1
202404,perez,3,33,22.956000,15:26:18,PUBLIC_DERIVED,red_bull,53,0.622642,1
202404,alonso,3,33,23.157000,15:26:33,PUBLIC_DERIVED,aston_martin,53,0.622642,1
202404,hulkenberg,3,33,23.993000,15:27:22,PUBLIC_DERIVED,haas,52,0.634615,1
202404,ocon,3,33,24.181000,15:27:33,PUBLIC_DERIVED,alpine,52,0.634615,1
202404,max_verstappen,3,34,23.234000,15:27:43,PUBLIC_DERIVED,red_bull,53,0.641509,1
202404,stroll,4,34,22.911000,15:28:58,PUBLIC_DERIVED,aston_martin,52,0.653846,1
202404,sargeant,3,34,24.220000,15:29:04,PUBLIC_DERIVED,williams,52,0.653846,1
202404,sainz,3,36,23.591000,15:31:14,PUBLIC_DERIVED,ferrari,53,0.679245,1
202404,russell,3,37,22.991000,15:33:07,PUBLIC_DERIVED,mercedes,53,0.698113,1
202404,hamilton,3,39,23.956000,15:36:25,PUBLIC_DERIVED,mercedes,53,0.735849,1
202404,sargeant,4,41,23.287000,15:41:24,PUBLIC_DERIVED,williams,52,0.788462,1
202405,hulkenberg,1,8,23.004000,15:17:30,PUBLIC_DERIVED,haas,56,0.142857,1
202405,tsunoda,1,8,23.160000,15:17:35,PUBLIC_DERIVED,rb,26,0.307692,1
202405,zhou,1,8,23.362000,15:17:39,PUBLIC_DERIVED,sauber,56,0.142857,1
202405,stroll,1,9,23.823000,15:19:10,PUBLIC_DERIVED,aston_martin,56,0.160714,1
202405,bottas,1,9,22.949000,15:19:12,PUBLIC_DERIVED,sauber,19,0.473684,1
202405,ocon,1,9,23.156000,15:19:14,PUBLIC_DERIVED,alpine,56,0.160714,1
202405,albon,1,9,23.273000,15:19:15,PUBLIC_DERIVED,williams,56,0.160714,1
202405,hamilton,1,9,22.518000,15:19:19,PUBLIC_DERIVED,mercedes,56,0.160714,1
202405,alonso,1,11,23.049000,15:22:28,PUBLIC_DERIVED,aston_martin,56,0.196429,1
202405,russell,1,11,22.415000,15:22:32,PUBLIC_DERIVED,mercedes,56,0.196429,1
202405,gasly,1,11,39.712000,15:22:43,PUBLIC_DERIVED,alpine,56,0.196429,1
202405,sargeant,1,12,23.229000,15:24:34,PUBLIC_DERIVED,williams,56,0.214286,1
202405,max_verstappen,1,13,22.456000,15:25:33,PUBLIC_DERIVED,red_bull,56,0.232143,1
202405,perez,1,13,22.027000,15:25:43,PUBLIC_DERIVED,red_bull,56,0.232143,1
202405,ricciardo,1,14,22.598000,15:27:53,PUBLIC_DERIVED,rb,33,0.424242,1
202405,piastri,1,16,22.673000,15:31:03,PUBLIC_DERIVED,mclaren,56,0.285714,1
202405,sainz,1,17,22.629000,15:32:49,PUBLIC_DERIVED,ferrari,56,0.303571,1
202405,kevin_magnussen,1,17,22.974000,15:33:13,PUBLIC_DERIVED,haas,56,0.303571,1
202405,leclerc,1,21,22.360000,15:39:34,PUBLIC_DERIVED,ferrari,56,0.375000,1
202405,stroll,2,21,22.911000,15:40:07,PUBLIC_DERIVED,aston_martin,56,0.375000,1
202405,hamilton,2,21,22.662000,15:40:23,PUBLIC_DERIVED,mercedes,56,0.375000,1
202405,norris,1,22,22.161000,15:41:37,PUBLIC_DERIVED,mclaren,56,0.392857,1
202405,max_verstappen,2,23,22.270000,15:43:44,PUBLIC_DERIVED,red_bull,56,0.410714,1
202405,perez,2,23,22.371000,15:44:03,PUBLIC_DERIVED,red_bull,56,0.410714,1
202405,alonso,2,23,22.687000,15:44:21,PUBLIC_DERIVED,aston_martin,56,0.410714,1
202405,russell,2,23,22.707000,15:44:25,PUBLIC_DERIVED,mercedes,56,0.410714,1
202405,hulkenberg,2,23,23.336000,15:44:41,PUBLIC_DERIVED,haas,56,0.410714,1
202405,ocon,2,23,23.208000,15:44:48,PUBLIC_DERIVED,alpine,56,0.410714,1
202405,tsunoda,2,23,22.387000,15:44:54,PUBLIC_DERIVED,rb,26,0.884615,1
202405,albon,2,23,23.600000,15:44:57,PUBLIC_DERIVED,williams,56,0.410714,1
202405,zhou,2,23,25.610000,15:45:02,PUBLIC_DERIVED,sauber,56,0.410714,1
202405,gasly,2,23,23.987000,15:45:12,PUBLIC_DERIVED,alpine,56,0.410714,1
202405,piastri,2,24,22.262000,15:46:41,PUBLIC_DERIVED,mclaren,56,0.428571,1
202405,sargeant,2,24,22.684000,15:47:14,PUBLIC_DERIVED,williams,56,0.428571,1
202405,stroll,3,26,93.274000,15:51:46,PUBLIC_DERIVED,aston_martin,56,0.464286,0
202405,kevin_magnussen,2,27,25.727000,15:54:22,PUBLIC_DERIVED,haas,56,0.482143,1
202405,stroll,4,35,34.777000,16:10:09,PUBLIC_DERIVED,aston_martin,56,0.625000,1
202405,gasly,3,38,22.836000,16:15:11,PUBLIC_DERIVED,alpine,56,0.678571,1
202405,zhou,3,40,23.252000,16:18:35,PUBLIC_DERIVED,sauber,56,0.714286,1
202405,alonso,3,43,23.179000,16:23:18,PUBLIC_DERIVED,aston_martin,56,0.767857,1
202406,albon,1,10,22.828000,16:19:16,PUBLIC_DERIVED,williams,57,0.175439,1
202406,stroll,1,11,23.038000,16:20:48,PUBLIC_DERIVED,aston_martin,57,0.192982,1
202406,sargeant,1,11,22.611000,16:20:52,PUBLIC_DERIVED,williams,27,0.407407,1
202406,bottas,1,11,23.730000,16:20:55,PUBLIC_DERIVED,sauber,57,0.192982,1
202406,hulkenberg,1,12,23.055000,16:22:21,PUBLIC_DERIVED,haas,57,0.210526,1
202406,gasly,1,12,22.466000,16:22:22,PUBLIC_DERIVED,alpine,57,0.210526,1
202406,perez,1,17,21.695000,16:29:57,PUBLIC_DERIVED,red_bull,57,0.298246,1
202406,leclerc,1,19,21.825000,16:32:56,PUBLIC_DERIVED,ferrari,57,0.333333,1
202406,ocon,1,22,22.663000,16:38:08,PUBLIC_DERIVED,alpine,57,0.385965,1
202406,alonso,1,22,22.374000,16:38:11,PUBLIC_DERIVED,aston_martin,57,0.385965,1
202406,kevin_magnussen,1,22,23.265000,16:38:18,PUBLIC_DERIVED,haas,57,0.385965,1
202406,max_verstappen,1,23,22.187000,16:39:17,PUBLIC_DERIVED,red_bull,57,0.403509,1
202406,russell,1,24,22.800000,16:41:18,PUBLIC_DERIVED,mercedes,57,0.421053,1
202406,hamilton,1,26,22.107000,16:44:23,PUBLIC_DERIVED,mercedes,57,0.456140,1
202406,piastri,1,27,22.216000,16:45:31,PUBLIC_DERIVED,mclaren,57,0.473684,1
202406,sainz,1,27,22.805000,16:45:33,PUBLIC_DERIVED,ferrari,57,0.473684,1
202406,perez,2,28,22.396000,16:47:40,PUBLIC_DERIVED,red_bull,57,0.491228,1
202406,tsunoda,1,28,22.153000,16:47:44,PUBLIC_DERIVED,rb,57,0.491228,1
202406,zhou,1,28,23.017000,16:48:01,PUBLIC_DERIVED,sauber,57,0.491228,1
202406,ricciardo,1,28,22.540000,16:48:05,PUBLIC_DERIVED,rb,57,0.491228,1
202406,hulkenberg,2,28,22.487000,16:48:13,PUBLIC_DERIVED,haas,57,0.491228,1
202406,stroll,2,28,22.631000,16:48:15,PUBLIC_DERIVED,aston_martin,57,0.491228,1
202406,kevin_magnussen,2,28,29.727000,16:48:47,PUBLIC_DERIVED,haas,57,0.491228,1
202406,norris,1,29,22.041000,16:49:15,PUBLIC_DERIVED,mclaren,57,0.508772,1
202406,bottas,2,29,22.765000,16:50:34,PUBLIC_DERIVED,sauber,57,0.508772,1
202406,kevin_magnussen,3,31,30.732000,16:54:36,PUBLIC_DERIVED,haas,57,0.543860,1
202406,piastri,2,40,30.409000,17:08:34,PUBLIC_DERIVED,mclaren,57,0.701754,1
202406,albon,2,53,22.567000,17:29:03,PUBLIC_DERIVED,williams,57,0.929825,1
202407,alonso,1,7,31.368000,15:13:08,PUBLIC_DERIVED,aston_martin,62,0.112903,1
202407,albon,1,8,30.050000,15:14:25,PUBLIC_DERIVED,williams,51,0.156863,1
202407,gasly,1,8,30.081000,15:14:26,PUBLIC_DERIVED,alpine,62,0.129032,1
202407,bottas,1,8,30.240000,15:14:28,PUBLIC_DERIVED,sauber,62,0.129032,1
202407,albon,2,9,33.179000,15:17:08,PUBLIC_DERIVED,williams,51,0.176471,1
202407,ricciardo,1,11,30.068000,15:18:29,PUBLIC_DERIVED,rb,62,0.177419,1
202407,tsunoda,1,12,29.628000,15:19:49,PUBLIC_DERIVED,rb,62,0.193548,1
202407,hulkenberg,1,13,29.749000,15:21:11,PUBLIC_DERIVED,haas,62,0.209677,1
202407,russell,1,21,29.664000,15:31:57,PUBLIC_DERIVED,mercedes,63,0.333333,1
202407,norris,1,22,29.956000,15:33:08,PUBLIC_DERIVED,mclaren,63,0.349206,1
202407,piastri,1,23,29.770000,15:34:37,PUBLIC_DERIVED,mclaren,63,0.365079,1
202407,max_verstappen,1,24,30.416000,15:35:46,PUBLIC_DERIVED,red_bull,63,0.380952,1
202407,albon,3,23,38.413000,15:36:52,PUBLIC_DERIVED,williams,51,0.450980,1
202407,leclerc,1,25,30.149000,15:37:15,PUBLIC_DERIVED,ferrari,63,0.396825,1
202407,ocon,1,25,30.659000,15:37:56,PUBLIC_DERIVED,alpine,62,0.403226,1
202407,sainz,1,27,30.508000,15:40:03,PUBLIC_DERIVED,ferrari,63,0.428571,1
202407,hamilton,1,27,29.547000,15:40:14,PUBLIC_DERIVED,mercedes,63,0.428571,1
202407,albon,4,28,31.131000,15:44:25,PUBLIC_DERIVED,williams,51,0.549020,1
202407,gasly,2,30,30.654000,15:45:06,PUBLIC_DERIVED,alpine,62,0.483871,1
202407,sargeant,1,31,31.085000,15:46:28,PUBLIC_DERIVED,williams,62,0.500000,1
202407,zhou,1,33,30.244000,15:49:09,PUBLIC_DERIVED,sauber,62,0.532258,1
202407,perez,1,37,29.669000,15:54:16,PUBLIC_DERIVED,red_bull,63,0.587302,1
202407,stroll,1,37,29.971000,15:54:22,PUBLIC_DERIVED,aston_martin,63,0.587302,1
202407,kevin_magnussen,1,37,31.302000,15:54:36,PUBLIC_DERIVED,haas,62,0.596774,1
202407,alonso,2,40,30.483000,15:59:03,PUBLIC_DERIVED,aston_martin,62,0.645161,1
202407,russell,2,52,29.605000,16:14:22,PUBLIC_DERIVED,mercedes,63,0.825397,1
202407,alonso,3,59,29.931000,16:25:23,PUBLIC_DERIVED,aston_martin,62,0.951613,1
202408,leclerc,1,1,2358.026000,15:04:50,PUBLIC_DERIVED,ferrari,78,0.012821,0
202408,piastri,1,1,2357.645000,15:04:52,PUBLIC_DERIVED,mclaren,78,0.012821,0
202408,norris,1,1,2365.538000,15:04:54,PUBLIC_DERIVED,mclaren,78,0.012821,0
202408,russell,1,1,2369.363000,15:04:56,PUBLIC_DERIVED,mercedes,78,0.012821,0
202408,max_verstappen,1,1,2372.670000,15:04:57,PUBLIC_DERIVED,red_bull,78,0.012821,0
202408,hamilton,1,1,2375.369000,15:05:00,PUBLIC_DERIVED,mercedes,78,0.012821,0
202408,tsunoda,1,1,2377.564000,15:05:02,PUBLIC_DERIVED,rb,77,0.012987,0
202408,albon,1,1,2381.390000,15:05:05,PUBLIC_DERIVED,williams,77,0.012987,0
202408,gasly,1,1,2381.893000,15:05:07,PUBLIC_DERIVED,alpine,77,0.012987,0
202408,stroll,1,1,2383.588000,15:05:10,PUBLIC_DERIVED,aston_martin,76,0.013158,0
202408,ricciardo,1,1,2385.823000,15:05:13,PUBLIC_DERIVED,rb,76,0.013158,0
202408,alonso,1,1,2389.467000,15:05:15,PUBLIC_DERIVED,aston_martin,76,0.013158,0
202408,sargeant,1,1,2391.600000,15:05:16,PUBLIC_DERIVED,williams,76,0.013158,0
202408,bottas,1,1,2394.053000,15:05:19,PUBLIC_DERIVED,sauber,76,0.013158,0
202408,sainz,1,1,2327.072000,15:05:27,PUBLIC_DERIVED,ferrari,78,0.012821,0
202408,zhou,1,1,2386.414000,15:05:31,PUBLIC_DERIVED,sauber,76,0.013158,0
202408,bottas,2,15,24.239000,16:04:57,PUBLIC_DERIVED,sauber,76,0.197368,1
202408,stroll,2,42,24.132000,16:41:05,PUBLIC_DERIVED,aston_martin,76,0.552632,1
202408,stroll,3,48,28.211000,16:49:27,PUBLIC_DERIVED,aston_martin,76,0.631579,1
202408,hamilton,2,51,24.232000,16:52:10,PUBLIC_DERIVED,mercedes,78,0.653846,1
202408,max_verstappen,2,52,23.813000,16:53:26,PUBLIC_DERIVED,red_bull,78,0.666667,1
202408,sargeant,2,57,24.384000,17:01:43,PUBLIC_DERIVED,williams,76,0.750000,1
202408,zhou,2,70,24.367000,17:19:04,PUBLIC_DERIVED,sauber,76,0.921053,1
202409,kevin_magnussen,1,7,30.472000,14:14:25,PUBLIC_DERIVED,haas,70,0.100000,1
202409,hulkenberg,1,12,24.233000,14:22:33,PUBLIC_DERIVED,haas,70,0.171429,1
202409,zhou,1,24,25.598000,14:40:42,PUBLIC_DERIVED,sauber,69,0.347826,1
202409,max_verstappen,1,25,24.306000,14:40:52,PUBLIC_DERIVED,red_bull,70,0.357143,1
202409,russell,1,25,24.044000,14:40:52,PUBLIC_DERIVED,mercedes,70,0.357143,1
202409,piastri,1,25,23.977000,14:40:53,PUBLIC_DERIVED,mclaren,70,0.357143,1
202409,alonso,1,25,25.788000,14:41:12,PUBLIC_DERIVED,aston_martin,70,0.357143,1
202409,hamilton,1,25,23.762000,14:41:13,PUBLIC_DERIVED,mercedes,70,0.357143,1
202409,stroll,1,25,24.284000,14:41:47,PUBLIC_DERIVED,aston_martin,70,0.357143,1
202409,albon,1,25,24.753000,14:41:54,PUBLIC_DERIVED,williams,52,0.480769,1
202409,leclerc,1,25,24.031000,14:41:58,PUBLIC_DERIVED,ferrari,40,0.625000,1
202409,sainz,1,25,27.626000,14:42:01,PUBLIC_DERIVED,ferrari,52,0.480769,1
202409,kevin_magnussen,2,25,26.794000,14:42:03,PUBLIC_DERIVED,haas,70,0.357143,1
202409,gasly,1,25,24.911000,14:42:06,PUBLIC_DERIVED,alpine,70,0.357143,1
202409,perez,1,25,33.762000,14:42:09,PUBLIC_DERIVED,red_bull,51,0.490196,1
202409,hulkenberg,2,25,24.668000,14:42:21,PUBLIC_DERIVED,haas,70,0.357143,1
202409,norris,1,26,23.423000,14:42:44,PUBLIC_DERIVED,mclaren,70,0.371429,1
202409,ricciardo,1,26,30.298000,14:43:37,PUBLIC_DERIVED,rb,70,0.371429,1
202409,leclerc,2,28,47.186000,14:47:31,PUBLIC_DERIVED,ferrari,40,0.700000,1
202409,leclerc,3,31,24.629000,14:53:31,PUBLIC_DERIVED,ferrari,40,0.775000,1
202409,gasly,2,40,24.408000,15:05:55,PUBLIC_DERIVED,alpine,70,0.571429,1
202409,kevin_magnussen,3,41,24.833000,15:07:24,PUBLIC_DERIVED,haas,70,0.585714,1
202409,bottas,1,42,24.929000,15:08:45,PUBLIC_DERIVED,sauber,70,0.600000,1
202409,hamilton,2,43,24.226000,15:09:46,PUBLIC_DERIVED,mercedes,70,0.614286,1
202409,ricciardo,2,43,23.860000,15:10:10,PUBLIC_DERIVED,rb,70,0.614286,1
202409,sainz,2,43,24.125000,15:10:12,PUBLIC_DERIVED,ferrari,52,0.826923,1
202409,perez,2,43,24.423000,15:10:12,PUBLIC_DERIVED,red_bull,51,0.843137,1
202409,piastri,2,44,23.476000,15:11:10,PUBLIC_DERIVED,mclaren,70,0.628571,1
202409,alonso,2,44,24.346000,15:11:23,PUBLIC_DERIVED,aston_martin,70,0.628571,1
202409,tsunoda,1,44,25.569000,15:11:26,PUBLIC_DERIVED,rb,70,0.628571,1
202409,stroll,2,44,25.025000,15:11:30,PUBLIC_DERIVED,aston_martin,70,0.628571,1
202409,ocon,1,44,24.495000,15:11:32,PUBLIC_DERIVED,alpine,70,0.628571,1
202409,albon,2,44,24.804000,15:11:34,PUBLIC_DERIVED,williams,52,0.846154,1
202409,hulkenberg,3,44,24.751000,15:11:43,PUBLIC_DERIVED,haas,70,0.628571,1
202409,zhou,2,44,65.564000,15:11:53,PUBLIC_DERIVED,sauber,69,0.637681,0
202409,max_verstappen,2,45,24.246000,15:12:29,PUBLIC_DERIVED,red_bull,70,0.642857,1
202409,russell,2,45,25.431000,15:12:31,PUBLIC_DERIVED,mercedes,70,0.642857,1
202409,norris,2,47,23.983000,15:15:19,PUBLIC_DERIVED,mclaren,70,0.671429,1
202409,zhou,3,52,28.375000,15:25:02,PUBLIC_DERIVED,sauber,69,0.753623,1
202409,russell,3,54,28.157000,15:25:19,PUBLIC_DERIVED,mercedes,70,0.771429,1
202409,hamilton,3,54,28.817000,15:25:24,PUBLIC_DERIVED,mercedes,70,0.771429,1
202409,kevin_magnussen,4,54,26.845000,15:26:25,PUBLIC_DERIVED,haas,70,0.771429,1
202410,zhou,1,9,22.523000,15:15:47,PUBLIC_DERIVED,sauber,65,0.138462,1
202410,tsunoda,1,9,22.064000,15:15:48,PUBLIC_DERIVED,rb,65,0.138462,1
202410,kevin_magnussen,1,10,23.360000,15:17:08,PUBLIC_DERIVED,haas,65,0.153846,1
202410,bottas,1,11,22.744000,15:18:28,PUBLIC_DERIVED,sauber,65,0.169231,1
202410,hulkenberg,1,12,22.722000,15:19:44,PUBLIC_DERIVED,haas,66,0.181818,1
202410,ocon,1,13,21.834000,15:21:03,PUBLIC_DERIVED,alpine,66,0.196970,1
202410,perez,1,13,22.181000,15:21:05,PUBLIC_DERIVED,red_bull,66,0.196970,1
202410,gasly,1,14,26.097000,15:22:19,PUBLIC_DERIVED,alpine,66,0.212121,1
202410,sargeant,1,14,22.401000,15:22:45,PUBLIC_DERIVED,williams,64,0.218750,1
202410,russell,1,15,25.023000,15:23:33,PUBLIC_DERIVED,mercedes,66,0.227273,1
202410,sainz,1,15,22.194000,15:23:36,PUBLIC_DERIVED,ferrari,66,0.227273,1
202410,hamilton,1,16,21.840000,15:24:57,PUBLIC_DERIVED,mercedes,66,0.242424,1
202410,ricciardo,1,16,22.364000,15:25:24,PUBLIC_DERIVED,rb,65,0.246154,1
202410,max_verstappen,1,17,21.544000,15:26:11,PUBLIC_DERIVED,red_bull,66,0.257576,1
202410,stroll,1,17,21.880000,15:26:39,PUBLIC_DERIVED,aston_martin,65,0.261538,1
202410,albon,1,18,23.248000,15:28:15,PUBLIC_DERIVED,williams,65,0.276923,1
202410,alonso,1,19,21.957000,15:29:25,PUBLIC_DERIVED,aston_martin,65,0.292308,1
202410,piastri,1,21,22.224000,15:31:54,PUBLIC_DERIVED,mclaren,66,0.318182,1
202410,norris,1,23,21.618000,15:34:21,PUBLIC_DERIVED,mclaren,66,0.348485,1
202410,leclerc,1,24,22.260000,15:35:49,PUBLIC_DERIVED,ferrari,66,0.363636,1
202410,tsunoda,2,27,22.084000,15:40:44,PUBLIC_DERIVED,rb,65,0.415385,1
202410,bottas,2,28,22.963000,15:41:58,PUBLIC_DERIVED,sauber,65,0.430769,1
202410,kevin_magnussen,2,29,28.967000,15:43:22,PUBLIC_DERIVED,haas,65,0.446154,1
202410,perez,2,31,21.464000,15:45:43,PUBLIC_DERIVED,red_bull,66,0.469697,1
202410,sargeant,2,34,22.506000,15:50:28,PUBLIC_DERIVED,williams,64,0.531250,1
202410,russell,2,36,22.700000,15:52:01,PUBLIC_DERIVED,mercedes,66,0.545455,1
202410,sainz,2,36,22.249000,15:52:05,PUBLIC_DERIVED,ferrari,66,0.545455,1
202410,ocon,2,37,21.921000,15:53:54,PUBLIC_DERIVED,alpine,66,0.560606,1
202410,stroll,2,37,23.381000,15:54:06,PUBLIC_DERIVED,aston_martin,65,0.569231,1
202410,gasly,2,38,21.687000,15:55:06,PUBLIC_DERIVED,alpine,66,0.575758,1
202410,hulkenberg,2,38,22.518000,15:55:17,PUBLIC_DERIVED,haas,66,0.575758,1
202410,zhou,2,41,24.253000,15:59:31,PUBLIC_DERIVED,sauber,65,0.630769,1
202410,ricciardo,2,42,22.108000,16:01:01,PUBLIC_DERIVED,rb,65,0.646154,1
202410,hamilton,2,43,21.603000,16:01:21,PUBLIC_DERIVED,mercedes,66,0.651515,1
202410,max_verstappen,2,44,22.340000,16:02:29,PUBLIC_DERIVED,red_bull,66,0.666667,1
202410,albon,2,43,21.892000,16:02:33,PUBLIC_DERIVED,williams,65,0.661538,1
202410,tsunoda,3,44,22.564000,16:04:06,PUBLIC_DERIVED,rb,65,0.676923,1
202410,alonso,2,45,22.571000,16:04:54,PUBLIC_DERIVED,aston_martin,65,0.692308,1
202410,piastri,2,46,22.420000,16:05:37,PUBLIC_DERIVED,mclaren,66,0.696970,1
202410,norris,2,47,22.631000,16:06:31,PUBLIC_DERIVED,mclaren,66,0.712121,1
202410,leclerc,2,47,21.624000,16:06:44,PUBLIC_DERIVED,ferrari,66,0.712121,1
202410,perez,3,49,21.472000,16:09:52,PUBLIC_DERIVED,red_bull,66,0.742424,1
202411,leclerc,1,1,31.917000,15:04:20,PUBLIC_DERIVED,ferrari,71,0.014085,1
202411,sargeant,1,1,31.722000,15:04:23,PUBLIC_DERIVED,williams,69,0.014493,1
202411,kevin_magnussen,1,10,21.518000,15:15:02,PUBLIC_DERIVED,haas,71,0.140845,1
202411,ricciardo,1,10,21.502000,15:15:04,PUBLIC_DERIVED,rb,71,0.140845,1
202411,hulkenberg,1,11,22.355000,15:16:12,PUBLIC_DERIVED,haas,71,0.154930,1
202411,alonso,1,11,21.483000,15:16:18,PUBLIC_DERIVED,aston_martin,70,0.157143,1
202411,albon,1,12,21.878000,15:17:30,PUBLIC_DERIVED,williams,70,0.171429,1
202411,leclerc,2,16,21.685000,15:22:38,PUBLIC_DERIVED,ferrari,71,0.225352,1
202411,ocon,1,19,22.291000,15:25:51,PUBLIC_DERIVED,alpine,71,0.267606,1
202411,bottas,1,19,21.918000,15:26:01,PUBLIC_DERIVED,sauber,70,0.271429,1
202411,gasly,1,20,21.431000,15:27:05,PUBLIC_DERIVED,alpine,71,0.281690,1
202411,stroll,1,20,21.399000,15:27:11,PUBLIC_DERIVED,aston_martin,70,0.285714,1
202411,sargeant,2,20,22.502000,15:27:51,PUBLIC_DERIVED,williams,69,0.289855,1
202411,hamilton,1,21,21.563000,15:28:03,PUBLIC_DERIVED,mercedes,71,0.295775,1
202411,perez,1,21,21.291000,15:28:10,PUBLIC_DERIVED,red_bull,71,0.295775,1
202411,tsunoda,1,21,21.250000,15:28:21,PUBLIC_DERIVED,rb,70,0.300000,1
202411,russell,1,22,21.673000,15:29:09,PUBLIC_DERIVED,mercedes,71,0.309859,1
202411,sainz,1,22,21.226000,15:29:12,PUBLIC_DERIVED,ferrari,71,0.309859,1
202411,max_verstappen,1,23,21.899000,15:30:10,PUBLIC_DERIVED,red_bull,71,0.323944,1
202411,norris,1,23,21.617000,15:30:16,PUBLIC_DERIVED,mclaren,64,0.359375,1
202411,piastri,1,25,20.978000,15:32:49,PUBLIC_DERIVED,mclaren,71,0.352113,1
202411,zhou,1,28,23.198000,15:37:09,PUBLIC_DERIVED,sauber,70,0.400000,1
202411,leclerc,3,33,22.243000,15:43:03,PUBLIC_DERIVED,ferrari,71,0.464789,1
202411,alonso,2,35,33.947000,15:45:19,PUBLIC_DERIVED,aston_martin,70,0.500000,1
202411,ricciardo,2,37,21.093000,15:47:39,PUBLIC_DERIVED,rb,71,0.521127,1
202411,kevin_magnussen,2,38,21.832000,15:48:49,PUBLIC_DERIVED,haas,71,0.535211,1
202411,hulkenberg,2,39,21.814000,15:49:55,PUBLIC_DERIVED,haas,71,0.549296,1
202411,albon,2,39,21.692000,15:50:11,PUBLIC_DERIVED,williams,70,0.557143,1
202411,gasly,2,42,22.043000,15:53:40,PUBLIC_DERIVED,alpine,71,0.591549,1
202411,bottas,2,42,21.991000,15:53:49,PUBLIC_DERIVED,sauber,70,0.600000,1
202411,ocon,2,43,21.231000,15:54:52,PUBLIC_DERIVED,alpine,71,0.605634,1
202411,stroll,2,43,21.302000,15:54:58,PUBLIC_DERIVED,aston_martin,70,0.614286,1
202411,tsunoda,2,44,23.444000,15:56:07,PUBLIC_DERIVED,rb,70,0.628571,1
202411,russell,2,46,21.229000,15:57:41,PUBLIC_DERIVED,mercedes,71,0.647887,1
202411,sainz,2,47,21.283000,15:58:55,PUBLIC_DERIVED,ferrari,71,0.661972,1
202411,sargeant,3,49,22.093000,16:03:04,PUBLIC_DERIVED,williams,69,0.710145,1
202411,max_verstappen,2,51,25.841000,16:03:13,PUBLIC_DERIVED,red_bull,71,0.718310,1
202411,norris,2,51,21.411000,16:03:21,PUBLIC_DERIVED,mclaren,64,0.796875,1
202411,piastri,2,51,20.775000,16:03:40,PUBLIC_DERIVED,mclaren,71,0.718310,1
202411,perez,2,51,27.500000,16:04:03,PUBLIC_DERIVED,red_bull,71,0.718310,1
202411,leclerc,4,51,20.903000,16:04:33,PUBLIC_DERIVED,ferrari,71,0.718310,1
202411,zhou,2,51,21.594000,16:05:02,PUBLIC_DERIVED,sauber,70,0.728571,1
202411,hamilton,2,53,27.281000,16:06:06,PUBLIC_DERIVED,mercedes,71,0.746479,1
202411,max_verstappen,3,64,22.729000,16:19:06,PUBLIC_DERIVED,red_bull,71,0.901408,1
202411,alonso,3,68,22.487000,16:25:31,PUBLIC_DERIVED,aston_martin,70,0.971429,1
202412,zhou,1,12,29.178000,15:22:07,PUBLIC_DERIVED,sauber,50,0.240000,1
202412,leclerc,1,19,28.481000,15:32:51,PUBLIC_DERIVED,ferrari,51,0.372549,1
202412,perez,1,19,28.391000,15:32:59,PUBLIC_DERIVED,red_bull,50,0.380000,1
202412,ocon,1,19,28.495000,15:33:21,PUBLIC_DERIVED,alpine,50,0.380000,1
202412,zhou,2,19,29.838000,15:33:46,PUBLIC_DERIVED,sauber,50,0.380000,1
202412,ocon,2,21,28.276000,15:37:02,PUBLIC_DERIVED,alpine,50,0.420000,1
202412,max_verstappen,1,26,28.365000,15:43:41,PUBLIC_DERIVED,red_bull,52,0.500000,1
202412,sainz,1,26,29.199000,15:43:42,PUBLIC_DERIVED,ferrari,52,0.500000,1
202412,hulkenberg,1,26,29.412000,15:43:59,PUBLIC_DERIVED,haas,52,0.500000,1
202412,stroll,1,26,29.023000,15:44:01,PUBLIC_DERIVED,aston_martin,52,0.500000,1
202412,ricciardo,1,26,28.875000,15:44:23,PUBLIC_DERIVED,rb,51,0.509804,1
202412,bottas,1,26,30.628000,15:44:42,PUBLIC_DERIVED,sauber,51,0.509804,1
202412,norris,1,27,28.661000,15:45:13,PUBLIC_DERIVED,mclaren,52,0.519231,1
202412,hamilton,1,27,28.929000,15:45:17,PUBLIC_DERIVED,mercedes,52,0.519231,1
202412,russell,1,27,32.045000,15:45:20,PUBLIC_DERIVED,mercedes,33,0.818182,1
202412,alonso,1,27,29.341000,15:45:51,PUBLIC_DERIVED,aston_martin,52,0.519231,1
202412,tsunoda,1,27,,15:45:52,PUBLIC_DERIVED,rb,52,0.519231,0
202412,albon,1,27,34.742000,15:45:53,PUBLIC_DERIVED,williams,52,0.519231,1
202412,ocon,3,26,29.289000,15:45:57,PUBLIC_DERIVED,alpine,50,0.520000,1
202412,kevin_magnussen,1,27,30.308000,15:45:59,PUBLIC_DERIVED,haas,52,0.519231,1
202412,sargeant,1,27,32.801000,15:46:01,PUBLIC_DERIVED,williams,52,0.519231,1
202412,zhou,3,26,29.125000,15:46:39,PUBLIC_DERIVED,sauber,50,0.520000,1
202412,piastri,1,28,29.541000,15:47:12,PUBLIC_DERIVED,mclaren,52,0.538462,1
202412,leclerc,2,27,29.233000,15:47:17,PUBLIC_DERIVED,ferrari,51,0.529412,1
202412,perez,2,28,32.313000,15:49:13,PUBLIC_DERIVED,red_bull,50,0.560000,1
202412,kevin_magnussen,2,37,29.884000,16:03:41,PUBLIC_DERIVED,haas,52,0.711538,1
202412,ricciardo,2,37,29.873000,16:03:44,PUBLIC_DERIVED,rb,51,0.725490,1
202412,bottas,2,37,31.527000,16:04:05,PUBLIC_DERIVED,sauber,51,0.725490,1
202412,hamilton,2,38,30.038000,16:04:09,PUBLIC_DERIVED,mercedes,52,0.730769,1
202412,max_verstappen,2,38,29.076000,16:04:14,PUBLIC_DERIVED,red_bull,52,0.730769,1
202412,piastri,2,38,29.200000,16:04:29,PUBLIC_DERIVED,mclaren,52,0.730769,1
202412,leclerc,3,37,29.166000,16:04:40,PUBLIC_DERIVED,ferrari,51,0.725490,1
202412,perez,3,37,29.300000,16:04:59,PUBLIC_DERIVED,red_bull,50,0.740000,1
202412,alonso,2,38,29.686000,16:05:03,PUBLIC_DERIVED,aston_martin,52,0.730769,1
202412,tsunoda,2,38,29.658000,16:05:07,PUBLIC_DERIVED,rb,52,0.730769,1
202412,albon,2,38,29.410000,16:05:11,PUBLIC_DERIVED,williams,52,0.730769,1
202412,sargeant,2,38,29.444000,16:05:23,PUBLIC_DERIVED,williams,52,0.730769,1
202412,norris,2,39,30.387000,16:05:44,PUBLIC_DERIVED,mclaren,52,0.750000,1
202412,zhou,4,37,33.083000,16:06:00,PUBLIC_DERIVED,sauber,50,0.740000,1
202412,sainz,2,39,29.097000,16:06:06,PUBLIC_DERIVED,ferrari,52,0.750000,1
202412,hulkenberg,2,39,30.265000,16:06:28,PUBLIC_DERIVED,haas,52,0.750000,1
202412,stroll,2,39,29.469000,16:06:33,PUBLIC_DERIVED,aston_martin,52,0.750000,1
202412,ocon,4,38,29.086000,16:06:52,PUBLIC_DERIVED,alpine,50,0.760000,1
202412,perez,4,47,28.871000,16:20:38,PUBLIC_DERIVED,red_bull,50,0.940000,1
202412,sainz,3,50,28.706000,16:22:59,PUBLIC_DERIVED,ferrari,52,0.961538,1
202413,hulkenberg,1,2,22.287000,15:06:01,PUBLIC_DERIVED,haas,69,0.028986,1
202413,albon,1,6,22.091000,15:11:43,PUBLIC_DERIVED,williams,69,0.086957,1
202413,kevin_magnussen,1,6,21.871000,15:11:43,PUBLIC_DERIVED,haas,69,0.086957,1
202413,ocon,1,6,21.829000,15:11:47,PUBLIC_DERIVED,alpine,69,0.086957,1
202413,alonso,1,7,22.542000,15:13:05,PUBLIC_DERIVED,aston_martin,70,0.100000,1
202413,ricciardo,1,7,21.084000,15:13:08,PUBLIC_DERIVED,rb,69,0.101449,1
202413,zhou,1,7,21.993000,15:13:15,PUBLIC_DERIVED,sauber,69,0.101449,1
202413,sargeant,1,8,21.757000,15:14:38,PUBLIC_DERIVED,williams,69,0.115942,1
202413,stroll,1,14,23.237000,15:23:01,PUBLIC_DERIVED,aston_martin,70,0.200000,1
202413,hamilton,1,16,21.306000,15:25:36,PUBLIC_DERIVED,mercedes,70,0.228571,1
202413,bottas,1,16,22.146000,15:25:58,PUBLIC_DERIVED,sauber,69,0.231884,1
202413,norris,1,17,21.861000,15:26:55,PUBLIC_DERIVED,mclaren,70,0.242857,1
202413,piastri,1,18,21.641000,15:28:15,PUBLIC_DERIVED,mclaren,70,0.257143,1
202413,max_verstappen,1,21,22.101000,15:32:38,PUBLIC_DERIVED,red_bull,70,0.300000,1
202413,sainz,1,21,21.655000,15:32:46,PUBLIC_DERIVED,ferrari,70,0.300000,1
202413,leclerc,1,23,21.894000,15:35:30,PUBLIC_DERIVED,ferrari,70,0.328571,1
202413,perez,1,28,21.395000,15:43:04,PUBLIC_DERIVED,red_bull,70,0.400000,1
202413,gasly,1,28,21.405000,15:43:16,PUBLIC_DERIVED,alpine,33,0.848485,1
202413,ricciardo,2,28,21.378000,15:43:23,PUBLIC_DERIVED,rb,69,0.405797,1
202413,tsunoda,1,29,21.467000,15:44:27,PUBLIC_DERIVED,rb,70,0.414286,1
202413,hulkenberg,2,29,22.472000,15:44:45,PUBLIC_DERIVED,haas,69,0.420290,1
202413,albon,2,29,23.410000,15:44:46,PUBLIC_DERIVED,williams,69,0.420290,1
202413,ocon,2,30,21.444000,15:46:17,PUBLIC_DERIVED,alpine,69,0.434783,1
202413,russell,1,33,21.369000,15:50:09,PUBLIC_DERIVED,mercedes,70,0.471429,1
202413,sargeant,2,33,21.398000,15:50:34,PUBLIC_DERIVED,williams,69,0.478261,1
202413,kevin_magnussen,2,34,22.531000,15:51:57,PUBLIC_DERIVED,haas,69,0.492754,1
202413,zhou,2,36,22.183000,15:55:03,PUBLIC_DERIVED,sauber,69,0.521739,1
202413,alonso,2,37,21.800000,15:55:57,PUBLIC_DERIVED,aston_martin,70,0.528571,1
202413,hamilton,2,40,21.910000,15:59:28,PUBLIC_DERIVED,mercedes,70,0.571429,1
202413,leclerc,2,40,21.723000,15:59:29,PUBLIC_DERIVED,ferrari,70,0.571429,1
202413,norris,2,45,21.249000,16:06:18,PUBLIC_DERIVED,mclaren,70,0.642857,1
202413,stroll,2,45,22.276000,16:07:17,PUBLIC_DERIVED,aston_martin,70,0.642857,1
202413,bottas,2,45,21.981000,16:07:35,PUBLIC_DERIVED,sauber,69,0.652174,1
202413,piastri,2,47,21.823000,16:09:05,PUBLIC_DERIVED,mclaren,70,0.671429,1
202413,sainz,2,47,21.439000,16:09:23,PUBLIC_DERIVED,ferrari,70,0.671429,1
202413,perez,2,47,21.056000,16:09:46,PUBLIC_DERIVED,red_bull,70,0.671429,1
202413,max_verstappen,2,49,21.344000,16:12:02,PUBLIC_DERIVED,red_bull,70,0.700000,1
202413,russell,2,53,21.328000,16:18:05,PUBLIC_DERIVED,mercedes,70,0.757143,1
202413,sargeant,3,63,21.908000,16:33:22,PUBLIC_DERIVED,williams,69,0.913043,1
202413,ocon,3,64,21.330000,16:34:46,PUBLIC_DERIVED,alpine,69,0.927536,1
202414,hulkenberg,1,7,23.562000,15:17:00,PUBLIC_DERIVED,haas,44,0.159091,1
202414,albon,1,8,23.606000,15:18:45,PUBLIC_DERIVED,williams,44,0.181818,1
202414,ricciardo,1,8,22.643000,15:18:49,PUBLIC_DERIVED,rb,44,0.181818,1
202414,sargeant,1,8,23.338000,15:18:55,PUBLIC_DERIVED,williams,44,0.181818,1
202414,gasly,1,9,22.900000,15:20:39,PUBLIC_DERIVED,alpine,44,0.204545,1
202414,russell,1,10,22.686000,15:22:19,PUBLIC_DERIVED,mercedes,44,0.227273,1
202414,max_verstappen,1,10,23.214000,15:22:21,PUBLIC_DERIVED,red_bull,44,0.227273,1
202414,hamilton,1,11,23.188000,15:24:02,PUBLIC_DERIVED,mercedes,44,0.250000,1
202414,perez,1,11,22.692000,15:24:06,PUBLIC_DERIVED,red_bull,44,0.250000,1
202414,piastri,1,11,22.623000,15:24:08,PUBLIC_DERIVED,mclaren,44,0.250000,1
202414,bottas,1,11,23.147000,15:24:22,PUBLIC_DERIVED,sauber,44,0.250000,1
202414,leclerc,1,12,22.942000,15:25:53,PUBLIC_DERIVED,ferrari,44,0.272727,1
202414,ocon,1,12,23.366000,15:26:11,PUBLIC_DERIVED,alpine,44,0.272727,1
202414,stroll,1,12,23.010000,15:26:15,PUBLIC_DERIVED,aston_martin,44,0.272727,1
202414,alonso,1,13,23.075000,15:27:58,PUBLIC_DERIVED,aston_martin,44,0.295455,1
202414,norris,1,15,22.682000,15:31:29,PUBLIC_DERIVED,mclaren,44,0.340909,1
202414,tsunoda,1,15,23.452000,15:31:55,PUBLIC_DERIVED,rb,44,0.340909,1
202414,kevin_magnussen,1,17,23.619000,15:35:32,PUBLIC_DERIVED,haas,44,0.386364,1
202414,sainz,1,20,23.080000,15:40:33,PUBLIC_DERIVED,ferrari,44,0.454545,1
202414,hulkenberg,2,20,23.268000,15:41:12,PUBLIC_DERIVED,haas,44,0.454545,1
202414,perez,2,21,22.648000,15:42:34,PUBLIC_DERIVED,red_bull,44,0.477273,1
202414,ricciardo,2,21,22.328000,15:42:55,PUBLIC_DERIVED,rb,44,0.477273,1
202414,albon,2,23,23.146000,15:46:34,PUBLIC_DERIVED,williams,44,0.522727,1
202414,sargeant,2,24,23.692000,15:48:46,PUBLIC_DERIVED,williams,44,0.545455,1
202414,leclerc,2,25,23.330000,15:49:39,PUBLIC_DERIVED,ferrari,44,0.568182,1
202414,hamilton,2,26,22.704000,15:51:24,PUBLIC_DERIVED,mercedes,44,0.590909,1
202414,max_verstappen,2,28,22.943000,15:55:10,PUBLIC_DERIVED,red_bull,44,0.636364,1
202414,sainz,2,28,23.089000,15:55:17,PUBLIC_DERIVED,ferrari,44,0.636364,1
202414,gasly,2,28,22.844000,15:55:46,PUBLIC_DERIVED,alpine,44,0.636364,1
202414,norris,2,29,22.610000,15:56:59,PUBLIC_DERIVED,mclaren,44,0.659091,1
202414,piastri,2,30,24.125000,15:58:38,PUBLIC_DERIVED,mclaren,44,0.681818,1
202414,ocon,2,30,23.546000,15:59:14,PUBLIC_DERIVED,alpine,44,0.681818,1
202414,bottas,2,35,22.949000,16:08:31,PUBLIC_DERIVED,sauber,44,0.795455,1
202414,perez,3,42,22.632000,16:20:40,PUBLIC_DERIVED,red_bull,44,0.954545,1
202415,albon,1,12,21.258000,15:18:56,PUBLIC_DERIVED,williams,71,0.169014,1
202415,hulkenberg,1,14,21.619000,15:21:26,PUBLIC_DERIVED,haas,71,0.197183,1
202415,tsunoda,1,14,21.249000,15:21:27,PUBLIC_DERIVED,rb,71,0.197183,1
202415,bottas,1,15,21.095000,15:22:50,PUBLIC_DERIVED,sauber,70,0.214286,1
202415,zhou,1,18,21.214000,15:26:53,PUBLIC_DERIVED,sauber,70,0.257143,1
202415,sargeant,1,22,22.030000,15:32:00,PUBLIC_DERIVED,williams,71,0.309859,1
202415,hamilton,1,23,21.168000,15:32:56,PUBLIC_DERIVED,mercedes,72,0.319444,1
202415,leclerc,1,24,20.841000,15:33:57,PUBLIC_DERIVED,ferrari,72,0.333333,1
202415,russell,1,25,21.846000,15:35:11,PUBLIC_DERIVED,mercedes,72,0.347222,1
202415,max_verstappen,1,27,20.785000,15:37:39,PUBLIC_DERIVED,red_bull,72,0.375000,1
202415,norris,1,28,21.536000,15:38:48,PUBLIC_DERIVED,mclaren,72,0.388889,1
202415,perez,1,29,22.934000,15:40:23,PUBLIC_DERIVED,red_bull,72,0.402778,1
202415,ricciardo,1,29,20.942000,15:40:51,PUBLIC_DERIVED,rb,71,0.408451,1
202415,sainz,1,30,20.840000,15:41:41,PUBLIC_DERIVED,ferrari,72,0.416667,1
202415,stroll,1,30,21.385000,15:42:05,PUBLIC_DERIVED,aston_martin,71,0.422535,1
202415,ocon,1,30,21.015000,15:42:17,PUBLIC_DERIVED,alpine,71,0.422535,1
202415,alonso,1,31,21.348000,15:43:19,PUBLIC_DERIVED,aston_martin,71,0.436620,1
202415,gasly,1,32,22.646000,15:44:31,PUBLIC_DERIVED,alpine,71,0.450704,1
202415,tsunoda,2,32,20.880000,15:44:50,PUBLIC_DERIVED,rb,71,0.450704,1
202415,piastri,1,33,20.969000,15:45:22,PUBLIC_DERIVED,mclaren,72,0.458333,1
202415,kevin_magnussen,1,40,21.403000,15:55:10,PUBLIC_DERIVED,haas,71,0.563380,1
202415,bottas,2,43,21.273000,15:59:12,PUBLIC_DERIVED,sauber,70,0.614286,1
202415,hamilton,2,48,21.026000,16:04:40,PUBLIC_DERIVED,mercedes,72,0.666667,1
202415,zhou,2,51,22.044000,16:09:57,PUBLIC_DERIVED,sauber,70,0.728571,1
202415,russell,2,54,21.159000,16:12:03,PUBLIC_DERIVED,mercedes,72,0.750000,1
202415,albon,2,54,21.016000,16:13:00,PUBLIC_DERIVED,williams,71,0.760563,1
202416,hulkenberg,1,5,38.875000,15:10:58,PUBLIC_DERIVED,haas,52,0.096154,1
202416,gasly,1,10,24.335000,15:18:08,PUBLIC_DERIVED,alpine,52,0.192308,1
202416,russell,1,11,32.696000,15:19:22,PUBLIC_DERIVED,mercedes,53,0.207547,1
202416,ricciardo,1,11,30.317000,15:19:31,PUBLIC_DERIVED,rb,53,0.207547,1
202416,alonso,1,12,24.866000,15:20:54,PUBLIC_DERIVED,aston_martin,53,0.226415,1
202416,norris,1,14,24.169000,15:23:26,PUBLIC_DERIVED,mclaren,53,0.264151,1
202416,kevin_magnussen,1,14,25.672000,15:23:48,PUBLIC_DERIVED,haas,53,0.264151,1
202416,leclerc,1,15,24.551000,15:24:52,PUBLIC_DERIVED,ferrari,53,0.283019,1
202416,hamilton,1,15,24.469000,15:24:58,PUBLIC_DERIVED,mercedes,53,0.283019,1
202416,zhou,1,15,27.138000,15:25:28,PUBLIC_DERIVED,sauber,52,0.288462,1
202416,piastri,1,16,23.793000,15:26:13,PUBLIC_DERIVED,mclaren,53,0.301887,1
202416,colapinto,1,16,25.147000,15:26:50,PUBLIC_DERIVED,williams,53,0.301887,1
202416,albon,1,17,24.801000,15:28:04,PUBLIC_DERIVED,williams,53,0.320755,1
202416,sainz,1,19,24.313000,15:30:37,PUBLIC_DERIVED,ferrari,53,0.358491,1
202416,stroll,1,19,24.980000,15:31:07,PUBLIC_DERIVED,aston_martin,52,0.365385,1
202416,max_verstappen,1,22,28.198000,15:34:56,PUBLIC_DERIVED,red_bull,53,0.415094,1
202416,perez,1,23,24.728000,15:36:25,PUBLIC_DERIVED,red_bull,53,0.433962,1
202416,gasly,2,30,24.203000,15:47:05,PUBLIC_DERIVED,alpine,52,0.576923,1
202416,ocon,1,31,24.146000,15:48:20,PUBLIC_DERIVED,alpine,52,0.596154,1
202416,norris,2,32,24.870000,15:48:59,PUBLIC_DERIVED,mclaren,53,0.603774,1
202416,hulkenberg,2,32,36.576000,15:50:05,PUBLIC_DERIVED,haas,52,0.615385,1
202416,russell,2,33,26.297000,15:50:51,PUBLIC_DERIVED,mercedes,53,0.622642,1
202416,bottas,1,33,24.410000,15:51:24,PUBLIC_DERIVED,sauber,52,0.634615,1
202416,perez,2,35,24.030000,15:53:38,PUBLIC_DERIVED,red_bull,53,0.660377,1
202416,alonso,2,35,24.501000,15:53:55,PUBLIC_DERIVED,aston_martin,53,0.660377,1
202416,stroll,2,36,24.209000,15:55:36,PUBLIC_DERIVED,aston_martin,52,0.692308,1
202416,hamilton,2,37,24.155000,15:56:11,PUBLIC_DERIVED,mercedes,53,0.698113,1
202416,piastri,2,38,24.670000,15:57:15,PUBLIC_DERIVED,mclaren,53,0.716981,1
202416,max_verstappen,2,41,24.150000,16:01:54,PUBLIC_DERIVED,red_bull,53,0.773585,1
202416,stroll,3,50,25.269000,16:15:41,PUBLIC_DERIVED,aston_martin,52,0.961538,1
202417,stroll,1,1,21.123000,15:06:20,PUBLIC_DERIVED,aston_martin,45,0.022222,1
202417,colapinto,1,10,20.596000,15:22:39,PUBLIC_DERIVED,williams,51,0.196078,1
202417,alonso,1,11,20.073000,15:24:27,PUBLIC_DERIVED,aston_martin,51,0.215686,1
202417,bottas,1,11,20.045000,15:25:01,PUBLIC_DERIVED,sauber,50,0.220000,1
202417,max_verstappen,1,12,21.145000,15:26:10,PUBLIC_DERIVED,red_bull,51,0.235294,1
202417,russell,1,12,19.954000,15:26:14,PUBLIC_DERIVED,mercedes,51,0.235294,1
202417,hamilton,1,12,21.289000,15:26:34,PUBLIC_DERIVED,mercedes,51,0.235294,1
202417,tsunoda,1,12,20.922000,15:26:54,PUBLIC_DERIVED,rb,14,0.857143,1
202417,perez,1,13,20.630000,15:27:51,PUBLIC_DERIVED,red_bull,49,0.265306,1
202417,bearman,1,14,21.276000,15:30:09,PUBLIC_DERIVED,haas,51,0.274510,1
202417,piastri,1,15,20.181000,15:31:28,PUBLIC_DERIVED,mclaren,51,0.294118,1
202417,hulkenberg,1,15,21.617000,15:31:57,PUBLIC_DERIVED,haas,51,0.294118,1
202417,leclerc,1,16,20.671000,15:33:13,PUBLIC_DERIVED,ferrari,51,0.313725,1
202417,sainz,1,17,21.483000,15:35:11,PUBLIC_DERIVED,ferrari,49,0.346939,1
202417,stroll,2,22,20.214000,15:45:17,PUBLIC_DERIVED,aston_martin,45,0.488889,1
202417,albon,1,31,20.287000,16:00:54,PUBLIC_DERIVED,williams,51,0.607843,1
202417,zhou,1,34,20.520000,16:07:12,PUBLIC_DERIVED,sauber,51,0.666667,1
202417,norris,1,37,19.712000,16:11:41,PUBLIC_DERIVED,mclaren,51,0.725490,1
202417,max_verstappen,2,49,20.725000,16:33:13,PUBLIC_DERIVED,red_bull,51,0.960784,1
202417,ricciardo,1,49,21.984000,16:34:12,PUBLIC_DERIVED,rb,51,0.960784,1
202417,ocon,1,49,20.634000,16:34:42,PUBLIC_DERIVED,alpine,50,0.980000,1
202417,gasly,1,50,20.257000,16:36:20,PUBLIC_DERIVED,alpine,51,0.980392,1
202418,ricciardo,1,10,30.316000,20:20:46,PUBLIC_DERIVED,rb,61,0.163934,1
202418,albon,1,11,29.126000,20:22:22,PUBLIC_DERIVED,williams,15,0.733333,1
202418,sainz,1,13,29.385000,20:25:37,PUBLIC_DERIVED,ferrari,62,0.209677,1
202418,hamilton,1,17,29.272000,20:31:54,PUBLIC_DERIVED,mercedes,62,0.274194,1
202418,alonso,1,25,29.251000,20:45:21,PUBLIC_DERIVED,aston_martin,61,0.409836,1
202418,stroll,1,26,29.816000,20:47:31,PUBLIC_DERIVED,aston_martin,61,0.426230,1
202418,russell,1,27,28.739000,20:48:22,PUBLIC_DERIVED,mercedes,62,0.435484,1
202418,perez,1,28,28.990000,20:50:26,PUBLIC_DERIVED,red_bull,61,0.459016,1
202418,kevin_magnussen,1,28,29.707000,20:50:47,PUBLIC_DERIVED,haas,57,0.491228,1
202418,max_verstappen,1,29,29.655000,20:51:28,PUBLIC_DERIVED,red_bull,62,0.467742,1
202418,hulkenberg,1,29,29.808000,20:52:00,PUBLIC_DERIVED,haas,61,0.475410,1
202418,colapinto,1,29,29.772000,20:52:02,PUBLIC_DERIVED,williams,61,0.475410,1
202418,ocon,1,29,29.601000,20:52:22,PUBLIC_DERIVED,alpine,61,0.475410,1
202418,norris,1,30,29.091000,20:52:44,PUBLIC_DERIVED,mclaren,62,0.483871,1
202418,tsunoda,1,33,29.662000,20:58:54,PUBLIC_DERIVED,rb,61,0.540984,1
202418,bottas,1,33,30.423000,20:59:22,PUBLIC_DERIVED,sauber,61,0.540984,1
202418,zhou,1,34,29.360000,21:01:01,PUBLIC_DERIVED,sauber,61,0.557377,1
202418,leclerc,1,36,29.042000,21:03:29,PUBLIC_DERIVED,ferrari,62,0.580645,1
202418,gasly,1,37,31.509000,21:06:04,PUBLIC_DERIVED,alpine,61,0.606557,1
202418,piastri,1,38,29.152000,21:06:22,PUBLIC_DERIVED,mclaren,62,0.612903,1
202418,ricciardo,2,46,29.066000,21:20:58,PUBLIC_DERIVED,rb,61,0.754098,1
202418,kevin_magnussen,2,49,31.291000,21:26:52,PUBLIC_DERIVED,haas,57,0.859649,1
202418,ricciardo,3,58,29.653000,21:40:58,PUBLIC_DERIVED,rb,61,0.950820,1
202419,albon,1,3,34.983000,14:09:39,PUBLIC_DERIVED,williams,55,0.054545,1
202419,zhou,1,13,24.433000,14:28:22,PUBLIC_DERIVED,sauber,55,0.236364,1
202419,bottas,1,15,24.439000,14:31:39,PUBLIC_DERIVED,sauber,55,0.272727,1
202419,kevin_magnussen,1,17,23.966000,14:34:50,PUBLIC_DERIVED,haas,56,0.303571,1
202419,gasly,1,18,28.228000,14:36:29,PUBLIC_DERIVED,alpine,56,0.321429,1
202419,tsunoda,1,18,24.193000,14:36:35,PUBLIC_DERIVED,rb,55,0.327273,1
202419,sainz,1,21,23.963000,14:41:13,PUBLIC_DERIVED,ferrari,56,0.375000,1
202419,max_verstappen,1,25,24.228000,14:47:52,PUBLIC_DERIVED,red_bull,56,0.446429,1
202419,leclerc,1,26,23.817000,14:49:20,PUBLIC_DERIVED,ferrari,56,0.464286,1
202419,perez,1,26,23.580000,14:49:57,PUBLIC_DERIVED,red_bull,56,0.464286,1
202419,alonso,1,26,24.247000,14:50:15,PUBLIC_DERIVED,aston_martin,55,0.472727,1
202419,hulkenberg,1,27,24.500000,14:51:40,PUBLIC_DERIVED,haas,56,0.482143,1
202419,stroll,1,27,26.399000,14:52:06,PUBLIC_DERIVED,aston_martin,55,0.490909,1
202419,norris,1,31,23.731000,14:57:52,PUBLIC_DERIVED,mclaren,56,0.553571,1
202419,ocon,1,31,24.156000,14:58:47,PUBLIC_DERIVED,alpine,55,0.563636,1
202419,piastri,1,32,24.107000,14:59:38,PUBLIC_DERIVED,mclaren,56,0.571429,1
202419,albon,2,33,24.391000,15:02:17,PUBLIC_DERIVED,williams,55,0.600000,1
202419,zhou,2,35,24.890000,15:05:59,PUBLIC_DERIVED,sauber,55,0.636364,1
202419,lawson,1,36,23.839000,15:06:52,PUBLIC_DERIVED,rb,56,0.642857,1
202419,kevin_magnussen,2,38,24.087000,15:10:18,PUBLIC_DERIVED,haas,56,0.678571,1
202419,colapinto,1,39,23.971000,15:11:56,PUBLIC_DERIVED,williams,56,0.696429,1
202419,russell,1,40,29.327000,15:13:16,PUBLIC_DERIVED,mercedes,56,0.714286,1
202419,ocon,2,51,26.175000,15:32:32,PUBLIC_DERIVED,alpine,55,0.927273,1
202420,perez,1,20,27.730000,14:35:55,PUBLIC_DERIVED,red_bull,70,0.285714,1
202420,max_verstappen,1,26,43.730000,14:43:43,PUBLIC_DERIVED,red_bull,71,0.366197,1
202420,stroll,1,26,22.592000,14:44:17,PUBLIC_DERIVED,aston_martin,70,0.371429,1
202420,hamilton,1,28,22.538000,14:46:42,PUBLIC_DERIVED,mercedes,71,0.394366,1
202420,gasly,1,28,23.204000,14:46:56,PUBLIC_DERIVED,alpine,70,0.400000,1
202420,hulkenberg,1,29,23.077000,14:48:15,PUBLIC_DERIVED,haas,70,0.414286,1
202420,norris,1,30,22.111000,14:49:15,PUBLIC_DERIVED,mclaren,71,0.422535,1
202420,kevin_magnussen,1,30,23.332000,14:49:36,PUBLIC_DERIVED,haas,71,0.422535,1
202420,leclerc,1,31,22.860000,14:50:30,PUBLIC_DERIVED,ferrari,71,0.436620,1
202420,russell,1,31,22.462000,14:50:44,PUBLIC_DERIVED,mercedes,71,0.436620,1
202420,sainz,1,32,22.249000,14:51:43,PUBLIC_DERIVED,ferrari,71,0.450704,1
202420,piastri,1,39,21.825000,15:02:09,PUBLIC_DERIVED,mclaren,71,0.549296,1
202420,lawson,1,39,22.586000,15:02:15,PUBLIC_DERIVED,rb,70,0.557143,1
202420,zhou,1,43,22.935000,15:08:09,PUBLIC_DERIVED,sauber,70,0.614286,1
202420,perez,2,43,22.174000,15:08:13,PUBLIC_DERIVED,red_bull,70,0.614286,1
202420,colapinto,1,47,23.895000,15:13:22,PUBLIC_DERIVED,williams,70,0.671429,1
202420,ocon,1,48,23.245000,15:14:59,PUBLIC_DERIVED,alpine,70,0.685714,1
202420,bottas,1,49,22.505000,15:16:16,PUBLIC_DERIVED,sauber,70,0.700000,1
202420,lawson,2,65,30.299000,15:38:15,PUBLIC_DERIVED,rb,70,0.928571,1
202420,leclerc,2,69,22.690000,15:42:04,PUBLIC_DERIVED,ferrari,71,0.971831,1
202420,perez,3,68,21.920000,15:42:41,PUBLIC_DERIVED,red_bull,70,0.971429,1
202421,leclerc,1,24,24.573000,13:24:06,PUBLIC_DERIVED,ferrari,69,0.347826,1
202421,hulkenberg,1,25,25.369000,13:25:44,PUBLIC_DERIVED,haas,0,inf,1
202421,colapinto,1,26,25.287000,13:27:23,PUBLIC_DERIVED,williams,30,0.866667,1
202421,piastri,1,27,26.050000,13:28:37,PUBLIC_DERIVED,mclaren,69,0.391304,1
202421,alonso,1,27,25.107000,13:28:41,PUBLIC_DERIVED,aston_martin,69,0.391304,1
202421,bearman,1,27,35.755000,13:28:52,PUBLIC_DERIVED,haas,69,0.391304,1
202421,hamilton,1,27,25.205000,13:28:55,PUBLIC_DERIVED,mercedes,69,0.391304,1
202421,sainz,1,27,25.920000,13:29:01,PUBLIC_DERIVED,ferrari,38,0.710526,1
202421,perez,1,27,26.692000,13:29:04,PUBLIC_DERIVED,red_bull,69,0.391304,1
202421,zhou,1,27,25.248000,13:29:32,PUBLIC_DERIVED,sauber,69,0.391304,1
202421,russell,1,28,25.698000,13:29:59,PUBLIC_DERIVED,mercedes,69,0.405797,1
202421,norris,1,28,24.764000,13:30:01,PUBLIC_DERIVED,mclaren,69,0.405797,1
202421,tsunoda,1,28,25.431000,13:30:16,PUBLIC_DERIVED,rb,69,0.405797,1
202421,lawson,1,28,28.167000,13:30:35,PUBLIC_DERIVED,rb,69,0.405797,1
202421,hulkenberg,2,27,58.984000,13:31:21,PUBLIC_DERIVED,haas,0,inf,1
202421,zhou,2,28,27.067000,13:31:38,PUBLIC_DERIVED,sauber,69,0.405797,1
202421,colapinto,2,30,25.239000,13:35:02,PUBLIC_DERIVED,williams,30,1.000000,1
202421,hulkenberg,3,29,28.590000,13:36:17,PUBLIC_DERIVED,haas,0,inf,1
202421,ocon,1,32,1408.695000,13:38:37,PUBLIC_DERIVED,alpine,69,0.463768,0
202421,max_verstappen,1,32,1409.303000,13:38:39,PUBLIC_DERIVED,red_bull,69,0.463768,0
202421,zhou,3,31,1283.154000,13:38:42,PUBLIC_DERIVED,sauber,69,0.449275,0
202421,gasly,1,32,1407.586000,13:38:45,PUBLIC_DERIVED,alpine,69,0.463768,0
202421,norris,2,32,1415.363000,13:38:46,PUBLIC_DERIVED,mclaren,69,0.463768,0
202421,russell,2,32,1415.838000,13:38:51,PUBLIC_DERIVED,mercedes,69,0.463768,0
202421,tsunoda,2,32,1419.030000,13:38:53,PUBLIC_DERIVED,rb,69,0.463768,0
202421,leclerc,2,32,1420.260000,13:38:55,PUBLIC_DERIVED,ferrari,69,0.463768,0
202421,piastri,2,32,1420.270000,13:38:58,PUBLIC_DERIVED,mclaren,69,0.463768,0
202421,alonso,2,32,1422.872000,13:39:00,PUBLIC_DERIVED,aston_martin,69,0.463768,0
202421,lawson,2,32,1422.722000,13:39:03,PUBLIC_DERIVED,rb,69,0.463768,0
202421,hamilton,2,32,1425.703000,13:39:05,PUBLIC_DERIVED,mercedes,69,0.463768,0
202421,bottas,1,32,1422.094000,13:39:10,PUBLIC_DERIVED,sauber,69,0.463768,0
202421,sainz,2,32,1424.659000,13:39:11,PUBLIC_DERIVED,ferrari,38,0.842105,0
202421,perez,2,32,1425.215000,13:39:13,PUBLIC_DERIVED,red_bull,69,0.463768,0
202421,bearman,2,32,1424.737000,13:39:16,PUBLIC_DERIVED,haas,69,0.463768,0
202421,zhou,4,32,68.542000,14:01:55,PUBLIC_DERIVED,sauber,69,0.463768,0
202422,alonso,1,4,21.407000,22:10:35,PUBLIC_DERIVED,aston_martin,50,0.080000,1
202422,leclerc,1,9,21.329000,22:18:44,PUBLIC_DERIVED,ferrari,50,0.180000,1
202422,norris,1,9,21.194000,22:18:45,PUBLIC_DERIVED,mclaren,50,0.180000,1
202422,albon,1,9,22.012000,22:18:56,PUBLIC_DERIVED,williams,25,0.360000,1
202422,stroll,1,9,34.863000,22:18:57,PUBLIC_DERIVED,aston_martin,50,0.180000,1
202422,sainz,1,10,21.048000,22:20:21,PUBLIC_DERIVED,ferrari,50,0.200000,1
202422,gasly,1,10,22.179000,22:20:28,PUBLIC_DERIVED,alpine,15,0.666667,1
202422,tsunoda,1,10,21.168000,22:20:29,PUBLIC_DERIVED,rb,50,0.200000,1
202422,piastri,1,10,27.732000,22:20:30,PUBLIC_DERIVED,mclaren,50,0.200000,1
202422,max_verstappen,1,11,20.697000,22:21:59,PUBLIC_DERIVED,red_bull,50,0.220000,1
202422,ocon,1,11,15.790000,22:22:13,PUBLIC_DERIVED,alpine,49,0.224490,1
202422,zhou,1,11,22.960000,22:22:14,PUBLIC_DERIVED,sauber,50,0.220000,1
202422,lawson,1,11,21.049000,22:22:17,PUBLIC_DERIVED,rb,50,0.220000,1
202422,russell,1,12,21.072000,22:23:29,PUBLIC_DERIVED,mercedes,50,0.240000,1
202422,ocon,2,12,21.142000,22:24:07,PUBLIC_DERIVED,alpine,49,0.244898,1
202422,hamilton,1,13,21.067000,22:25:24,PUBLIC_DERIVED,mercedes,50,0.260000,1
202422,hulkenberg,1,14,21.511000,22:27:15,PUBLIC_DERIVED,haas,50,0.280000,1
202422,colapinto,1,16,21.170000,22:30:50,PUBLIC_DERIVED,williams,50,0.320000,1
202422,perez,1,17,21.294000,22:32:20,PUBLIC_DERIVED,red_bull,50,0.340000,1
202422,kevin_magnussen,1,17,21.963000,22:32:31,PUBLIC_DERIVED,haas,50,0.340000,1
202422,bottas,1,17,21.623000,22:32:34,PUBLIC_DERIVED,sauber,49,0.346939,1
202422,alonso,2,24,21.407000,22:44:09,PUBLIC_DERIVED,aston_martin,50,0.480000,1
202422,piastri,2,25,21.082000,22:45:37,PUBLIC_DERIVED,mclaren,50,0.500000,1
202422,colapinto,2,26,21.221000,22:47:34,PUBLIC_DERIVED,williams,50,0.520000,1
202422,max_verstappen,2,27,22.254000,22:48:30,PUBLIC_DERIVED,red_bull,50,0.540000,1
202422,hamilton,2,27,21.355000,22:48:34,PUBLIC_DERIVED,mercedes,50,0.540000,1
202422,sainz,2,28,20.879000,22:50:14,PUBLIC_DERIVED,ferrari,50,0.560000,1
202422,stroll,2,28,21.588000,22:50:55,PUBLIC_DERIVED,aston_martin,50,0.560000,1
202422,tsunoda,2,29,21.208000,22:52:13,PUBLIC_DERIVED,rb,50,0.580000,1
202422,norris,2,30,20.668000,22:53:40,PUBLIC_DERIVED,mclaren,50,0.600000,1
202422,leclerc,2,31,21.585000,22:55:05,PUBLIC_DERIVED,ferrari,50,0.620000,1
202422,russell,2,32,20.975000,22:56:26,PUBLIC_DERIVED,mercedes,50,0.640000,1
202422,perez,2,32,21.034000,22:57:18,PUBLIC_DERIVED,red_bull,50,0.640000,1
202422,hulkenberg,2,33,21.702000,22:58:49,PUBLIC_DERIVED,haas,50,0.660000,1
202422,zhou,2,34,21.761000,23:00:44,PUBLIC_DERIVED,sauber,50,0.680000,1
202422,bottas,2,35,22.821000,23:02:48,PUBLIC_DERIVED,sauber,49,0.714286,1
202422,lawson,2,38,20.642000,23:07:28,PUBLIC_DERIVED,rb,50,0.760000,1
202422,ocon,3,45,21.858000,23:18:59,PUBLIC_DERIVED,alpine,49,0.918367,1
202422,norris,3,48,21.059000,23:22:59,PUBLIC_DERIVED,mclaren,50,0.960000,1
202423,stroll,1,1,29.783000,19:05:45,PUBLIC_DERIVED,aston_martin,8,0.125000,1
202423,hulkenberg,1,1,32.957000,19:06:14,PUBLIC_DERIVED,haas,39,0.025641,1
202423,stroll,2,7,41.674000,19:17:19,PUBLIC_DERIVED,aston_martin,8,0.875000,1
202423,russell,1,23,32.309000,19:39:53,PUBLIC_DERIVED,mercedes,57,0.403509,1
202423,bottas,1,24,29.034000,19:41:56,PUBLIC_DERIVED,sauber,57,0.421053,1
202423,kevin_magnussen,1,27,28.543000,19:46:04,PUBLIC_DERIVED,haas,57,0.473684,1
202423,hulkenberg,2,31,28.343000,19:52:08,PUBLIC_DERIVED,haas,39,0.794872,1
202423,piastri,1,34,27.818000,19:55:28,PUBLIC_DERIVED,mclaren,57,0.596491,1
202423,sainz,1,34,36.143000,19:55:52,PUBLIC_DERIVED,ferrari,57,0.596491,1
202423,hamilton,1,34,37.915000,19:56:36,PUBLIC_DERIVED,mercedes,57,0.596491,1
202423,max_verstappen,1,35,28.303000,19:56:43,PUBLIC_DERIVED,red_bull,57,0.614035,1
202423,norris,1,35,28.024000,19:56:47,PUBLIC_DERIVED,mclaren,57,0.614035,1
202423,leclerc,1,35,28.460000,19:57:03,PUBLIC_DERIVED,ferrari,57,0.614035,1
202423,perez,1,35,28.088000,19:57:29,PUBLIC_DERIVED,red_bull,38,0.921053,1
202423,gasly,1,35,28.792000,19:57:50,PUBLIC_DERIVED,alpine,57,0.614035,1
202423,russell,2,35,27.870000,19:57:59,PUBLIC_DERIVED,mercedes,57,0.614035,1
202423,alonso,1,35,28.628000,19:58:01,PUBLIC_DERIVED,aston_martin,57,0.614035,1
202423,zhou,1,35,29.085000,19:58:03,PUBLIC_DERIVED,sauber,57,0.614035,1
202423,tsunoda,1,35,29.024000,19:58:23,PUBLIC_DERIVED,rb,57,0.614035,1
202423,albon,1,35,29.179000,19:58:26,PUBLIC_DERIVED,williams,56,0.625000,1
202423,lawson,1,35,45.049000,19:58:28,PUBLIC_DERIVED,rb,57,0.614035,1
202423,max_verstappen,2,36,23.884000,19:59:32,PUBLIC_DERIVED,red_bull,57,0.631579,1
202423,hamilton,2,35,23.412000,19:59:34,PUBLIC_DERIVED,mercedes,57,0.614035,1
202423,bottas,2,35,28.968000,19:59:35,PUBLIC_DERIVED,sauber,57,0.614035,1
202423,norris,2,36,25.592000,19:59:37,PUBLIC_DERIVED,mclaren,57,0.631579,1
202423,leclerc,2,36,25.675000,19:59:40,PUBLIC_DERIVED,ferrari,57,0.631579,1
202423,piastri,2,36,22.867000,19:59:44,PUBLIC_DERIVED,mclaren,57,0.631579,1
202423,perez,2,36,22.705000,19:59:53,PUBLIC_DERIVED,red_bull,38,0.947368,1
202423,gasly,2,36,22.717000,20:00:12,PUBLIC_DERIVED,alpine,57,0.631579,1
202423,russell,3,36,22.763000,20:00:22,PUBLIC_DERIVED,mercedes,57,0.631579,1
202423,sainz,2,36,22.776000,20:00:24,PUBLIC_DERIVED,ferrari,57,0.631579,1
202423,alonso,2,36,28.592000,20:00:27,PUBLIC_DERIVED,aston_martin,57,0.631579,1
202423,zhou,2,36,23.228000,20:00:29,PUBLIC_DERIVED,sauber,57,0.631579,1
202423,kevin_magnussen,2,36,22.696000,20:00:33,PUBLIC_DERIVED,haas,57,0.631579,1
202423,tsunoda,2,36,22.714000,20:00:47,PUBLIC_DERIVED,rb,57,0.631579,1
202423,albon,2,36,22.710000,20:00:48,PUBLIC_DERIVED,williams,56,0.642857,1
202423,hulkenberg,3,36,23.810000,20:00:50,PUBLIC_DERIVED,haas,39,0.923077,1
202423,lawson,2,36,22.737000,20:01:08,PUBLIC_DERIVED,rb,57,0.631579,1
202423,max_verstappen,3,37,22.703000,20:02:21,PUBLIC_DERIVED,red_bull,57,0.649123,1
202423,hamilton,3,36,26.815000,20:02:23,PUBLIC_DERIVED,mercedes,57,0.631579,1
202423,norris,3,37,28.746000,20:02:24,PUBLIC_DERIVED,mclaren,57,0.649123,1
202423,bottas,3,36,28.140000,20:02:25,PUBLIC_DERIVED,sauber,57,0.631579,1
202423,leclerc,3,37,28.983000,20:02:26,PUBLIC_DERIVED,ferrari,57,0.649123,1
202423,piastri,3,37,29.326000,20:02:28,PUBLIC_DERIVED,mclaren,57,0.649123,1
202423,perez,3,37,29.459000,20:02:30,PUBLIC_DERIVED,red_bull,38,0.973684,1
202423,gasly,3,37,30.488000,20:02:33,PUBLIC_DERIVED,alpine,57,0.649123,1
202423,russell,4,37,34.037000,20:02:34,PUBLIC_DERIVED,mercedes,57,0.649123,1
202423,sainz,3,37,34.356000,20:02:35,PUBLIC_DERIVED,ferrari,57,0.649123,1
202423,zhou,3,37,34.818000,20:02:37,PUBLIC_DERIVED,sauber,57,0.649123,1
202423,alonso,3,37,32.811000,20:02:41,PUBLIC_DERIVED,aston_martin,57,0.649123,1
202423,kevin_magnussen,3,37,33.363000,20:02:42,PUBLIC_DERIVED,haas,57,0.649123,1
202423,tsunoda,3,37,35.849000,20:02:45,PUBLIC_DERIVED,rb,57,0.649123,1
202423,albon,3,37,36.548000,20:02:46,PUBLIC_DERIVED,williams,56,0.660714,1
202423,hulkenberg,4,37,37.692000,20:02:48,PUBLIC_DERIVED,haas,39,0.948718,1
202423,lawson,3,37,26.790000,20:03:03,PUBLIC_DERIVED,rb,57,0.649123,1
202423,tsunoda,4,40,29.271000,20:09:21,PUBLIC_DERIVED,rb,57,0.701754,1
202423,lawson,4,40,34.655000,20:09:24,PUBLIC_DERIVED,rb,57,0.701754,1
202423,norris,4,45,36.069000,20:17:59,PUBLIC_DERIVED,mclaren,57,0.789474,1
202423,hamilton,4,47,22.705000,20:21:04,PUBLIC_DERIVED,mercedes,57,0.824561,1
202423,albon,4,55,39.687000,20:32:43,PUBLIC_DERIVED,williams,56,0.982143,1
202424,colapinto,1,3,24.941000,17:09:29,PUBLIC_DERIVED,williams,26,0.115385,1
202424,piastri,1,4,23.582000,17:10:26,PUBLIC_DERIVED,mclaren,58,0.068966,1
202424,bottas,1,6,41.144000,17:13:23,PUBLIC_DERIVED,sauber,30,0.200000,1
202424,stroll,1,11,23.266000,17:20:50,PUBLIC_DERIVED,aston_martin,57,0.192982,1
202424,kevin_magnussen,1,12,26.363000,17:22:19,PUBLIC_DERIVED,haas,57,0.210526,1
202424,zhou,1,12,23.024000,17:22:26,PUBLIC_DERIVED,sauber,57,0.210526,1
202424,albon,1,12,22.065000,17:22:27,PUBLIC_DERIVED,williams,57,0.210526,1
202424,hulkenberg,1,13,21.530000,17:23:45,PUBLIC_DERIVED,haas,58,0.224138,1
202424,alonso,1,13,23.326000,17:23:49,PUBLIC_DERIVED,aston_martin,58,0.224138,1
202424,gasly,1,14,22.059000,17:25:11,PUBLIC_DERIVED,alpine,58,0.241379,1
202424,leclerc,1,20,21.869000,17:34:12,PUBLIC_DERIVED,ferrari,58,0.344828,1
202424,tsunoda,1,22,21.869000,17:37:40,PUBLIC_DERIVED,rb,57,0.385965,1
202424,doohan,1,22,22.080000,17:37:42,PUBLIC_DERIVED,alpine,57,0.385965,1
202424,lawson,1,23,23.415000,17:39:04,PUBLIC_DERIVED,rb,55,0.418182,1
202424,lawson,2,24,22.565000,17:41:00,PUBLIC_DERIVED,rb,55,0.436364,1
202424,sainz,1,25,21.280000,17:41:22,PUBLIC_DERIVED,ferrari,58,0.431034,1
202424,norris,1,26,21.276000,17:42:49,PUBLIC_DERIVED,mclaren,58,0.448276,1
202424,russell,1,26,21.656000,17:43:11,PUBLIC_DERIVED,mercedes,58,0.448276,1
202424,max_verstappen,1,29,32.652000,17:47:46,PUBLIC_DERIVED,red_bull,58,0.500000,1
202424,kevin_magnussen,2,29,21.678000,17:48:18,PUBLIC_DERIVED,haas,57,0.508772,1
202424,lawson,3,29,32.317000,17:48:52,PUBLIC_DERIVED,rb,55,0.527273,1
202424,kevin_magnussen,3,30,22.815000,17:50:20,PUBLIC_DERIVED,haas,57,0.526316,1
202424,piastri,2,32,32.774000,17:52:42,PUBLIC_DERIVED,mclaren,58,0.551724,1
202424,stroll,2,32,22.053000,17:52:48,PUBLIC_DERIVED,aston_martin,57,0.561404,1
202424,hamilton,1,34,21.694000,17:55:17,PUBLIC_DERIVED,mercedes,58,0.586207,1
202424,alonso,2,37,22.437000,18:00:10,PUBLIC_DERIVED,aston_martin,58,0.637931,1
202424,zhou,2,39,28.765000,18:03:21,PUBLIC_DERIVED,sauber,57,0.684211,1
202424,kevin_magnussen,4,55,22.090000,18:28:06,PUBLIC_DERIVED,haas,57,0.964912,1
