RaceKey,DriverKey,Lap,Position,LapSeconds,DataClass,ConstructorKey
202401,max_verstappen,1,1,97.284000,PUBLIC_DERIVED,red_bull
202401,leclerc,1,2,98.271000,PUBLIC_DERIVED,ferrari
202401,russell,1,3,99.228000,PUBLIC_DERIVED,mercedes
202401,perez,1,4,100.053000,PUBLIC_DERIVED,red_bull
202401,sainz,1,5,100.620000,PUBLIC_DERIVED,ferrari
202401,alonso,1,6,101.679000,PUBLIC_DERIVED,aston_martin
202401,norris,1,7,102.168000,PUBLIC_DERIVED,mclaren
202401,piastri,1,8,102.523000,PUBLIC_DERIVED,mclaren
202401,hamilton,1,9,103.122000,PUBLIC_DERIVED,mercedes
202401,tsunoda,1,10,103.485000,PUBLIC_DERIVED,rb
202401,albon,1,11,103.888000,PUBLIC_DERIVED,williams
202401,kevin_magnussen,1,12,104.349000,PUBLIC_DERIVED,haas
202401,zhou,1,13,104.801000,PUBLIC_DERIVED,sauber
202401,ricciardo,1,14,105.668000,PUBLIC_DERIVED,rb
202401,sargeant,1,15,105.921000,PUBLIC_DERIVED,williams
202401,ocon,1,16,106.657000,PUBLIC_DERIVED,alpine
202401,gasly,1,17,107.240000,PUBLIC_DERIVED,alpine
202401,bottas,1,18,108.536000,PUBLIC_DERIVED,sauber
202401,stroll,1,19,110.214000,PUBLIC_DERIVED,aston_martin
202401,hulkenberg,1,20,113.555000,PUBLIC_DERIVED,haas
202401,max_verstappen,2,1,96.296000,PUBLIC_DERIVED,red_bull
202401,leclerc,2,2,96.862000,PUBLIC_DERIVED,ferrari
202401,russell,2,3,96.635000,PUBLIC_DERIVED,mercedes
202401,perez,2,4,96.541000,PUBLIC_DERIVED,red_bull
202401,sainz,2,5,97.236000,PUBLIC_DERIVED,ferrari
202401,alonso,2,6,98.020000,PUBLIC_DERIVED,aston_martin
202401,norris,2,7,98.010000,PUBLIC_DERIVED,mclaren
202401,piastri,2,8,98.382000,PUBLIC_DERIVED,mclaren
202401,hamilton,2,9,98.273000,PUBLIC_DERIVED,mercedes
202401,tsunoda,2,10,98.689000,PUBLIC_DERIVED,rb
202401,albon,2,11,98.826000,PUBLIC_DERIVED,williams
202401,kevin_magnussen,2,12,98.911000,PUBLIC_DERIVED,haas
202401,zhou,2,13,98.920000,PUBLIC_DERIVED,sauber
202401,sargeant,2,14,98.481000,PUBLIC_DERIVED,williams
202401,ricciardo,2,15,99.509000,PUBLIC_DERIVED,rb
202401,ocon,2,16,99.094000,PUBLIC_DERIVED,alpine
202401,gasly,2,17,99.059000,PUBLIC_DERIVED,alpine
202401,bottas,2,18,98.259000,PUBLIC_DERIVED,sauber
202401,stroll,2,19,97.987000,PUBLIC_DERIVED,aston_martin
202401,hulkenberg,2,20,130.911000,PUBLIC_DERIVED,haas
202401,max_verstappen,3,1,96.753000,PUBLIC_DERIVED,red_bull
202401,russell,3,2,96.406000,PUBLIC_DERIVED,mercedes
202401,leclerc,3,3,98.062000,PUBLIC_DERIVED,ferrari
202401,perez,3,4,97.297000,PUBLIC_DERIVED,red_bull
202401,sainz,3,5,97.080000,PUBLIC_DERIVED,ferrari
202401,norris,3,6,97.787000,PUBLIC_DERIVED,mclaren
202401,alonso,3,7,99.046000,PUBLIC_DERIVED,aston_martin
202401,piastri,3,8,98.258000,PUBLIC_DERIVED,mclaren
202401,hamilton,3,9,98.303000,PUBLIC_DERIVED,mercedes
202401,tsunoda,3,10,98.431000,PUBLIC_DERIVED,rb
202401,albon,3,11,98.507000,PUBLIC_DERIVED,williams
202401,kevin_magnussen,3,12,98.399000,PUBLIC_DERIVED,haas
202401,zhou,3,13,98.582000,PUBLIC_DERIVED,sauber
202401,sargeant,3,14,98.707000,PUBLIC_DERIVED,williams
202401,ricciardo,3,15,98.760000,PUBLIC_DERIVED,rb
202401,ocon,3,16,98.771000,PUBLIC_DERIVED,alpine
202401,gasly,3,17,98.744000,PUBLIC_DERIVED,alpine
202401,bottas,3,18,98.837000,PUBLIC_DERIVED,sauber
202401,stroll,3,19,98.279000,PUBLIC_DERIVED,aston_martin
202401,hulkenberg,3,20,97.317000,PUBLIC_DERIVED,haas
202401,max_verstappen,4,1,96.647000,PUBLIC_DERIVED,red_bull
202401,russell,4,2,97.738000,PUBLIC_DERIVED,mercedes
202401,leclerc,4,3,97.752000,PUBLIC_DERIVED,ferrari
202401,perez,4,4,97.722000,PUBLIC_DERIVED,red_bull
202401,sainz,4,5,97.264000,PUBLIC_DERIVED,ferrari
202401,norris,4,6,97.450000,PUBLIC_DERIVED,mclaren
202401,alonso,4,7,97.776000,PUBLIC_DERIVED,aston_martin
202401,piastri,4,8,97.897000,PUBLIC_DERIVED,mclaren
202401,hamilton,4,9,98.287000,PUBLIC_DERIVED,mercedes
202401,tsunoda,4,10,98.310000,PUBLIC_DERIVED,rb
202401,albon,4,11,98.422000,PUBLIC_DERIVED,williams
202401,kevin_magnussen,4,12,98.497000,PUBLIC_DERIVED,haas
202401,zhou,4,13,98.428000,PUBLIC_DERIVED,sauber
202401,sargeant,4,14,98.390000,PUBLIC_DERIVED,williams
202401,ricciardo,4,15,98.610000,PUBLIC_DERIVED,rb
202401,ocon,4,16,98.625000,PUBLIC_DERIVED,alpine
202401,gasly,4,17,98.503000,PUBLIC_DERIVED,alpine
202401,bottas,4,18,98.643000,PUBLIC_DERIVED,sauber
202401,stroll,4,19,98.364000,PUBLIC_DERIVED,aston_martin
202401,hulkenberg,4,20,97.349000,PUBLIC_DERIVED,haas
202401,max_verstappen,5,1,97.173000,PUBLIC_DERIVED,red_bull
202401,russell,5,2,98.116000,PUBLIC_DERIVED,mercedes
202401,leclerc,5,3,98.131000,PUBLIC_DERIVED,ferrari
202401,perez,5,4,98.044000,PUBLIC_DERIVED,red_bull
202401,sainz,5,5,98.032000,PUBLIC_DERIVED,ferrari
202401,norris,5,6,97.794000,PUBLIC_DERIVED,mclaren
202401,piastri,5,7,97.859000,PUBLIC_DERIVED,mclaren
202401,alonso,5,8,99.292000,PUBLIC_DERIVED,aston_martin
202401,hamilton,5,9,98.350000,PUBLIC_DERIVED,mercedes
202401,tsunoda,5,10,98.321000,PUBLIC_DERIVED,rb
202401,albon,5,11,98.509000,PUBLIC_DERIVED,williams
202401,kevin_magnussen,5,12,98.576000,PUBLIC_DERIVED,haas
202401,zhou,5,13,98.798000,PUBLIC_DERIVED,sauber
202401,sargeant,5,14,98.757000,PUBLIC_DERIVED,williams
202401,ricciardo,5,15,98.704000,PUBLIC_DERIVED,rb
202401,ocon,5,16,98.640000,PUBLIC_DERIVED,alpine
202401,gasly,5,17,98.664000,PUBLIC_DERIVED,alpine
202401,stroll,5,18,98.725000,PUBLIC_DERIVED,aston_martin
202401,bottas,5,19,100.087000,PUBLIC_DERIVED,sauber
202401,hulkenberg,5,20,97.663000,PUBLIC_DERIVED,haas
202401,max_verstappen,6,1,97.092000,PUBLIC_DERIVED,red_bull
202401,russell,6,2,97.784000,PUBLIC_DERIVED,mercedes
202401,leclerc,6,3,97.782000,PUBLIC_DERIVED,ferrari
202401,perez,6,4,97.823000,PUBLIC_DERIVED,red_bull
202401,sainz,6,5,97.741000,PUBLIC_DERIVED,ferrari
202401,norris,6,6,97.896000,PUBLIC_DERIVED,mclaren
202401,piastri,6,7,97.955000,PUBLIC_DERIVED,mclaren
202401,alonso,6,8,98.053000,PUBLIC_DERIVED,aston_martin
202401,hamilton,6,9,98.183000,PUBLIC_DERIVED,mercedes
202401,tsunoda,6,10,98.361000,PUBLIC_DERIVED,rb
202401,albon,6,11,98.575000,PUBLIC_DERIVED,williams
202401,kevin_magnussen,6,12,98.529000,PUBLIC_DERIVED,haas
202401,zhou,6,13,98.488000,PUBLIC_DERIVED,sauber
202401,sargeant,6,14,98.582000,PUBLIC_DERIVED,williams
202401,ricciardo,6,15,98.689000,PUBLIC_DERIVED,rb
202401,ocon,6,16,98.874000,PUBLIC_DERIVED,alpine
202401,gasly,6,17,99.099000,PUBLIC_DERIVED,alpine
202401,stroll,6,18,98.925000,PUBLIC_DERIVED,aston_martin
202401,bottas,6,19,99.206000,PUBLIC_DERIVED,sauber
202401,hulkenberg,6,20,97.896000,PUBLIC_DERIVED,haas
202401,max_verstappen,7,1,97.038000,PUBLIC_DERIVED,red_bull
202401,russell,7,2,98.082000,PUBLIC_DERIVED,mercedes
202401,perez,7,3,97.821000,PUBLIC_DERIVED,red_bull
202401,leclerc,7,4,98.957000,PUBLIC_DERIVED,ferrari
202401,sainz,7,5,98.260000,PUBLIC_DERIVED,ferrari
202401,norris,7,6,97.860000,PUBLIC_DERIVED,mclaren
202401,piastri,7,7,97.984000,PUBLIC_DERIVED,mclaren
202401,alonso,7,8,98.008000,PUBLIC_DERIVED,aston_martin
202401,hamilton,7,9,97.839000,PUBLIC_DERIVED,mercedes
202401,tsunoda,7,10,98.364000,PUBLIC_DERIVED,rb
202401,albon,7,11,98.971000,PUBLIC_DERIVED,williams
202401,kevin_magnussen,7,12,100.058000,PUBLIC_DERIVED,haas
202401,zhou,7,13,99.517000,PUBLIC_DERIVED,sauber
202401,sargeant,7,14,99.464000,PUBLIC_DERIVED,williams
202401,ricciardo,7,15,99.193000,PUBLIC_DERIVED,rb
202401,ocon,7,16,99.152000,PUBLIC_DERIVED,alpine
202401,gasly,7,17,99.078000,PUBLIC_DERIVED,alpine
202401,stroll,7,18,98.769000,PUBLIC_DERIVED,aston_martin
202401,bottas,7,19,98.654000,PUBLIC_DERIVED,sauber
202401,hulkenberg,7,20,97.682000,PUBLIC_DERIVED,haas
202401,max_verstappen,8,1,97.024000,PUBLIC_DERIVED,red_bull
202401,russell,8,2,97.862000,PUBLIC_DERIVED,mercedes
202401,perez,8,3,97.838000,PUBLIC_DERIVED,red_bull
202401,leclerc,8,4,98.136000,PUBLIC_DERIVED,ferrari
202401,sainz,8,5,98.183000,PUBLIC_DERIVED,ferrari
202401,norris,8,6,98.134000,PUBLIC_DERIVED,mclaren
202401,piastri,8,7,97.956000,PUBLIC_DERIVED,mclaren
202401,alonso,8,8,98.103000,PUBLIC_DERIVED,aston_martin
202401,hamilton,8,9,98.221000,PUBLIC_DERIVED,mercedes
202401,tsunoda,8,10,98.513000,PUBLIC_DERIVED,rb
202401,albon,8,11,98.660000,PUBLIC_DERIVED,williams
202401,kevin_magnussen,8,12,99.172000,PUBLIC_DERIVED,haas
202401,zhou,8,13,99.646000,PUBLIC_DERIVED,sauber
202401,sargeant,8,14,99.580000,PUBLIC_DERIVED,williams
202401,ricciardo,8,15,99.529000,PUBLIC_DERIVED,rb
202401,ocon,8,16,99.422000,PUBLIC_DERIVED,alpine
202401,gasly,8,17,99.287000,PUBLIC_DERIVED,alpine
202401,stroll,8,18,98.857000,PUBLIC_DERIVED,aston_martin
202401,bottas,8,19,98.968000,PUBLIC_DERIVED,sauber
202401,hulkenberg,8,20,97.820000,PUBLIC_DERIVED,haas
202401,max_verstappen,9,1,97.229000,PUBLIC_DERIVED,red_bull
202401,russell,9,2,97.730000,PUBLIC_DERIVED,mercedes
202401,perez,9,3,97.596000,PUBLIC_DERIVED,red_bull
202401,leclerc,9,4,97.844000,PUBLIC_DERIVED,ferrari
202401,sainz,9,5,98.030000,PUBLIC_DERIVED,ferrari
202401,norris,9,6,98.064000,PUBLIC_DERIVED,mclaren
202401,piastri,9,7,98.096000,PUBLIC_DERIVED,mclaren
202401,alonso,9,8,98.896000,PUBLIC_DERIVED,aston_martin
202401,hamilton,9,9,98.645000,PUBLIC_DERIVED,mercedes
202401,tsunoda,9,10,98.554000,PUBLIC_DERIVED,rb
202401,albon,9,11,98.652000,PUBLIC_DERIVED,williams
202401,kevin_magnussen,9,12,98.861000,PUBLIC_DERIVED,haas
202401,sargeant,9,13,99.366000,PUBLIC_DERIVED,williams
202401,ricciardo,9,14,99.338000,PUBLIC_DERIVED,rb
202401,ocon,9,15,99.312000,PUBLIC_DERIVED,alpine
202401,zhou,9,16,101.849000,PUBLIC_DERIVED,sauber
202401,gasly,9,17,99.452000,PUBLIC_DERIVED,alpine
202401,bottas,9,18,99.425000,PUBLIC_DERIVED,sauber
202401,stroll,9,19,102.112000,PUBLIC_DERIVED,aston_martin
202401,hulkenberg,9,20,97.883000,PUBLIC_DERIVED,haas
202401,max_verstappen,10,1,96.960000,PUBLIC_DERIVED,red_bull
202401,russell,10,2,97.782000,PUBLIC_DERIVED,mercedes
202401,perez,10,3,97.630000,PUBLIC_DERIVED,red_bull
202401,leclerc,10,4,97.884000,PUBLIC_DERIVED,ferrari
202401,sainz,10,5,97.608000,PUBLIC_DERIVED,ferrari
202401,norris,10,6,97.936000,PUBLIC_DERIVED,mclaren
202401,piastri,10,7,98.073000,PUBLIC_DERIVED,mclaren
202401,hamilton,10,8,98.037000,PUBLIC_DERIVED,mercedes
202401,alonso,10,9,99.325000,PUBLIC_DERIVED,aston_martin
202401,tsunoda,10,10,98.912000,PUBLIC_DERIVED,rb
202401,albon,10,11,98.952000,PUBLIC_DERIVED,williams
202401,kevin_magnussen,10,12,98.747000,PUBLIC_DERIVED,haas
202401,ricciardo,10,13,98.782000,PUBLIC_DERIVED,rb
202401,gasly,10,14,98.929000,PUBLIC_DERIVED,alpine
202401,bottas,10,15,99.112000,PUBLIC_DERIVED,sauber
202401,ocon,10,16,101.642000,PUBLIC_DERIVED,alpine
202401,zhou,10,17,119.328000,PUBLIC_DERIVED,sauber
202401,stroll,10,18,117.815000,PUBLIC_DERIVED,aston_martin
202401,hulkenberg,10,19,98.370000,PUBLIC_DERIVED,haas
202401,sargeant,10,20,161.860000,PUBLIC_DERIVED,williams
202401,max_verstappen,11,1,97.085000,PUBLIC_DERIVED,red_bull
202401,perez,11,2,97.836000,PUBLIC_DERIVED,red_bull
202401,sainz,11,3,97.656000,PUBLIC_DERIVED,ferrari
202401,russell,11,4,100.515000,PUBLIC_DERIVED,mercedes
202401,norris,11,5,98.172000,PUBLIC_DERIVED,mclaren
202401,leclerc,11,6,101.737000,PUBLIC_DERIVED,ferrari
202401,piastri,11,7,98.397000,PUBLIC_DERIVED,mclaren
202401,hamilton,11,8,98.236000,PUBLIC_DERIVED,mercedes
202401,alonso,11,9,98.554000,PUBLIC_DERIVED,aston_martin
202401,tsunoda,11,10,98.799000,PUBLIC_DERIVED,rb
202401,albon,11,11,98.835000,PUBLIC_DERIVED,williams
202401,kevin_magnussen,11,12,101.088000,PUBLIC_DERIVED,haas
202401,ricciardo,11,13,99.033000,PUBLIC_DERIVED,rb
202401,gasly,11,14,98.656000,PUBLIC_DERIVED,alpine
202401,bottas,11,15,99.187000,PUBLIC_DERIVED,sauber
202401,zhou,11,16,96.365000,PUBLIC_DERIVED,sauber
202401,stroll,11,17,96.494000,PUBLIC_DERIVED,aston_martin
202401,ocon,11,18,119.014000,PUBLIC_DERIVED,alpine
202401,hulkenberg,11,19,97.638000,PUBLIC_DERIVED,haas
202401,sargeant,11,20,132.438000,PUBLIC_DERIVED,williams
202401,max_verstappen,12,1,97.045000,PUBLIC_DERIVED,red_bull
202401,sainz,12,2,97.650000,PUBLIC_DERIVED,ferrari
202401,perez,12,3,100.277000,PUBLIC_DERIVED,red_bull
202401,norris,12,4,98.082000,PUBLIC_DERIVED,mclaren
202401,piastri,12,5,100.739000,PUBLIC_DERIVED,mclaren
202401,alonso,12,6,98.543000,PUBLIC_DERIVED,aston_martin
202401,hamilton,12,7,100.889000,PUBLIC_DERIVED,mercedes
202401,tsunoda,12,8,98.769000,PUBLIC_DERIVED,rb
202401,albon,12,9,98.934000,PUBLIC_DERIVED,williams
202401,ricciardo,12,10,98.893000,PUBLIC_DERIVED,rb
202401,russell,12,11,118.460000,PUBLIC_DERIVED,mercedes
202401,gasly,12,12,101.456000,PUBLIC_DERIVED,alpine
202401,leclerc,12,13,117.471000,PUBLIC_DERIVED,ferrari
202401,bottas,12,14,103.145000,PUBLIC_DERIVED,sauber
202401,zhou,12,15,96.995000,PUBLIC_DERIVED,sauber
202401,stroll,12,16,97.175000,PUBLIC_DERIVED,aston_martin
202401,kevin_magnussen,12,17,119.682000,PUBLIC_DERIVED,haas
202401,ocon,12,18,97.599000,PUBLIC_DERIVED,alpine
202401,hulkenberg,12,19,97.706000,PUBLIC_DERIVED,haas
202401,sargeant,12,20,98.493000,PUBLIC_DERIVED,williams
202401,max_verstappen,13,1,97.030000,PUBLIC_DERIVED,red_bull
202401,sainz,13,2,97.243000,PUBLIC_DERIVED,ferrari
202401,norris,13,3,100.635000,PUBLIC_DERIVED,mclaren
202401,alonso,13,4,98.587000,PUBLIC_DERIVED,aston_martin
202401,tsunoda,13,5,98.860000,PUBLIC_DERIVED,rb
202401,albon,13,6,98.823000,PUBLIC_DERIVED,williams
202401,russell,13,7,97.167000,PUBLIC_DERIVED,mercedes
202401,perez,13,8,117.624000,PUBLIC_DERIVED,red_bull
202401,leclerc,13,9,96.432000,PUBLIC_DERIVED,ferrari
202401,ricciardo,13,10,102.173000,PUBLIC_DERIVED,rb
202401,piastri,13,11,118.689000,PUBLIC_DERIVED,mclaren
202401,hamilton,13,12,118.645000,PUBLIC_DERIVED,mercedes
202401,zhou,13,13,97.436000,PUBLIC_DERIVED,sauber
202401,stroll,13,14,97.289000,PUBLIC_DERIVED,aston_martin
202401,kevin_magnussen,13,15,96.890000,PUBLIC_DERIVED,haas
202401,ocon,13,16,97.363000,PUBLIC_DERIVED,alpine
202401,hulkenberg,13,17,97.801000,PUBLIC_DERIVED,haas
202401,gasly,13,18,124.565000,PUBLIC_DERIVED,alpine
202401,bottas,13,19,121.081000,PUBLIC_DERIVED,sauber
202401,sargeant,13,20,100.989000,PUBLIC_DERIVED,williams
202401,max_verstappen,14,1,97.028000,PUBLIC_DERIVED,red_bull
202401,sainz,14,2,99.753000,PUBLIC_DERIVED,ferrari
202401,alonso,14,3,98.612000,PUBLIC_DERIVED,aston_martin
202401,tsunoda,14,4,101.138000,PUBLIC_DERIVED,rb
202401,albon,14,5,98.977000,PUBLIC_DERIVED,williams
202401,perez,14,6,95.606000,PUBLIC_DERIVED,red_bull
202401,russell,14,7,97.571000,PUBLIC_DERIVED,mercedes
202401,leclerc,14,8,96.756000,PUBLIC_DERIVED,ferrari
202401,norris,14,9,117.770000,PUBLIC_DERIVED,mclaren
202401,piastri,14,10,96.796000,PUBLIC_DERIVED,mclaren
202401,hamilton,14,11,97.178000,PUBLIC_DERIVED,mercedes
202401,zhou,14,12,97.482000,PUBLIC_DERIVED,sauber
202401,stroll,14,13,97.624000,PUBLIC_DERIVED,aston_martin
202401,kevin_magnussen,14,14,97.590000,PUBLIC_DERIVED,haas
202401,ocon,14,15,97.537000,PUBLIC_DERIVED,alpine
202401,ricciardo,14,16,119.408000,PUBLIC_DERIVED,rb
202401,hulkenberg,14,17,97.879000,PUBLIC_DERIVED,haas
202401,bottas,14,18,96.454000,PUBLIC_DERIVED,sauber
202401,gasly,14,19,97.689000,PUBLIC_DERIVED,alpine
202401,sargeant,14,20,101.470000,PUBLIC_DERIVED,williams
202401,max_verstappen,15,1,97.011000,PUBLIC_DERIVED,red_bull
202401,alonso,15,2,101.101000,PUBLIC_DERIVED,aston_martin
202401,perez,15,3,96.815000,PUBLIC_DERIVED,red_bull
202401,russell,15,4,96.922000,PUBLIC_DERIVED,mercedes
202401,albon,15,5,101.171000,PUBLIC_DERIVED,williams
202401,leclerc,15,6,96.813000,PUBLIC_DERIVED,ferrari
202401,sainz,15,7,117.225000,PUBLIC_DERIVED,ferrari
202401,norris,15,8,96.912000,PUBLIC_DERIVED,mclaren
202401,piastri,15,9,96.823000,PUBLIC_DERIVED,mclaren
202401,hamilton,15,10,97.264000,PUBLIC_DERIVED,mercedes
202401,zhou,15,11,97.500000,PUBLIC_DERIVED,sauber
202401,stroll,15,12,97.533000,PUBLIC_DERIVED,aston_martin
202401,tsunoda,15,13,119.588000,PUBLIC_DERIVED,rb
202401,kevin_magnussen,15,14,98.332000,PUBLIC_DERIVED,haas
202401,ocon,15,15,97.843000,PUBLIC_DERIVED,alpine
202401,ricciardo,15,16,97.070000,PUBLIC_DERIVED,rb
202401,hulkenberg,15,17,98.110000,PUBLIC_DERIVED,haas
202401,bottas,15,18,97.287000,PUBLIC_DERIVED,sauber
202401,gasly,15,19,97.492000,PUBLIC_DERIVED,alpine
202401,sargeant,15,20,97.594000,PUBLIC_DERIVED,williams
202401,max_verstappen,16,1,97.168000,PUBLIC_DERIVED,red_bull
202401,perez,16,2,95.783000,PUBLIC_DERIVED,red_bull
202401,russell,16,3,96.683000,PUBLIC_DERIVED,mercedes
202401,leclerc,16,4,96.673000,PUBLIC_DERIVED,ferrari
202401,sainz,16,5,96.376000,PUBLIC_DERIVED,ferrari
202401,norris,16,6,96.565000,PUBLIC_DERIVED,mclaren
202401,piastri,16,7,96.427000,PUBLIC_DERIVED,mclaren
202401,hamilton,16,8,97.091000,PUBLIC_DERIVED,mercedes
202401,zhou,16,9,97.659000,PUBLIC_DERIVED,sauber
202401,alonso,16,10,118.814000,PUBLIC_DERIVED,aston_martin
202401,stroll,16,11,98.027000,PUBLIC_DERIVED,aston_martin
202401,tsunoda,16,12,97.516000,PUBLIC_DERIVED,rb
202401,kevin_magnussen,16,13,97.749000,PUBLIC_DERIVED,haas
202401,ocon,16,14,97.902000,PUBLIC_DERIVED,alpine
202401,albon,16,15,119.341000,PUBLIC_DERIVED,williams
202401,ricciardo,16,16,97.176000,PUBLIC_DERIVED,rb
202401,hulkenberg,16,17,97.796000,PUBLIC_DERIVED,haas
202401,bottas,16,18,97.718000,PUBLIC_DERIVED,sauber
202401,gasly,16,19,97.521000,PUBLIC_DERIVED,alpine
202401,sargeant,16,20,101.370000,PUBLIC_DERIVED,williams
202401,max_verstappen,17,1,99.896000,PUBLIC_DERIVED,red_bull
202401,perez,17,2,96.454000,PUBLIC_DERIVED,red_bull
202401,russell,17,3,96.234000,PUBLIC_DERIVED,mercedes
202401,sainz,17,4,95.507000,PUBLIC_DERIVED,ferrari
202401,leclerc,17,5,97.302000,PUBLIC_DERIVED,ferrari
202401,norris,17,6,96.776000,PUBLIC_DERIVED,mclaren
202401,piastri,17,7,96.872000,PUBLIC_DERIVED,mclaren
202401,hamilton,17,8,97.111000,PUBLIC_DERIVED,mercedes
202401,alonso,17,9,96.970000,PUBLIC_DERIVED,aston_martin
202401,zhou,17,10,98.475000,PUBLIC_DERIVED,sauber
202401,tsunoda,17,11,97.482000,PUBLIC_DERIVED,rb
202401,stroll,17,12,98.777000,PUBLIC_DERIVED,aston_martin
202401,kevin_magnussen,17,13,98.282000,PUBLIC_DERIVED,haas
202401,albon,17,14,97.392000,PUBLIC_DERIVED,williams
202401,ocon,17,15,98.911000,PUBLIC_DERIVED,alpine
202401,ricciardo,17,16,97.290000,PUBLIC_DERIVED,rb
202401,hulkenberg,17,17,97.891000,PUBLIC_DERIVED,haas
202401,bottas,17,18,97.765000,PUBLIC_DERIVED,sauber
202401,gasly,17,19,97.949000,PUBLIC_DERIVED,alpine
202401,sargeant,17,20,99.758000,PUBLIC_DERIVED,williams
202401,max_verstappen,18,1,117.854000,PUBLIC_DERIVED,red_bull
202401,perez,18,2,96.311000,PUBLIC_DERIVED,red_bull
202401,sainz,18,3,96.088000,PUBLIC_DERIVED,ferrari
202401,russell,18,4,97.819000,PUBLIC_DERIVED,mercedes
202401,leclerc,18,5,97.438000,PUBLIC_DERIVED,ferrari
202401,norris,18,6,96.508000,PUBLIC_DERIVED,mclaren
202401,piastri,18,7,97.095000,PUBLIC_DERIVED,mclaren
202401,hamilton,18,8,96.850000,PUBLIC_DERIVED,mercedes
202401,alonso,18,9,97.361000,PUBLIC_DERIVED,aston_martin
202401,zhou,18,10,97.552000,PUBLIC_DERIVED,sauber
202401,tsunoda,18,11,97.359000,PUBLIC_DERIVED,rb
202401,stroll,18,12,97.417000,PUBLIC_DERIVED,aston_martin
202401,kevin_magnussen,18,13,97.583000,PUBLIC_DERIVED,haas
202401,albon,18,14,97.590000,PUBLIC_DERIVED,williams
202401,ocon,18,15,98.120000,PUBLIC_DERIVED,alpine
202401,ricciardo,18,16,97.700000,PUBLIC_DERIVED,rb
202401,hulkenberg,18,17,98.216000,PUBLIC_DERIVED,haas
202401,bottas,18,18,97.918000,PUBLIC_DERIVED,sauber
202401,gasly,18,19,97.791000,PUBLIC_DERIVED,alpine
202401,sargeant,18,20,98.077000,PUBLIC_DERIVED,williams
202401,max_verstappen,19,1,95.283000,PUBLIC_DERIVED,red_bull
202401,perez,19,2,96.038000,PUBLIC_DERIVED,red_bull
202401,sainz,19,3,96.236000,PUBLIC_DERIVED,ferrari
202401,russell,19,4,97.233000,PUBLIC_DERIVED,mercedes
202401,leclerc,19,5,96.821000,PUBLIC_DERIVED,ferrari
202401,norris,19,6,96.416000,PUBLIC_DERIVED,mclaren
202401,piastri,19,7,96.577000,PUBLIC_DERIVED,mclaren
202401,hamilton,19,8,96.694000,PUBLIC_DERIVED,mercedes
202401,alonso,19,9,97.072000,PUBLIC_DERIVED,aston_martin
202401,zhou,19,10,97.652000,PUBLIC_DERIVED,sauber
202401,tsunoda,19,11,97.396000,PUBLIC_DERIVED,rb
202401,stroll,19,12,97.554000,PUBLIC_DERIVED,aston_martin
202401,kevin_magnussen,19,13,97.792000,PUBLIC_DERIVED,haas
202401,albon,19,14,97.763000,PUBLIC_DERIVED,williams
202401,ocon,19,15,98.332000,PUBLIC_DERIVED,alpine
202401,ricciardo,19,16,98.350000,PUBLIC_DERIVED,rb
202401,hulkenberg,19,17,97.862000,PUBLIC_DERIVED,haas
202401,bottas,19,18,97.662000,PUBLIC_DERIVED,sauber
202401,gasly,19,19,97.702000,PUBLIC_DERIVED,alpine
202401,sargeant,19,20,97.742000,PUBLIC_DERIVED,williams
202401,max_verstappen,20,1,95.160000,PUBLIC_DERIVED,red_bull
202401,perez,20,2,96.278000,PUBLIC_DERIVED,red_bull
202401,sainz,20,3,96.034000,PUBLIC_DERIVED,ferrari
202401,russell,20,4,96.732000,PUBLIC_DERIVED,mercedes
202401,leclerc,20,5,96.794000,PUBLIC_DERIVED,ferrari
202401,norris,20,6,96.501000,PUBLIC_DERIVED,mclaren
202401,piastri,20,7,96.644000,PUBLIC_DERIVED,mclaren
202401,hamilton,20,8,96.264000,PUBLIC_DERIVED,mercedes
202401,alonso,20,9,97.357000,PUBLIC_DERIVED,aston_martin
202401,zhou,20,10,97.749000,PUBLIC_DERIVED,sauber
202401,tsunoda,20,11,97.766000,PUBLIC_DERIVED,rb
202401,stroll,20,12,97.859000,PUBLIC_DERIVED,aston_martin
202401,kevin_magnussen,20,13,98.062000,PUBLIC_DERIVED,haas
202401,albon,20,14,97.701000,PUBLIC_DERIVED,williams
202401,ocon,20,15,98.185000,PUBLIC_DERIVED,alpine
202401,ricciardo,20,16,97.865000,PUBLIC_DERIVED,rb
202401,bottas,20,17,98.285000,PUBLIC_DERIVED,sauber
202401,gasly,20,18,98.036000,PUBLIC_DERIVED,alpine
202401,hulkenberg,20,19,100.798000,PUBLIC_DERIVED,haas
202401,sargeant,20,20,97.820000,PUBLIC_DERIVED,williams
202401,max_verstappen,21,1,95.316000,PUBLIC_DERIVED,red_bull
202401,perez,21,2,96.165000,PUBLIC_DERIVED,red_bull
202401,sainz,21,3,96.104000,PUBLIC_DERIVED,ferrari
202401,russell,21,4,96.769000,PUBLIC_DERIVED,mercedes
202401,leclerc,21,5,96.977000,PUBLIC_DERIVED,ferrari
202401,norris,21,6,96.620000,PUBLIC_DERIVED,mclaren
202401,piastri,21,7,96.733000,PUBLIC_DERIVED,mclaren
202401,hamilton,21,8,96.510000,PUBLIC_DERIVED,mercedes
202401,alonso,21,9,97.342000,PUBLIC_DERIVED,aston_martin
202401,zhou,21,10,97.947000,PUBLIC_DERIVED,sauber
202401,tsunoda,21,11,97.777000,PUBLIC_DERIVED,rb
202401,stroll,21,12,98.022000,PUBLIC_DERIVED,aston_martin
202401,kevin_magnussen,21,13,98.010000,PUBLIC_DERIVED,haas
202401,albon,21,14,97.918000,PUBLIC_DERIVED,williams
202401,ricciardo,21,15,97.392000,PUBLIC_DERIVED,rb
202401,ocon,21,16,99.363000,PUBLIC_DERIVED,alpine
202401,bottas,21,17,97.730000,PUBLIC_DERIVED,sauber
202401,gasly,21,18,98.094000,PUBLIC_DERIVED,alpine
202401,hulkenberg,21,19,118.699000,PUBLIC_DERIVED,haas
202401,sargeant,21,20,98.009000,PUBLIC_DERIVED,williams
202401,max_verstappen,22,1,95.204000,PUBLIC_DERIVED,red_bull
202401,perez,22,2,96.037000,PUBLIC_DERIVED,red_bull
202401,sainz,22,3,96.008000,PUBLIC_DERIVED,ferrari
202401,russell,22,4,96.992000,PUBLIC_DERIVED,mercedes
202401,leclerc,22,5,96.796000,PUBLIC_DERIVED,ferrari
202401,norris,22,6,96.668000,PUBLIC_DERIVED,mclaren
202401,piastri,22,7,96.555000,PUBLIC_DERIVED,mclaren
202401,hamilton,22,8,96.633000,PUBLIC_DERIVED,mercedes
202401,alonso,22,9,97.122000,PUBLIC_DERIVED,aston_martin
202401,zhou,22,10,97.852000,PUBLIC_DERIVED,sauber
202401,tsunoda,22,11,97.837000,PUBLIC_DERIVED,rb
202401,stroll,22,12,98.175000,PUBLIC_DERIVED,aston_martin
202401,kevin_magnussen,22,13,98.147000,PUBLIC_DERIVED,haas
202401,albon,22,14,98.031000,PUBLIC_DERIVED,williams
202401,ricciardo,22,15,97.750000,PUBLIC_DERIVED,rb
202401,ocon,22,16,98.655000,PUBLIC_DERIVED,alpine
202401,bottas,22,17,97.998000,PUBLIC_DERIVED,sauber
202401,gasly,22,18,97.868000,PUBLIC_DERIVED,alpine
202401,hulkenberg,22,19,96.858000,PUBLIC_DERIVED,haas
202401,sargeant,22,20,97.728000,PUBLIC_DERIVED,williams
202401,max_verstappen,23,1,95.216000,PUBLIC_DERIVED,red_bull
202401,perez,23,2,96.249000,PUBLIC_DERIVED,red_bull
202401,sainz,23,3,96.149000,PUBLIC_DERIVED,ferrari
202401,russell,23,4,96.954000,PUBLIC_DERIVED,mercedes
202401,leclerc,23,5,96.987000,PUBLIC_DERIVED,ferrari
202401,norris,23,6,96.696000,PUBLIC_DERIVED,mclaren
202401,piastri,23,7,96.680000,PUBLIC_DERIVED,mclaren
202401,hamilton,23,8,96.717000,PUBLIC_DERIVED,mercedes
202401,alonso,23,9,97.265000,PUBLIC_DERIVED,aston_martin
202401,zhou,23,10,97.788000,PUBLIC_DERIVED,sauber
202401,tsunoda,23,11,97.671000,PUBLIC_DERIVED,rb
202401,stroll,23,12,97.826000,PUBLIC_DERIVED,aston_martin
202401,kevin_magnussen,23,13,98.293000,PUBLIC_DERIVED,haas
202401,albon,23,14,97.869000,PUBLIC_DERIVED,williams
202401,ricciardo,23,15,97.772000,PUBLIC_DERIVED,rb
202401,ocon,23,16,98.407000,PUBLIC_DERIVED,alpine
202401,bottas,23,17,98.180000,PUBLIC_DERIVED,sauber
202401,gasly,23,18,98.104000,PUBLIC_DERIVED,alpine
202401,hulkenberg,23,19,96.725000,PUBLIC_DERIVED,haas
202401,sargeant,23,20,97.621000,PUBLIC_DERIVED,williams
202401,max_verstappen,24,1,95.289000,PUBLIC_DERIVED,red_bull
202401,perez,24,2,96.211000,PUBLIC_DERIVED,red_bull
202401,sainz,24,3,96.200000,PUBLIC_DERIVED,ferrari
202401,russell,24,4,96.736000,PUBLIC_DERIVED,mercedes
202401,leclerc,24,5,96.924000,PUBLIC_DERIVED,ferrari
202401,norris,24,6,96.823000,PUBLIC_DERIVED,mclaren
202401,piastri,24,7,96.884000,PUBLIC_DERIVED,mclaren
202401,hamilton,24,8,96.666000,PUBLIC_DERIVED,mercedes
202401,alonso,24,9,97.046000,PUBLIC_DERIVED,aston_martin
202401,zhou,24,10,97.894000,PUBLIC_DERIVED,sauber
202401,tsunoda,24,11,97.634000,PUBLIC_DERIVED,rb
202401,stroll,24,12,98.138000,PUBLIC_DERIVED,aston_martin
202401,kevin_magnussen,24,13,98.156000,PUBLIC_DERIVED,haas
202401,albon,24,14,98.204000,PUBLIC_DERIVED,williams
202401,ricciardo,24,15,97.766000,PUBLIC_DERIVED,rb
202401,ocon,24,16,98.420000,PUBLIC_DERIVED,alpine
202401,bottas,24,17,98.146000,PUBLIC_DERIVED,sauber
202401,gasly,24,18,98.192000,PUBLIC_DERIVED,alpine
202401,hulkenberg,24,19,96.626000,PUBLIC_DERIVED,haas
202401,sargeant,24,20,99.437000,PUBLIC_DERIVED,williams
202401,max_verstappen,25,1,95.342000,PUBLIC_DERIVED,red_bull
202401,perez,25,2,96.344000,PUBLIC_DERIVED,red_bull
202401,sainz,25,3,96.220000,PUBLIC_DERIVED,ferrari
202401,russell,25,4,96.928000,PUBLIC_DERIVED,mercedes
202401,leclerc,25,5,96.760000,PUBLIC_DERIVED,ferrari
202401,norris,25,6,96.730000,PUBLIC_DERIVED,mclaren
202401,piastri,25,7,97.008000,PUBLIC_DERIVED,mclaren
202401,hamilton,25,8,96.919000,PUBLIC_DERIVED,mercedes
202401,alonso,25,9,97.179000,PUBLIC_DERIVED,aston_martin
202401,zhou,25,10,97.883000,PUBLIC_DERIVED,sauber
202401,tsunoda,25,11,97.851000,PUBLIC_DERIVED,rb
202401,stroll,25,12,97.994000,PUBLIC_DERIVED,aston_martin
202401,kevin_magnussen,25,13,98.290000,PUBLIC_DERIVED,haas
202401,albon,25,14,98.226000,PUBLIC_DERIVED,williams
202401,ricciardo,25,15,97.973000,PUBLIC_DERIVED,rb
202401,ocon,25,16,98.494000,PUBLIC_DERIVED,alpine
202401,bottas,25,17,98.262000,PUBLIC_DERIVED,sauber
202401,gasly,25,18,98.160000,PUBLIC_DERIVED,alpine
202401,hulkenberg,25,19,96.652000,PUBLIC_DERIVED,haas
202401,sargeant,25,20,99.093000,PUBLIC_DERIVED,williams
202401,max_verstappen,26,1,95.223000,PUBLIC_DERIVED,red_bull
202401,perez,26,2,96.347000,PUBLIC_DERIVED,red_bull
202401,sainz,26,3,96.221000,PUBLIC_DERIVED,ferrari
202401,russell,26,4,96.801000,PUBLIC_DERIVED,mercedes
202401,leclerc,26,5,96.810000,PUBLIC_DERIVED,ferrari
202401,norris,26,6,96.566000,PUBLIC_DERIVED,mclaren
202401,piastri,26,7,96.882000,PUBLIC_DERIVED,mclaren
202401,hamilton,26,8,96.714000,PUBLIC_DERIVED,mercedes
202401,alonso,26,9,97.638000,PUBLIC_DERIVED,aston_martin
202401,zhou,26,10,97.995000,PUBLIC_DERIVED,sauber
202401,tsunoda,26,11,98.058000,PUBLIC_DERIVED,rb
202401,stroll,26,12,98.133000,PUBLIC_DERIVED,aston_martin
202401,kevin_magnussen,26,13,98.093000,PUBLIC_DERIVED,haas
202401,albon,26,14,98.100000,PUBLIC_DERIVED,williams
202401,ricciardo,26,15,98.029000,PUBLIC_DERIVED,rb
202401,ocon,26,16,98.665000,PUBLIC_DERIVED,alpine
202401,bottas,26,17,98.308000,PUBLIC_DERIVED,sauber
202401,gasly,26,18,98.379000,PUBLIC_DERIVED,alpine
202401,hulkenberg,26,19,96.548000,PUBLIC_DERIVED,haas
202401,sargeant,26,20,97.859000,PUBLIC_DERIVED,williams
202401,max_verstappen,27,1,95.581000,PUBLIC_DERIVED,red_bull
202401,perez,27,2,96.233000,PUBLIC_DERIVED,red_bull
202401,sainz,27,3,96.272000,PUBLIC_DERIVED,ferrari
202401,russell,27,4,96.815000,PUBLIC_DERIVED,mercedes
202401,leclerc,27,5,96.831000,PUBLIC_DERIVED,ferrari
202401,norris,27,6,96.726000,PUBLIC_DERIVED,mclaren
202401,piastri,27,7,96.905000,PUBLIC_DERIVED,mclaren
202401,hamilton,27,8,97.201000,PUBLIC_DERIVED,mercedes
202401,alonso,27,9,96.945000,PUBLIC_DERIVED,aston_martin
202401,zhou,27,10,98.053000,PUBLIC_DERIVED,sauber
202401,tsunoda,27,11,98.083000,PUBLIC_DERIVED,rb
202401,kevin_magnussen,27,12,98.226000,PUBLIC_DERIVED,haas
202401,stroll,27,13,100.710000,PUBLIC_DERIVED,aston_martin
202401,albon,27,14,98.296000,PUBLIC_DERIVED,williams
202401,ricciardo,27,15,98.152000,PUBLIC_DERIVED,rb
202401,ocon,27,16,98.549000,PUBLIC_DERIVED,alpine
202401,bottas,27,17,98.426000,PUBLIC_DERIVED,sauber
202401,gasly,27,18,98.400000,PUBLIC_DERIVED,alpine
202401,hulkenberg,27,19,96.647000,PUBLIC_DERIVED,haas
202401,sargeant,27,20,98.288000,PUBLIC_DERIVED,williams
202401,max_verstappen,28,1,95.477000,PUBLIC_DERIVED,red_bull
202401,perez,28,2,96.226000,PUBLIC_DERIVED,red_bull
202401,sainz,28,3,96.534000,PUBLIC_DERIVED,ferrari
202401,russell,28,4,96.911000,PUBLIC_DERIVED,mercedes
202401,leclerc,28,5,96.907000,PUBLIC_DERIVED,ferrari
202401,norris,28,6,97.018000,PUBLIC_DERIVED,mclaren
202401,piastri,28,7,96.905000,PUBLIC_DERIVED,mclaren
202401,hamilton,28,8,96.692000,PUBLIC_DERIVED,mercedes
202401,alonso,28,9,97.256000,PUBLIC_DERIVED,aston_martin
202401,tsunoda,28,10,98.164000,PUBLIC_DERIVED,rb
202401,zhou,28,11,100.675000,PUBLIC_DERIVED,sauber
202401,kevin_magnussen,28,12,97.936000,PUBLIC_DERIVED,haas
202401,albon,28,13,98.048000,PUBLIC_DERIVED,williams
202401,ricciardo,28,14,98.045000,PUBLIC_DERIVED,rb
202401,ocon,28,15,98.372000,PUBLIC_DERIVED,alpine
202401,bottas,28,16,98.595000,PUBLIC_DERIVED,sauber
202401,gasly,28,17,98.615000,PUBLIC_DERIVED,alpine
202401,stroll,28,18,116.640000,PUBLIC_DERIVED,aston_martin
202401,hulkenberg,28,19,97.254000,PUBLIC_DERIVED,haas
202401,sargeant,28,20,100.535000,PUBLIC_DERIVED,williams
202401,max_verstappen,29,1,95.793000,PUBLIC_DERIVED,red_bull
202401,perez,29,2,96.437000,PUBLIC_DERIVED,red_bull
202401,sainz,29,3,96.600000,PUBLIC_DERIVED,ferrari
202401,russell,29,4,97.066000,PUBLIC_DERIVED,mercedes
202401,leclerc,29,5,96.963000,PUBLIC_DERIVED,ferrari
202401,norris,29,6,97.041000,PUBLIC_DERIVED,mclaren
202401,piastri,29,7,97.179000,PUBLIC_DERIVED,mclaren
202401,hamilton,29,8,96.786000,PUBLIC_DERIVED,mercedes
202401,alonso,29,9,97.104000,PUBLIC_DERIVED,aston_martin
202401,tsunoda,29,10,97.777000,PUBLIC_DERIVED,rb
202401,kevin_magnussen,29,11,97.965000,PUBLIC_DERIVED,haas
202401,albon,29,12,97.879000,PUBLIC_DERIVED,williams
202401,ricciardo,29,13,97.960000,PUBLIC_DERIVED,rb
202401,ocon,29,14,98.556000,PUBLIC_DERIVED,alpine
202401,bottas,29,15,98.654000,PUBLIC_DERIVED,sauber
202401,gasly,29,16,98.550000,PUBLIC_DERIVED,alpine
202401,zhou,29,17,117.076000,PUBLIC_DERIVED,sauber
202401,stroll,29,18,95.854000,PUBLIC_DERIVED,aston_martin
202401,hulkenberg,29,19,96.837000,PUBLIC_DERIVED,haas
202401,sargeant,29,20,121.581000,PUBLIC_DERIVED,williams
202401,max_verstappen,30,1,95.771000,PUBLIC_DERIVED,red_bull
202401,perez,30,2,96.313000,PUBLIC_DERIVED,red_bull
202401,sainz,30,3,96.337000,PUBLIC_DERIVED,ferrari
202401,russell,30,4,97.186000,PUBLIC_DERIVED,mercedes
202401,leclerc,30,5,97.158000,PUBLIC_DERIVED,ferrari
202401,norris,30,6,96.986000,PUBLIC_DERIVED,mclaren
202401,piastri,30,7,97.177000,PUBLIC_DERIVED,mclaren
202401,hamilton,30,8,97.244000,PUBLIC_DERIVED,mercedes
202401,alonso,30,9,96.982000,PUBLIC_DERIVED,aston_martin
202401,tsunoda,30,10,97.477000,PUBLIC_DERIVED,rb
202401,kevin_magnussen,30,11,98.040000,PUBLIC_DERIVED,haas
202401,albon,30,12,97.968000,PUBLIC_DERIVED,williams
202401,ricciardo,30,13,97.978000,PUBLIC_DERIVED,rb
202401,ocon,30,14,101.210000,PUBLIC_DERIVED,alpine
202401,gasly,30,15,98.832000,PUBLIC_DERIVED,alpine
202401,bottas,30,16,101.252000,PUBLIC_DERIVED,sauber
202401,zhou,30,17,95.458000,PUBLIC_DERIVED,sauber
202401,stroll,30,18,95.632000,PUBLIC_DERIVED,aston_martin
202401,hulkenberg,30,19,96.691000,PUBLIC_DERIVED,haas
202401,sargeant,30,20,95.715000,PUBLIC_DERIVED,williams
202401,max_verstappen,31,1,95.679000,PUBLIC_DERIVED,red_bull
202401,perez,31,2,96.339000,PUBLIC_DERIVED,red_bull
202401,sainz,31,3,96.537000,PUBLIC_DERIVED,ferrari
202401,leclerc,31,4,97.031000,PUBLIC_DERIVED,ferrari
202401,russell,31,5,99.405000,PUBLIC_DERIVED,mercedes
202401,norris,31,6,97.083000,PUBLIC_DERIVED,mclaren
202401,piastri,31,7,97.570000,PUBLIC_DERIVED,mclaren
202401,hamilton,31,8,96.975000,PUBLIC_DERIVED,mercedes
202401,alonso,31,9,96.957000,PUBLIC_DERIVED,aston_martin
202401,tsunoda,31,10,97.468000,PUBLIC_DERIVED,rb
202401,kevin_magnussen,31,11,98.000000,PUBLIC_DERIVED,haas
202401,albon,31,12,98.135000,PUBLIC_DERIVED,williams
202401,ricciardo,31,13,98.154000,PUBLIC_DERIVED,rb
202401,zhou,31,14,96.297000,PUBLIC_DERIVED,sauber
202401,stroll,31,15,96.202000,PUBLIC_DERIVED,aston_martin
202401,gasly,31,16,100.432000,PUBLIC_DERIVED,alpine
202401,hulkenberg,31,17,96.578000,PUBLIC_DERIVED,haas
202401,ocon,31,18,119.322000,PUBLIC_DERIVED,alpine
202401,bottas,31,19,170.266000,PUBLIC_DERIVED,sauber
202401,sargeant,31,20,96.713000,PUBLIC_DERIVED,williams
202401,max_verstappen,32,1,95.886000,PUBLIC_DERIVED,red_bull
202401,perez,32,2,96.276000,PUBLIC_DERIVED,red_bull
202401,sainz,32,3,96.762000,PUBLIC_DERIVED,ferrari
202401,leclerc,32,4,96.941000,PUBLIC_DERIVED,ferrari
202401,norris,32,5,97.171000,PUBLIC_DERIVED,mclaren
202401,piastri,32,6,97.163000,PUBLIC_DERIVED,mclaren
202401,hamilton,32,7,97.325000,PUBLIC_DERIVED,mercedes
202401,alonso,32,8,97.056000,PUBLIC_DERIVED,aston_martin
202401,russell,32,9,117.267000,PUBLIC_DERIVED,mercedes
202401,tsunoda,32,10,97.847000,PUBLIC_DERIVED,rb
202401,albon,32,11,98.183000,PUBLIC_DERIVED,williams
202401,ricciardo,32,12,98.025000,PUBLIC_DERIVED,rb
202401,kevin_magnussen,32,13,100.565000,PUBLIC_DERIVED,haas
202401,zhou,32,14,96.048000,PUBLIC_DERIVED,sauber
202401,stroll,32,15,95.821000,PUBLIC_DERIVED,aston_martin
202401,hulkenberg,32,16,96.935000,PUBLIC_DERIVED,haas
202401,ocon,32,17,96.887000,PUBLIC_DERIVED,alpine
202401,gasly,32,18,119.770000,PUBLIC_DERIVED,alpine
202401,bottas,32,19,96.763000,PUBLIC_DERIVED,sauber
202401,sargeant,32,20,96.563000,PUBLIC_DERIVED,williams
202401,max_verstappen,33,1,95.863000,PUBLIC_DERIVED,red_bull
202401,perez,33,2,96.564000,PUBLIC_DERIVED,red_bull
202401,sainz,33,3,96.556000,PUBLIC_DERIVED,ferrari
202401,leclerc,33,4,96.741000,PUBLIC_DERIVED,ferrari
202401,norris,33,5,99.626000,PUBLIC_DERIVED,mclaren
202401,piastri,33,6,97.088000,PUBLIC_DERIVED,mclaren
202401,hamilton,33,7,99.696000,PUBLIC_DERIVED,mercedes
202401,alonso,33,8,97.202000,PUBLIC_DERIVED,aston_martin
202401,russell,33,9,95.838000,PUBLIC_DERIVED,mercedes
202401,tsunoda,33,10,97.498000,PUBLIC_DERIVED,rb
202401,albon,33,11,98.346000,PUBLIC_DERIVED,williams
202401,ricciardo,33,12,98.150000,PUBLIC_DERIVED,rb
202401,stroll,33,13,96.349000,PUBLIC_DERIVED,aston_martin
202401,zhou,33,14,97.971000,PUBLIC_DERIVED,sauber
202401,hulkenberg,33,15,96.784000,PUBLIC_DERIVED,haas
202401,kevin_magnussen,33,16,116.655000,PUBLIC_DERIVED,haas
202401,ocon,33,17,96.704000,PUBLIC_DERIVED,alpine
202401,gasly,33,18,96.112000,PUBLIC_DERIVED,alpine
202401,bottas,33,19,96.202000,PUBLIC_DERIVED,sauber
202401,sargeant,33,20,97.433000,PUBLIC_DERIVED,williams
202401,max_verstappen,34,1,96.133000,PUBLIC_DERIVED,red_bull
202401,perez,34,2,96.378000,PUBLIC_DERIVED,red_bull
202401,sainz,34,3,96.551000,PUBLIC_DERIVED,ferrari
202401,leclerc,34,4,99.614000,PUBLIC_DERIVED,ferrari
202401,piastri,34,5,99.211000,PUBLIC_DERIVED,mclaren
202401,russell,34,6,95.241000,PUBLIC_DERIVED,mercedes
202401,alonso,34,7,97.601000,PUBLIC_DERIVED,aston_martin
202401,norris,34,8,116.898000,PUBLIC_DERIVED,mclaren
202401,hamilton,34,9,114.974000,PUBLIC_DERIVED,mercedes
202401,tsunoda,34,10,100.835000,PUBLIC_DERIVED,rb
202401,albon,34,11,97.750000,PUBLIC_DERIVED,williams
202401,ricciardo,34,12,98.246000,PUBLIC_DERIVED,rb
202401,stroll,34,13,96.332000,PUBLIC_DERIVED,aston_martin
202401,zhou,34,14,96.518000,PUBLIC_DERIVED,sauber
202401,hulkenberg,34,15,96.692000,PUBLIC_DERIVED,haas
202401,kevin_magnussen,34,16,95.570000,PUBLIC_DERIVED,haas
202401,ocon,34,17,96.226000,PUBLIC_DERIVED,alpine
202401,gasly,34,18,96.622000,PUBLIC_DERIVED,alpine
202401,bottas,34,19,98.009000,PUBLIC_DERIVED,sauber
202401,sargeant,34,20,96.475000,PUBLIC_DERIVED,williams
202401,max_verstappen,35,1,96.018000,PUBLIC_DERIVED,red_bull
202401,perez,35,2,96.776000,PUBLIC_DERIVED,red_bull
202401,sainz,35,3,99.274000,PUBLIC_DERIVED,ferrari
202401,russell,35,4,95.772000,PUBLIC_DERIVED,mercedes
202401,alonso,35,5,97.273000,PUBLIC_DERIVED,aston_martin
202401,leclerc,35,6,116.166000,PUBLIC_DERIVED,ferrari
202401,norris,35,7,94.476000,PUBLIC_DERIVED,mclaren
202401,hamilton,35,8,95.489000,PUBLIC_DERIVED,mercedes
202401,piastri,35,9,119.703000,PUBLIC_DERIVED,mclaren
202401,albon,35,10,97.767000,PUBLIC_DERIVED,williams
202401,ricciardo,35,11,100.595000,PUBLIC_DERIVED,rb
202401,stroll,35,12,96.242000,PUBLIC_DERIVED,aston_martin
202401,zhou,35,13,96.546000,PUBLIC_DERIVED,sauber
202401,hulkenberg,35,14,96.959000,PUBLIC_DERIVED,haas
202401,tsunoda,35,15,117.417000,PUBLIC_DERIVED,rb
202401,kevin_magnussen,35,16,95.698000,PUBLIC_DERIVED,haas
202401,ocon,35,17,96.354000,PUBLIC_DERIVED,alpine
202401,gasly,35,18,96.313000,PUBLIC_DERIVED,alpine
202401,bottas,35,19,96.578000,PUBLIC_DERIVED,sauber
202401,sargeant,35,20,96.859000,PUBLIC_DERIVED,williams
202401,max_verstappen,36,1,96.205000,PUBLIC_DERIVED,red_bull
202401,perez,36,2,99.365000,PUBLIC_DERIVED,red_bull
202401,sainz,36,3,115.620000,PUBLIC_DERIVED,ferrari
202401,russell,36,4,95.434000,PUBLIC_DERIVED,mercedes
202401,leclerc,36,5,94.090000,PUBLIC_DERIVED,ferrari
202401,norris,36,6,95.690000,PUBLIC_DERIVED,mclaren
202401,alonso,36,7,98.343000,PUBLIC_DERIVED,aston_martin
202401,hamilton,36,8,95.279000,PUBLIC_DERIVED,mercedes
202401,piastri,36,9,95.153000,PUBLIC_DERIVED,mclaren
202401,albon,36,10,100.333000,PUBLIC_DERIVED,williams
202401,stroll,36,11,96.086000,PUBLIC_DERIVED,aston_martin
202401,zhou,36,12,96.931000,PUBLIC_DERIVED,sauber
202401,hulkenberg,36,13,96.795000,PUBLIC_DERIVED,haas
202401,kevin_magnussen,36,14,95.851000,PUBLIC_DERIVED,haas
202401,tsunoda,36,15,97.706000,PUBLIC_DERIVED,rb
202401,ricciardo,36,16,116.995000,PUBLIC_DERIVED,rb
202401,ocon,36,17,97.229000,PUBLIC_DERIVED,alpine
202401,gasly,36,18,96.450000,PUBLIC_DERIVED,alpine
202401,bottas,36,19,96.792000,PUBLIC_DERIVED,sauber
202401,sargeant,36,20,96.462000,PUBLIC_DERIVED,williams
202401,max_verstappen,37,1,99.234000,PUBLIC_DERIVED,red_bull
202401,perez,37,2,115.808000,PUBLIC_DERIVED,red_bull
202401,sainz,37,3,95.302000,PUBLIC_DERIVED,ferrari
202401,russell,37,4,95.481000,PUBLIC_DERIVED,mercedes
202401,leclerc,37,5,94.897000,PUBLIC_DERIVED,ferrari
202401,norris,37,6,95.067000,PUBLIC_DERIVED,mclaren
202401,alonso,37,7,96.799000,PUBLIC_DERIVED,aston_martin
202401,hamilton,37,8,95.597000,PUBLIC_DERIVED,mercedes
202401,piastri,37,9,94.774000,PUBLIC_DERIVED,mclaren
202401,stroll,37,10,95.987000,PUBLIC_DERIVED,aston_martin
202401,zhou,37,11,96.805000,PUBLIC_DERIVED,sauber
202401,hulkenberg,37,12,96.723000,PUBLIC_DERIVED,haas
202401,kevin_magnussen,37,13,95.741000,PUBLIC_DERIVED,haas
202401,tsunoda,37,14,95.833000,PUBLIC_DERIVED,rb
202401,ricciardo,37,15,95.163000,PUBLIC_DERIVED,rb
202401,albon,37,16,117.632000,PUBLIC_DERIVED,williams
202401,ocon,37,17,96.580000,PUBLIC_DERIVED,alpine
202401,gasly,37,18,96.629000,PUBLIC_DERIVED,alpine
202401,bottas,37,19,98.008000,PUBLIC_DERIVED,sauber
202401,sargeant,37,20,96.785000,PUBLIC_DERIVED,williams
202401,max_verstappen,38,1,116.445000,PUBLIC_DERIVED,red_bull
202401,perez,38,2,94.804000,PUBLIC_DERIVED,red_bull
202401,sainz,38,3,95.100000,PUBLIC_DERIVED,ferrari
202401,russell,38,4,95.479000,PUBLIC_DERIVED,mercedes
202401,leclerc,38,5,94.783000,PUBLIC_DERIVED,ferrari
202401,norris,38,6,95.149000,PUBLIC_DERIVED,mclaren
202401,alonso,38,7,97.297000,PUBLIC_DERIVED,aston_martin
202401,hamilton,38,8,94.966000,PUBLIC_DERIVED,mercedes
202401,piastri,38,9,95.298000,PUBLIC_DERIVED,mclaren
202401,stroll,38,10,96.364000,PUBLIC_DERIVED,aston_martin
202401,zhou,38,11,96.857000,PUBLIC_DERIVED,sauber
202401,kevin_magnussen,38,12,96.042000,PUBLIC_DERIVED,haas
202401,tsunoda,38,13,97.046000,PUBLIC_DERIVED,rb
202401,hulkenberg,38,14,100.083000,PUBLIC_DERIVED,haas
202401,ricciardo,38,15,95.460000,PUBLIC_DERIVED,rb
202401,albon,38,16,96.129000,PUBLIC_DERIVED,williams
202401,ocon,38,17,96.814000,PUBLIC_DERIVED,alpine
202401,gasly,38,18,96.802000,PUBLIC_DERIVED,alpine
202401,bottas,38,19,97.774000,PUBLIC_DERIVED,sauber
202401,sargeant,38,20,96.732000,PUBLIC_DERIVED,williams
202401,max_verstappen,39,1,92.608000,PUBLIC_DERIVED,red_bull
202401,perez,39,2,94.607000,PUBLIC_DERIVED,red_bull
202401,sainz,39,3,94.709000,PUBLIC_DERIVED,ferrari
202401,russell,39,4,95.204000,PUBLIC_DERIVED,mercedes
202401,leclerc,39,5,95.087000,PUBLIC_DERIVED,ferrari
202401,norris,39,6,94.880000,PUBLIC_DERIVED,mclaren
202401,hamilton,39,7,94.722000,PUBLIC_DERIVED,mercedes
202401,alonso,39,8,97.946000,PUBLIC_DERIVED,aston_martin
202401,piastri,39,9,94.983000,PUBLIC_DERIVED,mclaren
202401,stroll,39,10,96.353000,PUBLIC_DERIVED,aston_martin
202401,zhou,39,11,96.637000,PUBLIC_DERIVED,sauber
202401,kevin_magnussen,39,12,95.876000,PUBLIC_DERIVED,haas
202401,tsunoda,39,13,96.125000,PUBLIC_DERIVED,rb
202401,hulkenberg,39,14,97.476000,PUBLIC_DERIVED,haas
202401,ricciardo,39,15,95.475000,PUBLIC_DERIVED,rb
202401,albon,39,16,95.856000,PUBLIC_DERIVED,williams
202401,ocon,39,17,96.552000,PUBLIC_DERIVED,alpine
202401,gasly,39,18,96.537000,PUBLIC_DERIVED,alpine
202401,bottas,39,19,97.189000,PUBLIC_DERIVED,sauber
202401,sargeant,39,20,97.016000,PUBLIC_DERIVED,williams
202401,max_verstappen,40,1,96.589000,PUBLIC_DERIVED,red_bull
202401,perez,40,2,94.364000,PUBLIC_DERIVED,red_bull
202401,sainz,40,3,94.739000,PUBLIC_DERIVED,ferrari
202401,russell,40,4,95.065000,PUBLIC_DERIVED,mercedes
202401,leclerc,40,5,94.859000,PUBLIC_DERIVED,ferrari
202401,norris,40,6,95.276000,PUBLIC_DERIVED,mclaren
202401,hamilton,40,7,95.041000,PUBLIC_DERIVED,mercedes
202401,piastri,40,8,95.005000,PUBLIC_DERIVED,mclaren
202401,alonso,40,9,98.061000,PUBLIC_DERIVED,aston_martin
202401,stroll,40,10,96.485000,PUBLIC_DERIVED,aston_martin
202401,zhou,40,11,96.683000,PUBLIC_DERIVED,sauber
202401,kevin_magnussen,40,12,96.071000,PUBLIC_DERIVED,haas
202401,tsunoda,40,13,96.263000,PUBLIC_DERIVED,rb
202401,hulkenberg,40,14,97.088000,PUBLIC_DERIVED,haas
202401,ricciardo,40,15,95.578000,PUBLIC_DERIVED,rb
202401,albon,40,16,95.723000,PUBLIC_DERIVED,williams
202401,ocon,40,17,96.608000,PUBLIC_DERIVED,alpine
202401,gasly,40,18,96.742000,PUBLIC_DERIVED,alpine
202401,bottas,40,19,97.393000,PUBLIC_DERIVED,sauber
202401,sargeant,40,20,99.817000,PUBLIC_DERIVED,williams
202401,max_verstappen,41,1,95.290000,PUBLIC_DERIVED,red_bull
202401,perez,41,2,94.400000,PUBLIC_DERIVED,red_bull
202401,sainz,41,3,95.041000,PUBLIC_DERIVED,ferrari
202401,russell,41,4,95.093000,PUBLIC_DERIVED,mercedes
202401,leclerc,41,5,95.028000,PUBLIC_DERIVED,ferrari
202401,norris,41,6,95.069000,PUBLIC_DERIVED,mclaren
202401,hamilton,41,7,94.940000,PUBLIC_DERIVED,mercedes
202401,piastri,41,8,95.109000,PUBLIC_DERIVED,mclaren
202401,alonso,41,9,100.261000,PUBLIC_DERIVED,aston_martin
202401,stroll,41,10,96.322000,PUBLIC_DERIVED,aston_martin
202401,zhou,41,11,96.695000,PUBLIC_DERIVED,sauber
202401,kevin_magnussen,41,12,96.340000,PUBLIC_DERIVED,haas
202401,tsunoda,41,13,96.179000,PUBLIC_DERIVED,rb
202401,ricciardo,41,14,95.644000,PUBLIC_DERIVED,rb
202401,hulkenberg,41,15,99.569000,PUBLIC_DERIVED,haas
202401,albon,41,16,95.885000,PUBLIC_DERIVED,williams
202401,ocon,41,17,96.621000,PUBLIC_DERIVED,alpine
202401,gasly,41,18,96.571000,PUBLIC_DERIVED,alpine
202401,bottas,41,19,96.437000,PUBLIC_DERIVED,sauber
202401,sargeant,41,20,120.282000,PUBLIC_DERIVED,williams
202401,max_verstappen,42,1,94.667000,PUBLIC_DERIVED,red_bull
202401,perez,42,2,94.525000,PUBLIC_DERIVED,red_bull
202401,sainz,42,3,94.861000,PUBLIC_DERIVED,ferrari
202401,russell,42,4,95.136000,PUBLIC_DERIVED,mercedes
202401,leclerc,42,5,94.982000,PUBLIC_DERIVED,ferrari
202401,norris,42,6,95.165000,PUBLIC_DERIVED,mclaren
202401,hamilton,42,7,94.996000,PUBLIC_DERIVED,mercedes
202401,piastri,42,8,95.341000,PUBLIC_DERIVED,mclaren
202401,stroll,42,9,96.343000,PUBLIC_DERIVED,aston_martin
202401,zhou,42,10,96.652000,PUBLIC_DERIVED,sauber
202401,alonso,42,11,116.899000,PUBLIC_DERIVED,aston_martin
202401,kevin_magnussen,42,12,96.310000,PUBLIC_DERIVED,haas
202401,tsunoda,42,13,95.981000,PUBLIC_DERIVED,rb
202401,ricciardo,42,14,95.338000,PUBLIC_DERIVED,rb
202401,albon,42,15,95.799000,PUBLIC_DERIVED,williams
202401,ocon,42,16,96.592000,PUBLIC_DERIVED,alpine
202401,gasly,42,17,96.631000,PUBLIC_DERIVED,alpine
202401,hulkenberg,42,18,116.108000,PUBLIC_DERIVED,haas
202401,bottas,42,19,96.374000,PUBLIC_DERIVED,sauber
202401,sargeant,42,20,94.735000,PUBLIC_DERIVED,williams
202401,max_verstappen,43,1,94.151000,PUBLIC_DERIVED,red_bull
202401,perez,43,2,94.797000,PUBLIC_DERIVED,red_bull
202401,sainz,43,3,94.795000,PUBLIC_DERIVED,ferrari
202401,russell,43,4,95.193000,PUBLIC_DERIVED,mercedes
202401,leclerc,43,5,95.192000,PUBLIC_DERIVED,ferrari
202401,norris,43,6,95.295000,PUBLIC_DERIVED,mclaren
202401,hamilton,43,7,94.935000,PUBLIC_DERIVED,mercedes
202401,piastri,43,8,95.258000,PUBLIC_DERIVED,mclaren
202401,stroll,43,9,96.304000,PUBLIC_DERIVED,aston_martin
202401,zhou,43,10,96.771000,PUBLIC_DERIVED,sauber
202401,alonso,43,11,95.107000,PUBLIC_DERIVED,aston_martin
202401,kevin_magnussen,43,12,96.232000,PUBLIC_DERIVED,haas
202401,tsunoda,43,13,95.956000,PUBLIC_DERIVED,rb
202401,ricciardo,43,14,95.560000,PUBLIC_DERIVED,rb
202401,albon,43,15,95.766000,PUBLIC_DERIVED,williams
202401,ocon,43,16,96.679000,PUBLIC_DERIVED,alpine
202401,gasly,43,17,99.291000,PUBLIC_DERIVED,alpine
202401,hulkenberg,43,18,95.760000,PUBLIC_DERIVED,haas
202401,bottas,43,19,96.569000,PUBLIC_DERIVED,sauber
202401,sargeant,43,20,95.001000,PUBLIC_DERIVED,williams
202401,max_verstappen,44,1,94.531000,PUBLIC_DERIVED,red_bull
202401,perez,44,2,94.799000,PUBLIC_DERIVED,red_bull
202401,sainz,44,3,94.507000,PUBLIC_DERIVED,ferrari
202401,russell,44,4,95.162000,PUBLIC_DERIVED,mercedes
202401,leclerc,44,5,95.051000,PUBLIC_DERIVED,ferrari
202401,norris,44,6,95.346000,PUBLIC_DERIVED,mclaren
202401,hamilton,44,7,95.169000,PUBLIC_DERIVED,mercedes
202401,piastri,44,8,95.238000,PUBLIC_DERIVED,mclaren
202401,stroll,44,9,96.564000,PUBLIC_DERIVED,aston_martin
202401,alonso,44,10,94.981000,PUBLIC_DERIVED,aston_martin
202401,zhou,44,11,97.417000,PUBLIC_DERIVED,sauber
202401,kevin_magnussen,44,12,96.249000,PUBLIC_DERIVED,haas
202401,tsunoda,44,13,96.144000,PUBLIC_DERIVED,rb
202401,ricciardo,44,14,95.490000,PUBLIC_DERIVED,rb
202401,albon,44,15,95.783000,PUBLIC_DERIVED,williams
202401,ocon,44,16,96.649000,PUBLIC_DERIVED,alpine
202401,hulkenberg,44,17,95.590000,PUBLIC_DERIVED,haas
202401,gasly,44,18,116.481000,PUBLIC_DERIVED,alpine
202401,bottas,44,19,96.630000,PUBLIC_DERIVED,sauber
202401,sargeant,44,20,95.130000,PUBLIC_DERIVED,williams
202401,max_verstappen,45,1,94.249000,PUBLIC_DERIVED,red_bull
202401,perez,45,2,94.592000,PUBLIC_DERIVED,red_bull
202401,sainz,45,3,94.790000,PUBLIC_DERIVED,ferrari
202401,russell,45,4,95.276000,PUBLIC_DERIVED,mercedes
202401,leclerc,45,5,95.220000,PUBLIC_DERIVED,ferrari
202401,norris,45,6,95.338000,PUBLIC_DERIVED,mclaren
202401,hamilton,45,7,95.184000,PUBLIC_DERIVED,mercedes
202401,piastri,45,8,95.306000,PUBLIC_DERIVED,mclaren
202401,stroll,45,9,96.243000,PUBLIC_DERIVED,aston_martin
202401,alonso,45,10,94.872000,PUBLIC_DERIVED,aston_martin
202401,zhou,45,11,96.680000,PUBLIC_DERIVED,sauber
202401,kevin_magnussen,45,12,96.349000,PUBLIC_DERIVED,haas
202401,tsunoda,45,13,95.964000,PUBLIC_DERIVED,rb
202401,ricciardo,45,14,95.570000,PUBLIC_DERIVED,rb
202401,albon,45,15,95.758000,PUBLIC_DERIVED,williams
202401,ocon,45,16,98.049000,PUBLIC_DERIVED,alpine
202401,hulkenberg,45,17,95.119000,PUBLIC_DERIVED,haas
202401,gasly,45,18,94.805000,PUBLIC_DERIVED,alpine
202401,bottas,45,19,96.663000,PUBLIC_DERIVED,sauber
202401,sargeant,45,20,95.333000,PUBLIC_DERIVED,williams
202401,max_verstappen,46,1,94.193000,PUBLIC_DERIVED,red_bull
202401,perez,46,2,94.844000,PUBLIC_DERIVED,red_bull
202401,sainz,46,3,94.853000,PUBLIC_DERIVED,ferrari
202401,leclerc,46,4,95.058000,PUBLIC_DERIVED,ferrari
202401,russell,46,5,96.657000,PUBLIC_DERIVED,mercedes
202401,norris,46,6,95.371000,PUBLIC_DERIVED,mclaren
202401,hamilton,46,7,95.285000,PUBLIC_DERIVED,mercedes
202401,piastri,46,8,95.296000,PUBLIC_DERIVED,mclaren
202401,stroll,46,9,96.379000,PUBLIC_DERIVED,aston_martin
202401,alonso,46,10,95.126000,PUBLIC_DERIVED,aston_martin
202401,zhou,46,11,96.741000,PUBLIC_DERIVED,sauber
202401,kevin_magnussen,46,12,96.446000,PUBLIC_DERIVED,haas
202401,tsunoda,46,13,96.187000,PUBLIC_DERIVED,rb
202401,ricciardo,46,14,95.507000,PUBLIC_DERIVED,rb
202401,albon,46,15,96.008000,PUBLIC_DERIVED,williams
202401,ocon,46,16,96.975000,PUBLIC_DERIVED,alpine
202401,hulkenberg,46,17,94.834000,PUBLIC_DERIVED,haas
202401,gasly,46,18,95.293000,PUBLIC_DERIVED,alpine
202401,bottas,46,19,96.297000,PUBLIC_DERIVED,sauber
202401,sargeant,46,20,95.939000,PUBLIC_DERIVED,williams
202401,max_verstappen,47,1,94.239000,PUBLIC_DERIVED,red_bull
202401,perez,47,2,94.730000,PUBLIC_DERIVED,red_bull
202401,sainz,47,3,94.901000,PUBLIC_DERIVED,ferrari
202401,leclerc,47,4,95.057000,PUBLIC_DERIVED,ferrari
202401,russell,47,5,95.805000,PUBLIC_DERIVED,mercedes
202401,norris,47,6,95.485000,PUBLIC_DERIVED,mclaren
202401,hamilton,47,7,95.226000,PUBLIC_DERIVED,mercedes
202401,piastri,47,8,95.376000,PUBLIC_DERIVED,mclaren
202401,stroll,47,9,96.298000,PUBLIC_DERIVED,aston_martin
202401,alonso,47,10,95.225000,PUBLIC_DERIVED,aston_martin
202401,zhou,47,11,96.561000,PUBLIC_DERIVED,sauber
202401,kevin_magnussen,47,12,96.454000,PUBLIC_DERIVED,haas
202401,tsunoda,47,13,96.396000,PUBLIC_DERIVED,rb
202401,ricciardo,47,14,95.831000,PUBLIC_DERIVED,rb
202401,albon,47,15,96.026000,PUBLIC_DERIVED,williams
202401,ocon,47,16,96.656000,PUBLIC_DERIVED,alpine
202401,hulkenberg,47,17,95.226000,PUBLIC_DERIVED,haas
202401,gasly,47,18,95.341000,PUBLIC_DERIVED,alpine
202401,bottas,47,19,96.604000,PUBLIC_DERIVED,sauber
202401,sargeant,47,20,96.729000,PUBLIC_DERIVED,williams
202401,max_verstappen,48,1,94.350000,PUBLIC_DERIVED,red_bull
202401,perez,48,2,94.885000,PUBLIC_DERIVED,red_bull
202401,sainz,48,3,94.981000,PUBLIC_DERIVED,ferrari
202401,leclerc,48,4,95.308000,PUBLIC_DERIVED,ferrari
202401,russell,48,5,96.059000,PUBLIC_DERIVED,mercedes
202401,norris,48,6,95.717000,PUBLIC_DERIVED,mclaren
202401,hamilton,48,7,96.165000,PUBLIC_DERIVED,mercedes
202401,piastri,48,8,95.702000,PUBLIC_DERIVED,mclaren
202401,alonso,48,9,94.199000,PUBLIC_DERIVED,aston_martin
202401,stroll,48,10,97.325000,PUBLIC_DERIVED,aston_martin
202401,zhou,48,11,96.654000,PUBLIC_DERIVED,sauber
202401,kevin_magnussen,48,12,96.679000,PUBLIC_DERIVED,haas
202401,tsunoda,48,13,96.554000,PUBLIC_DERIVED,rb
202401,ricciardo,48,14,96.236000,PUBLIC_DERIVED,rb
202401,albon,48,15,96.135000,PUBLIC_DERIVED,williams
202401,ocon,48,16,97.117000,PUBLIC_DERIVED,alpine
202401,hulkenberg,48,17,95.146000,PUBLIC_DERIVED,haas
202401,gasly,48,18,95.411000,PUBLIC_DERIVED,alpine
202401,bottas,48,19,96.765000,PUBLIC_DERIVED,sauber
202401,sargeant,48,20,95.688000,PUBLIC_DERIVED,williams
202401,max_verstappen,49,1,94.403000,PUBLIC_DERIVED,red_bull
202401,perez,49,2,94.966000,PUBLIC_DERIVED,red_bull
202401,sainz,49,3,95.440000,PUBLIC_DERIVED,ferrari
202401,leclerc,49,4,95.302000,PUBLIC_DERIVED,ferrari
202401,russell,49,5,95.954000,PUBLIC_DERIVED,mercedes
202401,norris,49,6,95.674000,PUBLIC_DERIVED,mclaren
202401,hamilton,49,7,95.914000,PUBLIC_DERIVED,mercedes
202401,piastri,49,8,95.653000,PUBLIC_DERIVED,mclaren
202401,alonso,49,9,94.571000,PUBLIC_DERIVED,aston_martin
202401,stroll,49,10,96.871000,PUBLIC_DERIVED,aston_martin
202401,zhou,49,11,96.720000,PUBLIC_DERIVED,sauber
202401,kevin_magnussen,49,12,96.842000,PUBLIC_DERIVED,haas
202401,tsunoda,49,13,96.695000,PUBLIC_DERIVED,rb
202401,ricciardo,49,14,96.442000,PUBLIC_DERIVED,rb
202401,albon,49,15,97.102000,PUBLIC_DERIVED,williams
202401,ocon,49,16,97.726000,PUBLIC_DERIVED,alpine
202401,hulkenberg,49,17,95.494000,PUBLIC_DERIVED,haas
202401,gasly,49,18,95.511000,PUBLIC_DERIVED,alpine
202401,bottas,49,19,96.910000,PUBLIC_DERIVED,sauber
202401,sargeant,49,20,95.590000,PUBLIC_DERIVED,williams
202401,max_verstappen,50,1,94.783000,PUBLIC_DERIVED,red_bull
202401,perez,50,2,95.082000,PUBLIC_DERIVED,red_bull
202401,sainz,50,3,95.142000,PUBLIC_DERIVED,ferrari
202401,leclerc,50,4,95.383000,PUBLIC_DERIVED,ferrari
202401,russell,50,5,96.181000,PUBLIC_DERIVED,mercedes
202401,norris,50,6,95.657000,PUBLIC_DERIVED,mclaren
202401,hamilton,50,7,95.612000,PUBLIC_DERIVED,mercedes
202401,piastri,50,8,95.984000,PUBLIC_DERIVED,mclaren
202401,alonso,50,9,94.677000,PUBLIC_DERIVED,aston_martin
202401,stroll,50,10,96.541000,PUBLIC_DERIVED,aston_martin
202401,zhou,50,11,96.792000,PUBLIC_DERIVED,sauber
202401,kevin_magnussen,50,12,97.035000,PUBLIC_DERIVED,haas
202401,tsunoda,50,13,96.827000,PUBLIC_DERIVED,rb
202401,ricciardo,50,14,96.609000,PUBLIC_DERIVED,rb
202401,albon,50,15,97.616000,PUBLIC_DERIVED,williams
202401,hulkenberg,50,16,95.167000,PUBLIC_DERIVED,haas
202401,ocon,50,17,97.784000,PUBLIC_DERIVED,alpine
202401,gasly,50,18,95.228000,PUBLIC_DERIVED,alpine
202401,bottas,50,19,96.910000,PUBLIC_DERIVED,sauber
202401,sargeant,50,20,95.660000,PUBLIC_DERIVED,williams
202401,max_verstappen,51,1,94.340000,PUBLIC_DERIVED,red_bull
202401,perez,51,2,94.940000,PUBLIC_DERIVED,red_bull
202401,sainz,51,3,95.282000,PUBLIC_DERIVED,ferrari
202401,leclerc,51,4,95.418000,PUBLIC_DERIVED,ferrari
202401,russell,51,5,95.852000,PUBLIC_DERIVED,mercedes
202401,norris,51,6,96.038000,PUBLIC_DERIVED,mclaren
202401,hamilton,51,7,95.532000,PUBLIC_DERIVED,mercedes
202401,piastri,51,8,95.800000,PUBLIC_DERIVED,mclaren
202401,alonso,51,9,94.916000,PUBLIC_DERIVED,aston_martin
202401,stroll,51,10,96.763000,PUBLIC_DERIVED,aston_martin
202401,zhou,51,11,97.042000,PUBLIC_DERIVED,sauber
202401,kevin_magnussen,51,12,96.929000,PUBLIC_DERIVED,haas
202401,tsunoda,51,13,97.067000,PUBLIC_DERIVED,rb
202401,ricciardo,51,14,97.103000,PUBLIC_DERIVED,rb
202401,albon,51,15,97.493000,PUBLIC_DERIVED,williams
202401,hulkenberg,51,16,95.529000,PUBLIC_DERIVED,haas
202401,ocon,51,17,97.091000,PUBLIC_DERIVED,alpine
202401,gasly,51,18,95.334000,PUBLIC_DERIVED,alpine
202401,bottas,51,19,96.819000,PUBLIC_DERIVED,sauber
202401,sargeant,51,20,95.972000,PUBLIC_DERIVED,williams
202401,max_verstappen,52,1,94.906000,PUBLIC_DERIVED,red_bull
202401,perez,52,2,95.183000,PUBLIC_DERIVED,red_bull
202401,sainz,52,3,95.083000,PUBLIC_DERIVED,ferrari
202401,leclerc,52,4,95.394000,PUBLIC_DERIVED,ferrari
202401,russell,52,5,96.186000,PUBLIC_DERIVED,mercedes
202401,norris,52,6,95.922000,PUBLIC_DERIVED,mclaren
202401,hamilton,52,7,95.479000,PUBLIC_DERIVED,mercedes
202401,piastri,52,8,96.024000,PUBLIC_DERIVED,mclaren
202401,alonso,52,9,94.862000,PUBLIC_DERIVED,aston_martin
202401,stroll,52,10,96.934000,PUBLIC_DERIVED,aston_martin
202401,zhou,52,11,97.394000,PUBLIC_DERIVED,sauber
202401,kevin_magnussen,52,12,96.930000,PUBLIC_DERIVED,haas
202401,ricciardo,52,13,97.529000,PUBLIC_DERIVED,rb
202401,tsunoda,52,14,99.042000,PUBLIC_DERIVED,rb
202401,albon,52,15,96.218000,PUBLIC_DERIVED,williams
202401,hulkenberg,52,16,95.921000,PUBLIC_DERIVED,haas
202401,ocon,52,17,98.631000,PUBLIC_DERIVED,alpine
202401,gasly,52,18,95.511000,PUBLIC_DERIVED,alpine
202401,bottas,52,19,96.949000,PUBLIC_DERIVED,sauber
202401,sargeant,52,20,95.987000,PUBLIC_DERIVED,williams
202401,max_verstappen,53,1,95.600000,PUBLIC_DERIVED,red_bull
202401,perez,53,2,95.842000,PUBLIC_DERIVED,red_bull
202401,sainz,53,3,95.211000,PUBLIC_DERIVED,ferrari
202401,leclerc,53,4,95.480000,PUBLIC_DERIVED,ferrari
202401,russell,53,5,95.979000,PUBLIC_DERIVED,mercedes
202401,norris,53,6,95.782000,PUBLIC_DERIVED,mclaren
202401,hamilton,53,7,95.550000,PUBLIC_DERIVED,mercedes
202401,piastri,53,8,95.739000,PUBLIC_DERIVED,mclaren
202401,alonso,53,9,95.249000,PUBLIC_DERIVED,aston_martin
202401,stroll,53,10,96.640000,PUBLIC_DERIVED,aston_martin
202401,zhou,53,11,97.141000,PUBLIC_DERIVED,sauber
202401,kevin_magnussen,53,12,97.958000,PUBLIC_DERIVED,haas
202401,ricciardo,53,13,96.745000,PUBLIC_DERIVED,rb
202401,tsunoda,53,14,96.838000,PUBLIC_DERIVED,rb
202401,albon,53,15,96.308000,PUBLIC_DERIVED,williams
202401,hulkenberg,53,16,95.994000,PUBLIC_DERIVED,haas
202401,ocon,53,17,97.145000,PUBLIC_DERIVED,alpine
202401,gasly,53,18,95.389000,PUBLIC_DERIVED,alpine
202401,bottas,53,19,99.035000,PUBLIC_DERIVED,sauber
202401,sargeant,53,20,96.088000,PUBLIC_DERIVED,williams
202401,max_verstappen,54,1,95.334000,PUBLIC_DERIVED,red_bull
202401,perez,54,2,95.459000,PUBLIC_DERIVED,red_bull
202401,sainz,54,3,95.309000,PUBLIC_DERIVED,ferrari
202401,leclerc,54,4,95.265000,PUBLIC_DERIVED,ferrari
202401,russell,54,5,96.013000,PUBLIC_DERIVED,mercedes
202401,norris,54,6,95.934000,PUBLIC_DERIVED,mclaren
202401,hamilton,54,7,95.974000,PUBLIC_DERIVED,mercedes
202401,piastri,54,8,96.107000,PUBLIC_DERIVED,mclaren
202401,alonso,54,9,95.745000,PUBLIC_DERIVED,aston_martin
202401,stroll,54,10,96.693000,PUBLIC_DERIVED,aston_martin
202401,zhou,54,11,98.389000,PUBLIC_DERIVED,sauber
202401,kevin_magnussen,54,12,96.890000,PUBLIC_DERIVED,haas
202401,ricciardo,54,13,96.661000,PUBLIC_DERIVED,rb
202401,tsunoda,54,14,96.672000,PUBLIC_DERIVED,rb
202401,albon,54,15,96.334000,PUBLIC_DERIVED,williams
202401,hulkenberg,54,16,95.786000,PUBLIC_DERIVED,haas
202401,ocon,54,17,98.707000,PUBLIC_DERIVED,alpine
202401,gasly,54,18,95.853000,PUBLIC_DERIVED,alpine
202401,bottas,54,19,97.095000,PUBLIC_DERIVED,sauber
202401,sargeant,54,20,99.614000,PUBLIC_DERIVED,williams
202401,max_verstappen,55,1,95.184000,PUBLIC_DERIVED,red_bull
202401,perez,55,2,95.611000,PUBLIC_DERIVED,red_bull
202401,sainz,55,3,95.407000,PUBLIC_DERIVED,ferrari
202401,leclerc,55,4,95.785000,PUBLIC_DERIVED,ferrari
202401,russell,55,5,96.151000,PUBLIC_DERIVED,mercedes
202401,norris,55,6,96.223000,PUBLIC_DERIVED,mclaren
202401,hamilton,55,7,95.633000,PUBLIC_DERIVED,mercedes
202401,piastri,55,8,95.973000,PUBLIC_DERIVED,mclaren
202401,alonso,55,9,95.066000,PUBLIC_DERIVED,aston_martin
202401,stroll,55,10,96.680000,PUBLIC_DERIVED,aston_martin
202401,zhou,55,11,97.383000,PUBLIC_DERIVED,sauber
202401,kevin_magnussen,55,12,97.457000,PUBLIC_DERIVED,haas
202401,ricciardo,55,13,97.375000,PUBLIC_DERIVED,rb
202401,tsunoda,55,14,97.269000,PUBLIC_DERIVED,rb
202401,albon,55,15,96.593000,PUBLIC_DERIVED,williams
202401,hulkenberg,55,16,95.736000,PUBLIC_DERIVED,haas
202401,ocon,55,17,97.393000,PUBLIC_DERIVED,alpine
202401,gasly,55,18,95.908000,PUBLIC_DERIVED,alpine
202401,bottas,55,19,97.205000,PUBLIC_DERIVED,sauber
202401,sargeant,55,20,96.209000,PUBLIC_DERIVED,williams
202401,max_verstappen,56,1,94.671000,PUBLIC_DERIVED,red_bull
202401,perez,56,2,95.568000,PUBLIC_DERIVED,red_bull
202401,sainz,56,3,95.305000,PUBLIC_DERIVED,ferrari
202401,leclerc,56,4,95.924000,PUBLIC_DERIVED,ferrari
202401,russell,56,5,96.350000,PUBLIC_DERIVED,mercedes
202401,norris,56,6,95.976000,PUBLIC_DERIVED,mclaren
202401,hamilton,56,7,95.706000,PUBLIC_DERIVED,mercedes
202401,piastri,56,8,96.100000,PUBLIC_DERIVED,mclaren
202401,alonso,56,9,95.014000,PUBLIC_DERIVED,aston_martin
202401,stroll,56,10,96.582000,PUBLIC_DERIVED,aston_martin
202401,zhou,56,11,97.333000,PUBLIC_DERIVED,sauber
202401,kevin_magnussen,56,12,97.584000,PUBLIC_DERIVED,haas
202401,ricciardo,56,13,97.662000,PUBLIC_DERIVED,rb
202401,tsunoda,56,14,97.473000,PUBLIC_DERIVED,rb
202401,albon,56,15,96.922000,PUBLIC_DERIVED,williams
202401,hulkenberg,56,16,95.602000,PUBLIC_DERIVED,haas
202401,ocon,56,17,97.415000,PUBLIC_DERIVED,alpine
202401,gasly,56,18,96.086000,PUBLIC_DERIVED,alpine
202401,bottas,56,19,97.956000,PUBLIC_DERIVED,sauber
202401,max_verstappen,57,1,94.923000,PUBLIC_DERIVED,red_bull
202401,perez,57,2,95.746000,PUBLIC_DERIVED,red_bull
202401,sainz,57,3,95.327000,PUBLIC_DERIVED,ferrari
202401,leclerc,57,4,96.324000,PUBLIC_DERIVED,ferrari
202401,russell,57,5,96.440000,PUBLIC_DERIVED,mercedes
202401,norris,57,6,96.582000,PUBLIC_DERIVED,mclaren
202401,hamilton,57,7,96.138000,PUBLIC_DERIVED,mercedes
202401,piastri,57,8,95.920000,PUBLIC_DERIVED,mclaren
202401,alonso,57,9,95.276000,PUBLIC_DERIVED,aston_martin
202401,stroll,57,10,97.335000,PUBLIC_DERIVED,aston_martin
202408,leclerc,1,1,2456.330000,PUBLIC_DERIVED,ferrari
202408,piastri,1,2,2458.744000,PUBLIC_DERIVED,mclaren
202408,sainz,1,3,2462.721000,PUBLIC_DERIVED,ferrari
202408,norris,1,4,2468.042000,PUBLIC_DERIVED,mclaren
202408,russell,1,5,2473.884000,PUBLIC_DERIVED,mercedes
202408,max_verstappen,1,6,2478.944000,PUBLIC_DERIVED,red_bull
202408,hamilton,1,7,2483.804000,PUBLIC_DERIVED,mercedes
202408,tsunoda,1,8,2488.609000,PUBLIC_DERIVED,rb
202408,albon,1,9,2494.817000,PUBLIC_DERIVED,williams
202408,gasly,1,10,2497.695000,PUBLIC_DERIVED,alpine
202408,stroll,1,11,2502.648000,PUBLIC_DERIVED,aston_martin
202408,ricciardo,1,12,2507.607000,PUBLIC_DERIVED,rb
202408,alonso,1,13,2513.184000,PUBLIC_DERIVED,aston_martin
202408,sargeant,1,14,2516.858000,PUBLIC_DERIVED,williams
202408,bottas,1,15,2521.748000,PUBLIC_DERIVED,sauber
202408,zhou,1,16,2526.253000,PUBLIC_DERIVED,sauber
202408,leclerc,2,1,177.857000,PUBLIC_DERIVED,ferrari
202408,piastri,2,2,176.127000,PUBLIC_DERIVED,mclaren
202408,sainz,2,3,172.664000,PUBLIC_DERIVED,ferrari
202408,norris,2,4,167.666000,PUBLIC_DERIVED,mclaren
202408,russell,2,5,162.166000,PUBLIC_DERIVED,mercedes
202408,max_verstappen,2,6,157.443000,PUBLIC_DERIVED,red_bull
202408,hamilton,2,7,152.812000,PUBLIC_DERIVED,mercedes
202408,tsunoda,2,8,148.277000,PUBLIC_DERIVED,rb
202408,albon,2,9,142.255000,PUBLIC_DERIVED,williams
202408,gasly,2,10,139.618000,PUBLIC_DERIVED,alpine
202408,stroll,2,11,134.844000,PUBLIC_DERIVED,aston_martin
202408,ricciardo,2,12,130.108000,PUBLIC_DERIVED,rb
202408,alonso,2,13,124.571000,PUBLIC_DERIVED,aston_martin
202408,sargeant,2,14,121.235000,PUBLIC_DERIVED,williams
202408,bottas,2,15,116.358000,PUBLIC_DERIVED,sauber
202408,zhou,2,16,112.131000,PUBLIC_DERIVED,sauber
202408,leclerc,3,1,84.624000,PUBLIC_DERIVED,ferrari
202408,piastri,3,2,84.953000,PUBLIC_DERIVED,mclaren
202408,sainz,3,3,85.012000,PUBLIC_DERIVED,ferrari
202408,norris,3,4,85.283000,PUBLIC_DERIVED,mclaren
202408,russell,3,5,85.319000,PUBLIC_DERIVED,mercedes
202408,max_verstappen,3,6,85.744000,PUBLIC_DERIVED,red_bull
202408,hamilton,3,7,87.058000,PUBLIC_DERIVED,mercedes
202408,tsunoda,3,8,87.563000,PUBLIC_DERIVED,rb
202408,albon,3,9,87.834000,PUBLIC_DERIVED,williams
202408,gasly,3,10,88.269000,PUBLIC_DERIVED,alpine
202408,stroll,3,11,88.303000,PUBLIC_DERIVED,aston_martin
202408,alonso,3,12,89.188000,PUBLIC_DERIVED,aston_martin
202408,ricciardo,3,13,89.656000,PUBLIC_DERIVED,rb
202408,bottas,3,14,89.743000,PUBLIC_DERIVED,sauber
202408,sargeant,3,15,90.077000,PUBLIC_DERIVED,williams
202408,zhou,3,16,90.396000,PUBLIC_DERIVED,sauber
202408,leclerc,4,1,82.625000,PUBLIC_DERIVED,ferrari
202408,piastri,4,2,82.314000,PUBLIC_DERIVED,mclaren
202408,sainz,4,3,82.358000,PUBLIC_DERIVED,ferrari
202408,norris,4,4,82.782000,PUBLIC_DERIVED,mclaren
202408,russell,4,5,82.868000,PUBLIC_DERIVED,mercedes
202408,max_verstappen,4,6,83.275000,PUBLIC_DERIVED,red_bull
202408,hamilton,4,7,83.376000,PUBLIC_DERIVED,mercedes
202408,tsunoda,4,8,83.327000,PUBLIC_DERIVED,rb
202408,albon,4,9,83.286000,PUBLIC_DERIVED,williams
202408,gasly,4,10,83.269000,PUBLIC_DERIVED,alpine
202408,stroll,4,11,83.354000,PUBLIC_DERIVED,aston_martin
202408,alonso,4,12,83.736000,PUBLIC_DERIVED,aston_martin
202408,ricciardo,4,13,83.524000,PUBLIC_DERIVED,rb
202408,bottas,4,14,83.386000,PUBLIC_DERIVED,sauber
202408,sargeant,4,15,83.682000,PUBLIC_DERIVED,williams
202408,zhou,4,16,83.698000,PUBLIC_DERIVED,sauber
202408,leclerc,5,1,81.795000,PUBLIC_DERIVED,ferrari
202408,piastri,5,2,82.019000,PUBLIC_DERIVED,mclaren
202408,sainz,5,3,81.978000,PUBLIC_DERIVED,ferrari
202408,norris,5,4,82.147000,PUBLIC_DERIVED,mclaren
202408,russell,5,5,83.045000,PUBLIC_DERIVED,mercedes
202408,max_verstappen,5,6,83.400000,PUBLIC_DERIVED,red_bull
202408,hamilton,5,7,83.640000,PUBLIC_DERIVED,mercedes
202408,tsunoda,5,8,83.493000,PUBLIC_DERIVED,rb
202408,albon,5,9,83.369000,PUBLIC_DERIVED,williams
202408,gasly,5,10,83.428000,PUBLIC_DERIVED,alpine
202408,stroll,5,11,83.731000,PUBLIC_DERIVED,aston_martin
202408,alonso,5,12,83.575000,PUBLIC_DERIVED,aston_martin
202408,ricciardo,5,13,83.744000,PUBLIC_DERIVED,rb
202408,bottas,5,14,83.636000,PUBLIC_DERIVED,sauber
202408,sargeant,5,15,83.674000,PUBLIC_DERIVED,williams
202408,zhou,5,16,83.494000,PUBLIC_DERIVED,sauber
202408,leclerc,6,1,81.145000,PUBLIC_DERIVED,ferrari
202408,piastri,6,2,81.354000,PUBLIC_DERIVED,mclaren
202408,sainz,6,3,81.163000,PUBLIC_DERIVED,ferrari
202408,norris,6,4,81.804000,PUBLIC_DERIVED,mclaren
202408,russell,6,5,83.012000,PUBLIC_DERIVED,mercedes
202408,max_verstappen,6,6,83.787000,PUBLIC_DERIVED,red_bull
202408,hamilton,6,7,83.369000,PUBLIC_DERIVED,mercedes
202408,tsunoda,6,8,83.224000,PUBLIC_DERIVED,rb
202408,albon,6,9,83.416000,PUBLIC_DERIVED,williams
202408,gasly,6,10,83.106000,PUBLIC_DERIVED,alpine
202408,stroll,6,11,82.977000,PUBLIC_DERIVED,aston_martin
202408,alonso,6,12,82.711000,PUBLIC_DERIVED,aston_martin
202408,ricciardo,6,13,82.748000,PUBLIC_DERIVED,rb
202408,bottas,6,14,82.868000,PUBLIC_DERIVED,sauber
202408,sargeant,6,15,82.739000,PUBLIC_DERIVED,williams
202408,zhou,6,16,82.649000,PUBLIC_DERIVED,sauber
202408,leclerc,7,1,80.980000,PUBLIC_DERIVED,ferrari
202408,piastri,7,2,80.808000,PUBLIC_DERIVED,mclaren
202408,sainz,7,3,81.466000,PUBLIC_DERIVED,ferrari
202408,norris,7,4,80.828000,PUBLIC_DERIVED,mclaren
202408,russell,7,5,81.415000,PUBLIC_DERIVED,mercedes
202408,max_verstappen,7,6,81.283000,PUBLIC_DERIVED,red_bull
202408,hamilton,7,7,81.463000,PUBLIC_DERIVED,mercedes
202408,tsunoda,7,8,81.826000,PUBLIC_DERIVED,rb
202408,albon,7,9,81.913000,PUBLIC_DERIVED,williams
202408,gasly,7,10,82.233000,PUBLIC_DERIVED,alpine
202408,stroll,7,11,82.634000,PUBLIC_DERIVED,aston_martin
202408,alonso,7,12,82.866000,PUBLIC_DERIVED,aston_martin
202408,ricciardo,7,13,82.747000,PUBLIC_DERIVED,rb
202408,bottas,7,14,82.832000,PUBLIC_DERIVED,sauber
202408,sargeant,7,15,82.899000,PUBLIC_DERIVED,williams
202408,zhou,7,16,82.934000,PUBLIC_DERIVED,sauber
202408,leclerc,8,1,81.030000,PUBLIC_DERIVED,ferrari
202408,piastri,8,2,81.058000,PUBLIC_DERIVED,mclaren
202408,sainz,8,3,80.272000,PUBLIC_DERIVED,ferrari
202408,norris,8,4,80.820000,PUBLIC_DERIVED,mclaren
202408,russell,8,5,81.612000,PUBLIC_DERIVED,mercedes
202408,max_verstappen,8,6,81.657000,PUBLIC_DERIVED,red_bull
202408,hamilton,8,7,81.612000,PUBLIC_DERIVED,mercedes
202408,tsunoda,8,8,81.651000,PUBLIC_DERIVED,rb
202408,albon,8,9,81.536000,PUBLIC_DERIVED,williams
202408,gasly,8,10,81.600000,PUBLIC_DERIVED,alpine
202408,stroll,8,11,81.653000,PUBLIC_DERIVED,aston_martin
202408,alonso,8,12,82.284000,PUBLIC_DERIVED,aston_martin
202408,ricciardo,8,13,82.433000,PUBLIC_DERIVED,rb
202408,bottas,8,14,82.249000,PUBLIC_DERIVED,sauber
202408,sargeant,8,15,82.221000,PUBLIC_DERIVED,williams
202408,zhou,8,16,82.182000,PUBLIC_DERIVED,sauber
202408,leclerc,9,1,80.114000,PUBLIC_DERIVED,ferrari
202408,piastri,9,2,79.906000,PUBLIC_DERIVED,mclaren
202408,sainz,9,3,80.525000,PUBLIC_DERIVED,ferrari
202408,norris,9,4,80.397000,PUBLIC_DERIVED,mclaren
202408,russell,9,5,81.433000,PUBLIC_DERIVED,mercedes
202408,max_verstappen,9,6,81.740000,PUBLIC_DERIVED,red_bull
202408,hamilton,9,7,81.851000,PUBLIC_DERIVED,mercedes
202408,tsunoda,9,8,81.896000,PUBLIC_DERIVED,rb
202408,albon,9,9,82.004000,PUBLIC_DERIVED,williams
202408,gasly,9,10,82.071000,PUBLIC_DERIVED,alpine
202408,stroll,9,11,82.090000,PUBLIC_DERIVED,aston_martin
202408,alonso,9,12,81.650000,PUBLIC_DERIVED,aston_martin
202408,ricciardo,9,13,81.528000,PUBLIC_DERIVED,rb
202408,bottas,9,14,81.715000,PUBLIC_DERIVED,sauber
202408,sargeant,9,15,81.679000,PUBLIC_DERIVED,williams
202408,zhou,9,16,81.810000,PUBLIC_DERIVED,sauber
202408,leclerc,10,1,80.775000,PUBLIC_DERIVED,ferrari
202408,piastri,10,2,80.890000,PUBLIC_DERIVED,mclaren
202408,sainz,10,3,81.259000,PUBLIC_DERIVED,ferrari
202408,norris,10,4,80.972000,PUBLIC_DERIVED,mclaren
202408,russell,10,5,81.531000,PUBLIC_DERIVED,mercedes
202408,max_verstappen,10,6,81.244000,PUBLIC_DERIVED,red_bull
202408,hamilton,10,7,81.437000,PUBLIC_DERIVED,mercedes
202408,tsunoda,10,8,81.591000,PUBLIC_DERIVED,rb
202408,albon,10,9,81.562000,PUBLIC_DERIVED,williams
202408,gasly,10,10,81.394000,PUBLIC_DERIVED,alpine
202408,stroll,10,11,81.725000,PUBLIC_DERIVED,aston_martin
202408,alonso,10,12,81.864000,PUBLIC_DERIVED,aston_martin
202408,ricciardo,10,13,81.976000,PUBLIC_DERIVED,rb
202408,bottas,10,14,81.947000,PUBLIC_DERIVED,sauber
202408,sargeant,10,15,81.944000,PUBLIC_DERIVED,williams
202408,zhou,10,16,81.944000,PUBLIC_DERIVED,sauber
202408,leclerc,11,1,81.046000,PUBLIC_DERIVED,ferrari
202408,piastri,11,2,80.898000,PUBLIC_DERIVED,mclaren
202408,sainz,11,3,80.246000,PUBLIC_DERIVED,ferrari
202408,norris,11,4,80.870000,PUBLIC_DERIVED,mclaren
202408,russell,11,5,81.452000,PUBLIC_DERIVED,mercedes
202408,max_verstappen,11,6,81.492000,PUBLIC_DERIVED,red_bull
202408,hamilton,11,7,81.325000,PUBLIC_DERIVED,mercedes
202408,tsunoda,11,8,81.289000,PUBLIC_DERIVED,rb
202408,albon,11,9,81.514000,PUBLIC_DERIVED,williams
202408,gasly,11,10,81.298000,PUBLIC_DERIVED,alpine
202408,stroll,11,11,81.517000,PUBLIC_DERIVED,aston_martin
202408,alonso,11,12,81.418000,PUBLIC_DERIVED,aston_martin
202408,ricciardo,11,13,81.530000,PUBLIC_DERIVED,rb
202408,bottas,11,14,81.547000,PUBLIC_DERIVED,sauber
202408,sargeant,11,15,81.492000,PUBLIC_DERIVED,williams
202408,zhou,11,16,81.563000,PUBLIC_DERIVED,sauber
202408,leclerc,12,1,80.252000,PUBLIC_DERIVED,ferrari
202408,piastri,12,2,80.135000,PUBLIC_DERIVED,mclaren
202408,sainz,12,3,79.974000,PUBLIC_DERIVED,ferrari
202408,norris,12,4,79.933000,PUBLIC_DERIVED,mclaren
202408,russell,12,5,80.316000,PUBLIC_DERIVED,mercedes
202408,max_verstappen,12,6,80.659000,PUBLIC_DERIVED,red_bull
202408,hamilton,12,7,81.164000,PUBLIC_DERIVED,mercedes
202408,tsunoda,12,8,81.089000,PUBLIC_DERIVED,rb
202408,albon,12,9,80.821000,PUBLIC_DERIVED,williams
202408,gasly,12,10,81.289000,PUBLIC_DERIVED,alpine
202408,stroll,12,11,81.471000,PUBLIC_DERIVED,aston_martin
202408,alonso,12,12,81.366000,PUBLIC_DERIVED,aston_martin
202408,ricciardo,12,13,81.277000,PUBLIC_DERIVED,rb
202408,bottas,12,14,81.328000,PUBLIC_DERIVED,sauber
202408,sargeant,12,15,81.404000,PUBLIC_DERIVED,williams
202408,zhou,12,16,81.193000,PUBLIC_DERIVED,sauber
202408,leclerc,13,1,79.017000,PUBLIC_DERIVED,ferrari
202408,piastri,13,2,78.745000,PUBLIC_DERIVED,mclaren
202408,sainz,13,3,80.017000,PUBLIC_DERIVED,ferrari
202408,norris,13,4,79.820000,PUBLIC_DERIVED,mclaren
202408,russell,13,5,80.525000,PUBLIC_DERIVED,mercedes
202408,max_verstappen,13,6,79.904000,PUBLIC_DERIVED,red_bull
202408,hamilton,13,7,80.171000,PUBLIC_DERIVED,mercedes
202408,tsunoda,13,8,80.682000,PUBLIC_DERIVED,rb
202408,albon,13,9,81.420000,PUBLIC_DERIVED,williams
202408,gasly,13,10,81.530000,PUBLIC_DERIVED,alpine
202408,stroll,13,11,81.314000,PUBLIC_DERIVED,aston_martin
202408,alonso,13,12,81.428000,PUBLIC_DERIVED,aston_martin
202408,ricciardo,13,13,81.416000,PUBLIC_DERIVED,rb
202408,bottas,13,14,81.540000,PUBLIC_DERIVED,sauber
202408,sargeant,13,15,81.499000,PUBLIC_DERIVED,williams
202408,zhou,13,16,81.529000,PUBLIC_DERIVED,sauber
202408,leclerc,14,1,79.913000,PUBLIC_DERIVED,ferrari
202408,piastri,14,2,80.014000,PUBLIC_DERIVED,mclaren
202408,sainz,14,3,79.480000,PUBLIC_DERIVED,ferrari
202408,norris,14,4,79.385000,PUBLIC_DERIVED,mclaren
202408,russell,14,5,80.272000,PUBLIC_DERIVED,mercedes
202408,max_verstappen,14,6,79.723000,PUBLIC_DERIVED,red_bull
202408,hamilton,14,7,80.126000,PUBLIC_DERIVED,mercedes
202408,tsunoda,14,8,81.249000,PUBLIC_DERIVED,rb
202408,albon,14,9,80.591000,PUBLIC_DERIVED,williams
202408,gasly,14,10,79.920000,PUBLIC_DERIVED,alpine
202408,stroll,14,11,80.427000,PUBLIC_DERIVED,aston_martin
202408,alonso,14,12,81.392000,PUBLIC_DERIVED,aston_martin
202408,ricciardo,14,13,81.391000,PUBLIC_DERIVED,rb
202408,bottas,14,14,81.221000,PUBLIC_DERIVED,sauber
202408,sargeant,14,15,81.219000,PUBLIC_DERIVED,williams
202408,zhou,14,16,81.264000,PUBLIC_DERIVED,sauber
202408,leclerc,15,1,79.838000,PUBLIC_DERIVED,ferrari
202408,piastri,15,2,80.264000,PUBLIC_DERIVED,mclaren
202408,sainz,15,3,79.543000,PUBLIC_DERIVED,ferrari
202408,norris,15,4,79.775000,PUBLIC_DERIVED,mclaren
202408,russell,15,5,80.202000,PUBLIC_DERIVED,mercedes
202408,max_verstappen,15,6,80.370000,PUBLIC_DERIVED,red_bull
202408,hamilton,15,7,79.971000,PUBLIC_DERIVED,mercedes
202408,tsunoda,15,8,80.099000,PUBLIC_DERIVED,rb
202408,albon,15,9,80.591000,PUBLIC_DERIVED,williams
202408,gasly,15,10,81.066000,PUBLIC_DERIVED,alpine
202408,stroll,15,11,80.781000,PUBLIC_DERIVED,aston_martin
202408,alonso,15,12,81.061000,PUBLIC_DERIVED,aston_martin
202408,ricciardo,15,13,81.177000,PUBLIC_DERIVED,rb
202408,sargeant,15,14,81.340000,PUBLIC_DERIVED,williams
202408,zhou,15,15,81.447000,PUBLIC_DERIVED,sauber
202408,bottas,15,16,97.899000,PUBLIC_DERIVED,sauber
202408,leclerc,16,1,80.156000,PUBLIC_DERIVED,ferrari
202408,piastri,16,2,79.829000,PUBLIC_DERIVED,mclaren
202408,sainz,16,3,80.579000,PUBLIC_DERIVED,ferrari
202408,norris,16,4,79.637000,PUBLIC_DERIVED,mclaren
202408,russell,16,5,79.913000,PUBLIC_DERIVED,mercedes
202408,max_verstappen,16,6,80.287000,PUBLIC_DERIVED,red_bull
202408,hamilton,16,7,80.384000,PUBLIC_DERIVED,mercedes
202408,tsunoda,16,8,80.847000,PUBLIC_DERIVED,rb
202408,albon,16,9,80.793000,PUBLIC_DERIVED,williams
202408,gasly,16,10,81.054000,PUBLIC_DERIVED,alpine
202408,stroll,16,11,81.189000,PUBLIC_DERIVED,aston_martin
202408,alonso,16,12,81.318000,PUBLIC_DERIVED,aston_martin
202408,ricciardo,16,13,81.125000,PUBLIC_DERIVED,rb
202408,sargeant,16,14,80.646000,PUBLIC_DERIVED,williams
202408,zhou,16,15,80.481000,PUBLIC_DERIVED,sauber
202408,bottas,16,16,80.012000,PUBLIC_DERIVED,sauber
202408,leclerc,17,1,80.279000,PUBLIC_DERIVED,ferrari
202408,piastri,17,2,80.028000,PUBLIC_DERIVED,mclaren
202408,sainz,17,3,80.076000,PUBLIC_DERIVED,ferrari
202408,norris,17,4,80.337000,PUBLIC_DERIVED,mclaren
202408,russell,17,5,80.150000,PUBLIC_DERIVED,mercedes
202408,max_verstappen,17,6,79.898000,PUBLIC_DERIVED,red_bull
202408,hamilton,17,7,79.738000,PUBLIC_DERIVED,mercedes
202408,tsunoda,17,8,80.335000,PUBLIC_DERIVED,rb
202408,albon,17,9,81.137000,PUBLIC_DERIVED,williams
202408,gasly,17,10,81.961000,PUBLIC_DERIVED,alpine
202408,stroll,17,11,81.970000,PUBLIC_DERIVED,aston_martin
202408,alonso,17,12,80.799000,PUBLIC_DERIVED,aston_martin
202408,ricciardo,17,13,80.862000,PUBLIC_DERIVED,rb
202408,sargeant,17,14,81.016000,PUBLIC_DERIVED,williams
202408,zhou,17,15,80.979000,PUBLIC_DERIVED,sauber
202408,bottas,17,16,76.561000,PUBLIC_DERIVED,sauber
202408,leclerc,18,1,79.580000,PUBLIC_DERIVED,ferrari
202408,piastri,18,2,79.832000,PUBLIC_DERIVED,mclaren
202408,sainz,18,3,79.177000,PUBLIC_DERIVED,ferrari
202408,norris,18,4,79.398000,PUBLIC_DERIVED,mclaren
202408,russell,18,5,79.438000,PUBLIC_DERIVED,mercedes
202408,max_verstappen,18,6,79.580000,PUBLIC_DERIVED,red_bull
202408,hamilton,18,7,80.037000,PUBLIC_DERIVED,mercedes
202408,tsunoda,18,8,80.612000,PUBLIC_DERIVED,rb
202408,albon,18,9,80.042000,PUBLIC_DERIVED,williams
202408,gasly,18,10,80.797000,PUBLIC_DERIVED,alpine
202408,stroll,18,11,80.698000,PUBLIC_DERIVED,aston_martin
202408,alonso,18,12,81.075000,PUBLIC_DERIVED,aston_martin
202408,ricciardo,18,13,81.108000,PUBLIC_DERIVED,rb
202408,sargeant,18,14,81.031000,PUBLIC_DERIVED,williams
202408,zhou,18,15,80.911000,PUBLIC_DERIVED,sauber
202408,bottas,18,16,76.567000,PUBLIC_DERIVED,sauber
202408,leclerc,19,1,78.842000,PUBLIC_DERIVED,ferrari
202408,piastri,19,2,79.179000,PUBLIC_DERIVED,mclaren
202408,sainz,19,3,79.445000,PUBLIC_DERIVED,ferrari
202408,norris,19,4,79.280000,PUBLIC_DERIVED,mclaren
202408,russell,19,5,80.157000,PUBLIC_DERIVED,mercedes
202408,max_verstappen,19,6,80.171000,PUBLIC_DERIVED,red_bull
202408,hamilton,19,7,79.874000,PUBLIC_DERIVED,mercedes
202408,tsunoda,19,8,80.770000,PUBLIC_DERIVED,rb
202408,albon,19,9,80.245000,PUBLIC_DERIVED,williams
202408,gasly,19,10,79.904000,PUBLIC_DERIVED,alpine
202408,stroll,19,11,80.353000,PUBLIC_DERIVED,aston_martin
202408,alonso,19,12,80.605000,PUBLIC_DERIVED,aston_martin
202408,ricciardo,19,13,81.310000,PUBLIC_DERIVED,rb
202408,sargeant,19,14,81.221000,PUBLIC_DERIVED,williams
202408,zhou,19,15,81.420000,PUBLIC_DERIVED,sauber
202408,bottas,19,16,77.829000,PUBLIC_DERIVED,sauber
202408,leclerc,20,1,78.724000,PUBLIC_DERIVED,ferrari
202408,piastri,20,2,79.055000,PUBLIC_DERIVED,mclaren
202408,sainz,20,3,79.403000,PUBLIC_DERIVED,ferrari
202408,norris,20,4,79.043000,PUBLIC_DERIVED,mclaren
202408,russell,20,5,80.053000,PUBLIC_DERIVED,mercedes
202408,max_verstappen,20,6,79.886000,PUBLIC_DERIVED,red_bull
202408,hamilton,20,7,80.504000,PUBLIC_DERIVED,mercedes
202408,tsunoda,20,8,79.991000,PUBLIC_DERIVED,rb
202408,albon,20,9,80.360000,PUBLIC_DERIVED,williams
202408,gasly,20,10,80.255000,PUBLIC_DERIVED,alpine
202408,stroll,20,11,79.398000,PUBLIC_DERIVED,aston_martin
202408,alonso,20,12,81.110000,PUBLIC_DERIVED,aston_martin
202408,ricciardo,20,13,80.942000,PUBLIC_DERIVED,rb
202408,sargeant,20,14,80.853000,PUBLIC_DERIVED,williams
202408,zhou,20,15,80.904000,PUBLIC_DERIVED,sauber
202408,bottas,20,16,79.124000,PUBLIC_DERIVED,sauber
202408,leclerc,21,1,78.472000,PUBLIC_DERIVED,ferrari
202408,piastri,21,2,78.601000,PUBLIC_DERIVED,mclaren
202408,sainz,21,3,78.917000,PUBLIC_DERIVED,ferrari
202408,norris,21,4,78.983000,PUBLIC_DERIVED,mclaren
202408,russell,21,5,79.788000,PUBLIC_DERIVED,mercedes
202408,max_verstappen,21,6,80.255000,PUBLIC_DERIVED,red_bull
202408,hamilton,21,7,79.760000,PUBLIC_DERIVED,mercedes
202408,tsunoda,21,8,80.557000,PUBLIC_DERIVED,rb
202408,albon,21,9,80.937000,PUBLIC_DERIVED,williams
202408,gasly,21,10,79.876000,PUBLIC_DERIVED,alpine
202408,stroll,21,11,79.016000,PUBLIC_DERIVED,aston_martin
202408,alonso,21,12,80.317000,PUBLIC_DERIVED,aston_martin
202408,ricciardo,21,13,80.817000,PUBLIC_DERIVED,rb
202408,sargeant,21,14,80.849000,PUBLIC_DERIVED,williams
202408,zhou,21,15,80.669000,PUBLIC_DERIVED,sauber
202408,bottas,21,16,80.462000,PUBLIC_DERIVED,sauber
202408,leclerc,22,1,78.620000,PUBLIC_DERIVED,ferrari
202408,piastri,22,2,78.585000,PUBLIC_DERIVED,mclaren
202408,sainz,22,3,78.889000,PUBLIC_DERIVED,ferrari
202408,norris,22,4,78.981000,PUBLIC_DERIVED,mclaren
202408,russell,22,5,79.691000,PUBLIC_DERIVED,mercedes
202408,max_verstappen,22,6,79.813000,PUBLIC_DERIVED,red_bull
202408,hamilton,22,7,80.590000,PUBLIC_DERIVED,mercedes
202408,tsunoda,22,8,80.875000,PUBLIC_DERIVED,rb
202408,albon,22,9,80.542000,PUBLIC_DERIVED,williams
202408,gasly,22,10,80.554000,PUBLIC_DERIVED,alpine
202408,stroll,22,11,81.307000,PUBLIC_DERIVED,aston_martin
202408,alonso,22,12,81.037000,PUBLIC_DERIVED,aston_martin
202408,ricciardo,22,13,80.849000,PUBLIC_DERIVED,rb
202408,sargeant,22,14,80.897000,PUBLIC_DERIVED,williams
202408,zhou,22,15,81.083000,PUBLIC_DERIVED,sauber
202408,bottas,22,16,81.022000,PUBLIC_DERIVED,sauber
202408,leclerc,23,1,78.458000,PUBLIC_DERIVED,ferrari
202408,piastri,23,2,78.658000,PUBLIC_DERIVED,mclaren
202408,sainz,23,3,78.993000,PUBLIC_DERIVED,ferrari
202408,norris,23,4,79.194000,PUBLIC_DERIVED,mclaren
202408,russell,23,5,79.397000,PUBLIC_DERIVED,mercedes
202408,max_verstappen,23,6,78.979000,PUBLIC_DERIVED,red_bull
202408,hamilton,23,7,79.089000,PUBLIC_DERIVED,mercedes
202408,tsunoda,23,8,80.450000,PUBLIC_DERIVED,rb
202408,albon,23,9,80.143000,PUBLIC_DERIVED,williams
202408,gasly,23,10,81.306000,PUBLIC_DERIVED,alpine
202408,stroll,23,11,81.188000,PUBLIC_DERIVED,aston_martin
202408,alonso,23,12,80.246000,PUBLIC_DERIVED,aston_martin
202408,ricciardo,23,13,80.662000,PUBLIC_DERIVED,rb
202408,sargeant,23,14,80.593000,PUBLIC_DERIVED,williams
202408,zhou,23,15,80.792000,PUBLIC_DERIVED,sauber
202408,bottas,23,16,80.750000,PUBLIC_DERIVED,sauber
202408,leclerc,24,1,78.725000,PUBLIC_DERIVED,ferrari
202408,piastri,24,2,78.636000,PUBLIC_DERIVED,mclaren
202408,sainz,24,3,78.568000,PUBLIC_DERIVED,ferrari
202408,norris,24,4,78.699000,PUBLIC_DERIVED,mclaren
202408,russell,24,5,79.484000,PUBLIC_DERIVED,mercedes
202408,max_verstappen,24,6,79.364000,PUBLIC_DERIVED,red_bull
202408,hamilton,24,7,78.785000,PUBLIC_DERIVED,mercedes
202408,tsunoda,24,8,80.386000,PUBLIC_DERIVED,rb
202408,albon,24,9,80.517000,PUBLIC_DERIVED,williams
202408,gasly,24,10,80.949000,PUBLIC_DERIVED,alpine
202408,stroll,24,11,81.621000,PUBLIC_DERIVED,aston_martin
202408,alonso,24,12,81.413000,PUBLIC_DERIVED,aston_martin
202408,ricciardo,24,13,80.348000,PUBLIC_DERIVED,rb
202408,sargeant,24,14,80.395000,PUBLIC_DERIVED,williams
202408,zhou,24,15,80.347000,PUBLIC_DERIVED,sauber
202408,bottas,24,16,80.564000,PUBLIC_DERIVED,sauber
202408,leclerc,25,1,78.973000,PUBLIC_DERIVED,ferrari
202408,piastri,25,2,78.784000,PUBLIC_DERIVED,mclaren
202408,sainz,25,3,78.537000,PUBLIC_DERIVED,ferrari
202408,norris,25,4,78.640000,PUBLIC_DERIVED,mclaren
202408,russell,25,5,78.651000,PUBLIC_DERIVED,mercedes
202408,max_verstappen,25,6,79.380000,PUBLIC_DERIVED,red_bull
202408,hamilton,25,7,79.342000,PUBLIC_DERIVED,mercedes
202408,tsunoda,25,8,80.329000,PUBLIC_DERIVED,rb
202408,albon,25,9,80.323000,PUBLIC_DERIVED,williams
202408,gasly,25,10,80.372000,PUBLIC_DERIVED,alpine
202408,stroll,25,11,80.506000,PUBLIC_DERIVED,aston_martin
202408,alonso,25,12,81.091000,PUBLIC_DERIVED,aston_martin
202408,ricciardo,25,13,81.029000,PUBLIC_DERIVED,rb
202408,sargeant,25,14,80.903000,PUBLIC_DERIVED,williams
202408,zhou,25,15,80.763000,PUBLIC_DERIVED,sauber
202408,bottas,25,16,80.783000,PUBLIC_DERIVED,sauber
202408,leclerc,26,1,78.445000,PUBLIC_DERIVED,ferrari
202408,piastri,26,2,78.440000,PUBLIC_DERIVED,mclaren
202408,sainz,26,3,78.088000,PUBLIC_DERIVED,ferrari
202408,norris,26,4,78.396000,PUBLIC_DERIVED,mclaren
202408,russell,26,5,79.006000,PUBLIC_DERIVED,mercedes
202408,max_verstappen,26,6,78.818000,PUBLIC_DERIVED,red_bull
202408,hamilton,26,7,79.862000,PUBLIC_DERIVED,mercedes
202408,tsunoda,26,8,80.448000,PUBLIC_DERIVED,rb
202408,albon,26,9,80.463000,PUBLIC_DERIVED,williams
202408,gasly,26,10,80.593000,PUBLIC_DERIVED,alpine
202408,stroll,26,11,80.589000,PUBLIC_DERIVED,aston_martin
202408,alonso,26,12,80.858000,PUBLIC_DERIVED,aston_martin
202408,ricciardo,26,13,80.691000,PUBLIC_DERIVED,rb
202408,sargeant,26,14,80.929000,PUBLIC_DERIVED,williams
202408,zhou,26,15,80.869000,PUBLIC_DERIVED,sauber
202408,bottas,26,16,80.851000,PUBLIC_DERIVED,sauber
202408,leclerc,27,1,78.351000,PUBLIC_DERIVED,ferrari
202408,piastri,27,2,78.523000,PUBLIC_DERIVED,mclaren
202408,sainz,27,3,79.490000,PUBLIC_DERIVED,ferrari
202408,norris,27,4,78.720000,PUBLIC_DERIVED,mclaren
202408,russell,27,5,78.927000,PUBLIC_DERIVED,mercedes
202408,max_verstappen,27,6,78.797000,PUBLIC_DERIVED,red_bull
202408,hamilton,27,7,78.549000,PUBLIC_DERIVED,mercedes
202408,tsunoda,27,8,80.286000,PUBLIC_DERIVED,rb
202408,albon,27,9,80.509000,PUBLIC_DERIVED,williams
202408,gasly,27,10,80.521000,PUBLIC_DERIVED,alpine
202408,stroll,27,11,80.307000,PUBLIC_DERIVED,aston_martin
202408,alonso,27,12,81.303000,PUBLIC_DERIVED,aston_martin
202408,ricciardo,27,13,81.365000,PUBLIC_DERIVED,rb
202408,sargeant,27,14,81.231000,PUBLIC_DERIVED,williams
202408,zhou,27,15,81.293000,PUBLIC_DERIVED,sauber
202408,bottas,27,16,81.370000,PUBLIC_DERIVED,sauber
202408,leclerc,28,1,78.710000,PUBLIC_DERIVED,ferrari
202408,piastri,28,2,78.791000,PUBLIC_DERIVED,mclaren
202408,sainz,28,3,79.281000,PUBLIC_DERIVED,ferrari
202408,norris,28,4,79.238000,PUBLIC_DERIVED,mclaren
202408,russell,28,5,78.679000,PUBLIC_DERIVED,mercedes
202408,max_verstappen,28,6,78.682000,PUBLIC_DERIVED,red_bull
202408,hamilton,28,7,78.587000,PUBLIC_DERIVED,mercedes
202408,tsunoda,28,8,80.184000,PUBLIC_DERIVED,rb
202408,albon,28,9,79.510000,PUBLIC_DERIVED,williams
202408,gasly,28,10,80.229000,PUBLIC_DERIVED,alpine
202408,stroll,28,11,80.131000,PUBLIC_DERIVED,aston_martin
202408,alonso,28,12,81.544000,PUBLIC_DERIVED,aston_martin
202408,ricciardo,28,13,81.566000,PUBLIC_DERIVED,rb
202408,sargeant,28,14,81.604000,PUBLIC_DERIVED,williams
202408,zhou,28,15,81.516000,PUBLIC_DERIVED,sauber
202408,bottas,28,16,81.765000,PUBLIC_DERIVED,sauber
202408,leclerc,29,1,79.053000,PUBLIC_DERIVED,ferrari
202408,piastri,29,2,79.010000,PUBLIC_DERIVED,mclaren
202408,sainz,29,3,78.697000,PUBLIC_DERIVED,ferrari
202408,norris,29,4,78.766000,PUBLIC_DERIVED,mclaren
202408,russell,29,5,78.624000,PUBLIC_DERIVED,mercedes
202408,max_verstappen,29,6,78.795000,PUBLIC_DERIVED,red_bull
202408,hamilton,29,7,78.940000,PUBLIC_DERIVED,mercedes
202408,tsunoda,29,8,79.837000,PUBLIC_DERIVED,rb
202408,albon,29,9,80.271000,PUBLIC_DERIVED,williams
202408,gasly,29,10,79.376000,PUBLIC_DERIVED,alpine
202408,stroll,29,11,79.464000,PUBLIC_DERIVED,aston_martin
202408,alonso,29,12,81.205000,PUBLIC_DERIVED,aston_martin
202408,ricciardo,29,13,81.265000,PUBLIC_DERIVED,rb
202408,sargeant,29,14,81.334000,PUBLIC_DERIVED,williams
202408,zhou,29,15,81.338000,PUBLIC_DERIVED,sauber
202408,bottas,29,16,80.857000,PUBLIC_DERIVED,sauber
202408,leclerc,30,1,79.935000,PUBLIC_DERIVED,ferrari
202408,piastri,30,2,79.396000,PUBLIC_DERIVED,mclaren
202408,sainz,30,3,77.326000,PUBLIC_DERIVED,ferrari
202408,norris,30,4,78.403000,PUBLIC_DERIVED,mclaren
202408,russell,30,5,78.811000,PUBLIC_DERIVED,mercedes
202408,max_verstappen,30,6,78.574000,PUBLIC_DERIVED,red_bull
202408,hamilton,30,7,78.371000,PUBLIC_DERIVED,mercedes
202408,tsunoda,30,8,80.495000,PUBLIC_DERIVED,rb
202408,albon,30,9,81.439000,PUBLIC_DERIVED,williams
202408,gasly,30,10,81.764000,PUBLIC_DERIVED,alpine
202408,stroll,30,11,81.422000,PUBLIC_DERIVED,aston_martin
202408,alonso,30,12,81.034000,PUBLIC_DERIVED,aston_martin
202408,ricciardo,30,13,80.900000,PUBLIC_DERIVED,rb
202408,sargeant,30,14,80.840000,PUBLIC_DERIVED,williams
202408,zhou,30,15,81.044000,PUBLIC_DERIVED,sauber
202408,bottas,30,16,81.470000,PUBLIC_DERIVED,sauber
202408,leclerc,31,1,78.393000,PUBLIC_DERIVED,ferrari
202408,piastri,31,2,78.449000,PUBLIC_DERIVED,mclaren
202408,sainz,31,3,79.784000,PUBLIC_DERIVED,ferrari
202408,norris,31,4,78.780000,PUBLIC_DERIVED,mclaren
202408,russell,31,5,79.101000,PUBLIC_DERIVED,mercedes
202408,max_verstappen,31,6,78.564000,PUBLIC_DERIVED,red_bull
202408,hamilton,31,7,78.471000,PUBLIC_DERIVED,mercedes
202408,tsunoda,31,8,80.190000,PUBLIC_DERIVED,rb
202408,albon,31,9,80.941000,PUBLIC_DERIVED,williams
202408,gasly,31,10,81.427000,PUBLIC_DERIVED,alpine
202408,stroll,31,11,82.535000,PUBLIC_DERIVED,aston_martin
202408,alonso,31,12,80.642000,PUBLIC_DERIVED,aston_martin
202408,ricciardo,31,13,80.703000,PUBLIC_DERIVED,rb
202408,sargeant,31,14,80.775000,PUBLIC_DERIVED,williams
202408,zhou,31,15,80.806000,PUBLIC_DERIVED,sauber
202408,bottas,31,16,80.752000,PUBLIC_DERIVED,sauber
202408,leclerc,32,1,79.125000,PUBLIC_DERIVED,ferrari
202408,piastri,32,2,78.969000,PUBLIC_DERIVED,mclaren
202408,sainz,32,3,80.136000,PUBLIC_DERIVED,ferrari
202408,norris,32,4,79.538000,PUBLIC_DERIVED,mclaren
202408,russell,32,5,79.122000,PUBLIC_DERIVED,mercedes
202408,max_verstappen,32,6,78.983000,PUBLIC_DERIVED,red_bull
202408,hamilton,32,7,78.618000,PUBLIC_DERIVED,mercedes
202408,tsunoda,32,8,81.023000,PUBLIC_DERIVED,rb
202408,albon,32,9,80.148000,PUBLIC_DERIVED,williams
202408,gasly,32,10,81.121000,PUBLIC_DERIVED,alpine
202408,stroll,32,11,81.252000,PUBLIC_DERIVED,aston_martin
202408,alonso,32,12,81.010000,PUBLIC_DERIVED,aston_martin
202408,ricciardo,32,13,80.940000,PUBLIC_DERIVED,rb
202408,sargeant,32,14,80.797000,PUBLIC_DERIVED,williams
202408,zhou,32,15,80.782000,PUBLIC_DERIVED,sauber
202408,bottas,32,16,80.658000,PUBLIC_DERIVED,sauber
202408,leclerc,33,1,78.494000,PUBLIC_DERIVED,ferrari
202408,piastri,33,2,79.060000,PUBLIC_DERIVED,mclaren
202408,sainz,33,3,78.778000,PUBLIC_DERIVED,ferrari
202408,norris,33,4,79.233000,PUBLIC_DERIVED,mclaren
202408,russell,33,5,78.910000,PUBLIC_DERIVED,mercedes
202408,max_verstappen,33,6,79.005000,PUBLIC_DERIVED,red_bull
202408,hamilton,33,7,78.746000,PUBLIC_DERIVED,mercedes
202408,tsunoda,33,8,80.749000,PUBLIC_DERIVED,rb
202408,albon,33,9,79.491000,PUBLIC_DERIVED,williams
202408,gasly,33,10,80.965000,PUBLIC_DERIVED,alpine
202408,stroll,33,11,80.536000,PUBLIC_DERIVED,aston_martin
202408,alonso,33,12,80.350000,PUBLIC_DERIVED,aston_martin
202408,ricciardo,33,13,80.395000,PUBLIC_DERIVED,rb
202408,sargeant,33,14,80.530000,PUBLIC_DERIVED,williams
202408,zhou,33,15,80.677000,PUBLIC_DERIVED,sauber
202408,bottas,33,16,80.525000,PUBLIC_DERIVED,sauber
202408,leclerc,34,1,79.319000,PUBLIC_DERIVED,ferrari
202408,piastri,34,2,78.978000,PUBLIC_DERIVED,mclaren
202408,sainz,34,3,79.013000,PUBLIC_DERIVED,ferrari
202408,norris,34,4,79.243000,PUBLIC_DERIVED,mclaren
202408,russell,34,5,79.379000,PUBLIC_DERIVED,mercedes
202408,max_verstappen,34,6,79.594000,PUBLIC_DERIVED,red_bull
202408,hamilton,34,7,78.860000,PUBLIC_DERIVED,mercedes
202408,tsunoda,34,8,79.153000,PUBLIC_DERIVED,rb
202408,albon,34,9,79.134000,PUBLIC_DERIVED,williams
202408,gasly,34,10,80.751000,PUBLIC_DERIVED,alpine
202408,stroll,34,11,79.789000,PUBLIC_DERIVED,aston_martin
202408,alonso,34,12,80.877000,PUBLIC_DERIVED,aston_martin
202408,ricciardo,34,13,80.840000,PUBLIC_DERIVED,rb
202408,sargeant,34,14,80.738000,PUBLIC_DERIVED,williams
202408,zhou,34,15,80.736000,PUBLIC_DERIVED,sauber
202408,bottas,34,16,80.903000,PUBLIC_DERIVED,sauber
202408,leclerc,35,1,78.530000,PUBLIC_DERIVED,ferrari
202408,piastri,35,2,78.605000,PUBLIC_DERIVED,mclaren
202408,sainz,35,3,78.465000,PUBLIC_DERIVED,ferrari
202408,norris,35,4,78.714000,PUBLIC_DERIVED,mclaren
202408,russell,35,5,80.448000,PUBLIC_DERIVED,mercedes
202408,max_verstappen,35,6,80.207000,PUBLIC_DERIVED,red_bull
202408,hamilton,35,7,79.518000,PUBLIC_DERIVED,mercedes
202408,tsunoda,35,8,78.973000,PUBLIC_DERIVED,rb
202408,albon,35,9,78.816000,PUBLIC_DERIVED,williams
202408,gasly,35,10,79.361000,PUBLIC_DERIVED,alpine
202408,stroll,35,11,79.497000,PUBLIC_DERIVED,aston_martin
202408,alonso,35,12,80.432000,PUBLIC_DERIVED,aston_martin
202408,ricciardo,35,13,80.540000,PUBLIC_DERIVED,rb
202408,sargeant,35,14,80.584000,PUBLIC_DERIVED,williams
202408,zhou,35,15,80.372000,PUBLIC_DERIVED,sauber
202408,bottas,35,16,80.254000,PUBLIC_DERIVED,sauber
202408,leclerc,36,1,78.689000,PUBLIC_DERIVED,ferrari
202408,piastri,36,2,78.882000,PUBLIC_DERIVED,mclaren
202408,sainz,36,3,79.275000,PUBLIC_DERIVED,ferrari
202408,norris,36,4,78.582000,PUBLIC_DERIVED,mclaren
202408,russell,36,5,79.728000,PUBLIC_DERIVED,mercedes
202408,max_verstappen,36,6,79.634000,PUBLIC_DERIVED,red_bull
202408,hamilton,36,7,80.648000,PUBLIC_DERIVED,mercedes
202408,tsunoda,36,8,79.472000,PUBLIC_DERIVED,rb
202408,albon,36,9,81.628000,PUBLIC_DERIVED,williams
202408,gasly,36,10,79.576000,PUBLIC_DERIVED,alpine
202408,stroll,36,11,79.297000,PUBLIC_DERIVED,aston_martin
202408,alonso,36,12,81.128000,PUBLIC_DERIVED,aston_martin
202408,ricciardo,36,13,81.126000,PUBLIC_DERIVED,rb
202408,sargeant,36,14,81.134000,PUBLIC_DERIVED,williams
202408,zhou,36,15,80.986000,PUBLIC_DERIVED,sauber
202408,bottas,36,16,81.196000,PUBLIC_DERIVED,sauber
202408,leclerc,37,1,78.925000,PUBLIC_DERIVED,ferrari
202408,piastri,37,2,78.612000,PUBLIC_DERIVED,mclaren
202408,sainz,37,3,77.577000,PUBLIC_DERIVED,ferrari
202408,norris,37,4,77.958000,PUBLIC_DERIVED,mclaren
202408,russell,37,5,78.757000,PUBLIC_DERIVED,mercedes
202408,max_verstappen,37,6,79.429000,PUBLIC_DERIVED,red_bull
202408,hamilton,37,7,78.605000,PUBLIC_DERIVED,mercedes
202408,tsunoda,37,8,80.071000,PUBLIC_DERIVED,rb
202408,albon,37,9,80.775000,PUBLIC_DERIVED,williams
202408,gasly,37,10,79.975000,PUBLIC_DERIVED,alpine
202408,stroll,37,11,79.638000,PUBLIC_DERIVED,aston_martin
202408,alonso,37,12,81.512000,PUBLIC_DERIVED,aston_martin
202408,ricciardo,37,13,81.358000,PUBLIC_DERIVED,rb
202408,sargeant,37,14,81.404000,PUBLIC_DERIVED,williams
202408,zhou,37,15,81.449000,PUBLIC_DERIVED,sauber
202408,bottas,37,16,81.386000,PUBLIC_DERIVED,sauber
202408,leclerc,38,1,78.528000,PUBLIC_DERIVED,ferrari
202408,piastri,38,2,78.731000,PUBLIC_DERIVED,mclaren
202408,sainz,38,3,78.412000,PUBLIC_DERIVED,ferrari
202408,norris,38,4,77.994000,PUBLIC_DERIVED,mclaren
202408,russell,38,5,78.446000,PUBLIC_DERIVED,mercedes
202408,max_verstappen,38,6,78.844000,PUBLIC_DERIVED,red_bull
202408,hamilton,38,7,80.514000,PUBLIC_DERIVED,mercedes
202408,tsunoda,38,8,80.117000,PUBLIC_DERIVED,rb
202408,albon,38,9,80.314000,PUBLIC_DERIVED,williams
202408,gasly,38,10,79.428000,PUBLIC_DERIVED,alpine
202408,stroll,38,11,79.706000,PUBLIC_DERIVED,aston_martin
202408,alonso,38,12,81.082000,PUBLIC_DERIVED,aston_martin
202408,ricciardo,38,13,81.099000,PUBLIC_DERIVED,rb
202408,sargeant,38,14,81.131000,PUBLIC_DERIVED,williams
202408,zhou,38,15,81.090000,PUBLIC_DERIVED,sauber
202408,bottas,38,16,80.948000,PUBLIC_DERIVED,sauber
202408,leclerc,39,1,78.181000,PUBLIC_DERIVED,ferrari
202408,piastri,39,2,78.362000,PUBLIC_DERIVED,mclaren
202408,sainz,39,3,78.310000,PUBLIC_DERIVED,ferrari
202408,norris,39,4,78.303000,PUBLIC_DERIVED,mclaren
202408,russell,39,5,78.450000,PUBLIC_DERIVED,mercedes
202408,max_verstappen,39,6,78.326000,PUBLIC_DERIVED,red_bull
202408,hamilton,39,7,78.943000,PUBLIC_DERIVED,mercedes
202408,tsunoda,39,8,79.855000,PUBLIC_DERIVED,rb
202408,albon,39,9,80.389000,PUBLIC_DERIVED,williams
202408,gasly,39,10,80.320000,PUBLIC_DERIVED,alpine
202408,stroll,39,11,79.867000,PUBLIC_DERIVED,aston_martin
202408,alonso,39,12,81.265000,PUBLIC_DERIVED,aston_martin
202408,ricciardo,39,13,81.255000,PUBLIC_DERIVED,rb
202408,sargeant,39,14,81.273000,PUBLIC_DERIVED,williams
202408,zhou,39,15,81.233000,PUBLIC_DERIVED,sauber
202408,bottas,39,16,83.172000,PUBLIC_DERIVED,sauber
202408,leclerc,40,1,78.733000,PUBLIC_DERIVED,ferrari
202408,piastri,40,2,78.951000,PUBLIC_DERIVED,mclaren
202408,sainz,40,3,78.653000,PUBLIC_DERIVED,ferrari
202408,norris,40,4,78.824000,PUBLIC_DERIVED,mclaren
202408,russell,40,5,78.139000,PUBLIC_DERIVED,mercedes
202408,max_verstappen,40,6,78.409000,PUBLIC_DERIVED,red_bull
202408,hamilton,40,7,78.673000,PUBLIC_DERIVED,mercedes
202408,tsunoda,40,8,79.745000,PUBLIC_DERIVED,rb
202408,albon,40,9,79.812000,PUBLIC_DERIVED,williams
202408,gasly,40,10,80.384000,PUBLIC_DERIVED,alpine
202408,stroll,40,11,80.450000,PUBLIC_DERIVED,aston_martin
202408,alonso,40,12,80.755000,PUBLIC_DERIVED,aston_martin
202408,ricciardo,40,13,80.870000,PUBLIC_DERIVED,rb
202408,sargeant,40,14,81.780000,PUBLIC_DERIVED,williams
202408,zhou,40,15,84.969000,PUBLIC_DERIVED,sauber
202408,bottas,40,16,83.591000,PUBLIC_DERIVED,sauber
202408,leclerc,41,1,78.694000,PUBLIC_DERIVED,ferrari
202408,piastri,41,2,78.846000,PUBLIC_DERIVED,mclaren
202408,sainz,41,3,78.714000,PUBLIC_DERIVED,ferrari
202408,norris,41,4,78.519000,PUBLIC_DERIVED,mclaren
202408,russell,41,5,78.308000,PUBLIC_DERIVED,mercedes
202408,max_verstappen,41,6,78.083000,PUBLIC_DERIVED,red_bull
202408,hamilton,41,7,78.946000,PUBLIC_DERIVED,mercedes
202408,tsunoda,41,8,80.772000,PUBLIC_DERIVED,rb
202408,albon,41,9,79.329000,PUBLIC_DERIVED,williams
202408,gasly,41,10,80.200000,PUBLIC_DERIVED,alpine
202408,stroll,41,11,80.200000,PUBLIC_DERIVED,aston_martin
202408,alonso,41,12,83.446000,PUBLIC_DERIVED,aston_martin
202408,ricciardo,41,13,85.218000,PUBLIC_DERIVED,rb
202408,sargeant,41,14,84.378000,PUBLIC_DERIVED,williams
202408,zhou,41,15,81.127000,PUBLIC_DERIVED,sauber
202408,bottas,41,16,80.230000,PUBLIC_DERIVED,sauber
202408,leclerc,42,1,79.277000,PUBLIC_DERIVED,ferrari
202408,piastri,42,2,79.795000,PUBLIC_DERIVED,mclaren
202408,sainz,42,3,79.171000,PUBLIC_DERIVED,ferrari
202408,norris,42,4,79.436000,PUBLIC_DERIVED,mclaren
202408,russell,42,5,78.204000,PUBLIC_DERIVED,mercedes
202408,max_verstappen,42,6,78.074000,PUBLIC_DERIVED,red_bull
202408,hamilton,42,7,77.542000,PUBLIC_DERIVED,mercedes
202408,tsunoda,42,8,80.320000,PUBLIC_DERIVED,rb
202408,albon,42,9,80.084000,PUBLIC_DERIVED,williams
202408,gasly,42,10,79.977000,PUBLIC_DERIVED,alpine
202408,stroll,42,11,97.062000,PUBLIC_DERIVED,aston_martin
202408,alonso,42,12,83.332000,PUBLIC_DERIVED,aston_martin
202408,ricciardo,42,13,81.527000,PUBLIC_DERIVED,rb
202408,sargeant,42,14,81.870000,PUBLIC_DERIVED,williams
202408,zhou,42,15,81.957000,PUBLIC_DERIVED,sauber
202408,bottas,42,16,82.109000,PUBLIC_DERIVED,sauber
202408,leclerc,43,1,77.865000,PUBLIC_DERIVED,ferrari
202408,piastri,43,2,78.198000,PUBLIC_DERIVED,mclaren
202408,sainz,43,3,79.594000,PUBLIC_DERIVED,ferrari
202408,norris,43,4,79.796000,PUBLIC_DERIVED,mclaren
202408,russell,43,5,78.684000,PUBLIC_DERIVED,mercedes
202408,max_verstappen,43,6,78.358000,PUBLIC_DERIVED,red_bull
202408,hamilton,43,7,77.867000,PUBLIC_DERIVED,mercedes
202408,tsunoda,43,8,80.135000,PUBLIC_DERIVED,rb
202408,albon,43,9,79.496000,PUBLIC_DERIVED,williams
202408,gasly,43,10,81.048000,PUBLIC_DERIVED,alpine
202408,stroll,43,11,82.775000,PUBLIC_DERIVED,aston_martin
202408,alonso,43,12,80.286000,PUBLIC_DERIVED,aston_martin
202408,ricciardo,43,13,81.053000,PUBLIC_DERIVED,rb
202408,sargeant,43,14,80.552000,PUBLIC_DERIVED,williams
202408,zhou,43,15,80.578000,PUBLIC_DERIVED,sauber
202408,bottas,43,16,80.912000,PUBLIC_DERIVED,sauber
202408,leclerc,44,1,78.276000,PUBLIC_DERIVED,ferrari
202408,piastri,44,2,78.277000,PUBLIC_DERIVED,mclaren
202408,sainz,44,3,78.762000,PUBLIC_DERIVED,ferrari
202408,norris,44,4,78.906000,PUBLIC_DERIVED,mclaren
202408,russell,44,5,78.177000,PUBLIC_DERIVED,mercedes
202408,max_verstappen,44,6,78.405000,PUBLIC_DERIVED,red_bull
202408,hamilton,44,7,78.225000,PUBLIC_DERIVED,mercedes
202408,tsunoda,44,8,80.394000,PUBLIC_DERIVED,rb
202408,albon,44,9,79.683000,PUBLIC_DERIVED,williams
202408,gasly,44,10,80.621000,PUBLIC_DERIVED,alpine
202408,stroll,44,11,78.551000,PUBLIC_DERIVED,aston_martin
202408,alonso,44,12,78.852000,PUBLIC_DERIVED,aston_martin
202408,ricciardo,44,13,78.003000,PUBLIC_DERIVED,rb
202408,sargeant,44,14,79.511000,PUBLIC_DERIVED,williams
202408,zhou,44,15,79.610000,PUBLIC_DERIVED,sauber
202408,bottas,44,16,79.772000,PUBLIC_DERIVED,sauber
202408,leclerc,45,1,78.541000,PUBLIC_DERIVED,ferrari
202408,piastri,45,2,78.082000,PUBLIC_DERIVED,mclaren
202408,sainz,45,3,77.885000,PUBLIC_DERIVED,ferrari
202408,norris,45,4,77.897000,PUBLIC_DERIVED,mclaren
202408,russell,45,5,78.449000,PUBLIC_DERIVED,mercedes
202408,max_verstappen,45,6,78.313000,PUBLIC_DERIVED,red_bull
202408,hamilton,45,7,78.156000,PUBLIC_DERIVED,mercedes
202408,tsunoda,45,8,80.144000,PUBLIC_DERIVED,rb
202408,albon,45,9,81.748000,PUBLIC_DERIVED,williams
202408,gasly,45,10,79.382000,PUBLIC_DERIVED,alpine
202408,stroll,45,11,78.806000,PUBLIC_DERIVED,aston_martin
202408,alonso,45,12,79.956000,PUBLIC_DERIVED,aston_martin
202408,ricciardo,45,13,81.761000,PUBLIC_DERIVED,rb
202408,sargeant,45,14,80.720000,PUBLIC_DERIVED,williams
202408,zhou,45,15,80.686000,PUBLIC_DERIVED,sauber
202408,bottas,45,16,80.043000,PUBLIC_DERIVED,sauber
202408,leclerc,46,1,78.567000,PUBLIC_DERIVED,ferrari
202408,piastri,46,2,78.623000,PUBLIC_DERIVED,mclaren
202408,sainz,46,3,78.731000,PUBLIC_DERIVED,ferrari
202408,norris,46,4,78.215000,PUBLIC_DERIVED,mclaren
202408,russell,46,5,78.387000,PUBLIC_DERIVED,mercedes
202408,max_verstappen,46,6,78.203000,PUBLIC_DERIVED,red_bull
202408,hamilton,46,7,78.104000,PUBLIC_DERIVED,mercedes
202408,tsunoda,46,8,80.294000,PUBLIC_DERIVED,rb
202408,albon,46,9,80.594000,PUBLIC_DERIVED,williams
202408,gasly,46,10,79.970000,PUBLIC_DERIVED,alpine
202408,stroll,46,11,78.296000,PUBLIC_DERIVED,aston_martin
202408,alonso,46,12,78.928000,PUBLIC_DERIVED,aston_martin
202408,ricciardo,46,13,77.172000,PUBLIC_DERIVED,rb
202408,sargeant,46,14,80.124000,PUBLIC_DERIVED,williams
202408,zhou,46,15,80.146000,PUBLIC_DERIVED,sauber
202408,bottas,46,16,80.417000,PUBLIC_DERIVED,sauber
202408,leclerc,47,1,79.185000,PUBLIC_DERIVED,ferrari
202408,piastri,47,2,78.399000,PUBLIC_DERIVED,mclaren
202408,sainz,47,3,78.141000,PUBLIC_DERIVED,ferrari
202408,norris,47,4,78.141000,PUBLIC_DERIVED,mclaren
202408,russell,47,5,78.314000,PUBLIC_DERIVED,mercedes
202408,max_verstappen,47,6,78.537000,PUBLIC_DERIVED,red_bull
202408,hamilton,47,7,78.331000,PUBLIC_DERIVED,mercedes
202408,tsunoda,47,8,80.426000,PUBLIC_DERIVED,rb
202408,albon,47,9,80.462000,PUBLIC_DERIVED,williams
202408,gasly,47,10,79.435000,PUBLIC_DERIVED,alpine
202408,stroll,47,11,78.062000,PUBLIC_DERIVED,aston_martin
202408,alonso,47,12,79.109000,PUBLIC_DERIVED,aston_martin
202408,ricciardo,47,13,81.071000,PUBLIC_DERIVED,rb
202408,sargeant,47,14,79.888000,PUBLIC_DERIVED,williams
202408,zhou,47,15,80.075000,PUBLIC_DERIVED,sauber
202408,bottas,47,16,82.969000,PUBLIC_DERIVED,sauber
202408,leclerc,48,1,77.941000,PUBLIC_DERIVED,ferrari
202408,piastri,48,2,78.395000,PUBLIC_DERIVED,mclaren
202408,sainz,48,3,77.894000,PUBLIC_DERIVED,ferrari
202408,norris,48,4,77.975000,PUBLIC_DERIVED,mclaren
202408,russell,48,5,78.702000,PUBLIC_DERIVED,mercedes
202408,max_verstappen,48,6,78.337000,PUBLIC_DERIVED,red_bull
202408,hamilton,48,7,77.831000,PUBLIC_DERIVED,mercedes
202408,tsunoda,48,8,80.543000,PUBLIC_DERIVED,rb
202408,albon,48,9,79.321000,PUBLIC_DERIVED,williams
202408,gasly,48,10,79.865000,PUBLIC_DERIVED,alpine
202408,alonso,48,11,80.315000,PUBLIC_DERIVED,aston_martin
202408,ricciardo,48,12,78.282000,PUBLIC_DERIVED,rb
202408,sargeant,48,13,80.970000,PUBLIC_DERIVED,williams
202408,zhou,48,14,82.481000,PUBLIC_DERIVED,sauber
202408,bottas,48,15,80.562000,PUBLIC_DERIVED,sauber
202408,stroll,48,16,109.132000,PUBLIC_DERIVED,aston_martin
202408,leclerc,49,1,78.506000,PUBLIC_DERIVED,ferrari
202408,piastri,49,2,78.136000,PUBLIC_DERIVED,mclaren
202408,sainz,49,3,78.259000,PUBLIC_DERIVED,ferrari
202408,norris,49,4,78.177000,PUBLIC_DERIVED,mclaren
202408,russell,49,5,78.985000,PUBLIC_DERIVED,mercedes
202408,max_verstappen,49,6,78.477000,PUBLIC_DERIVED,red_bull
202408,hamilton,49,7,77.398000,PUBLIC_DERIVED,mercedes
202408,tsunoda,49,8,80.109000,PUBLIC_DERIVED,rb
202408,albon,49,9,79.378000,PUBLIC_DERIVED,williams
202408,gasly,49,10,80.534000,PUBLIC_DERIVED,alpine
202408,alonso,49,11,79.837000,PUBLIC_DERIVED,aston_martin
202408,ricciardo,49,12,79.837000,PUBLIC_DERIVED,rb
202408,sargeant,49,13,83.966000,PUBLIC_DERIVED,williams
202408,zhou,49,14,82.134000,PUBLIC_DERIVED,sauber
202408,bottas,49,15,80.818000,PUBLIC_DERIVED,sauber
202408,stroll,49,16,79.089000,PUBLIC_DERIVED,aston_martin
202408,leclerc,50,1,78.185000,PUBLIC_DERIVED,ferrari
202408,piastri,50,2,78.350000,PUBLIC_DERIVED,mclaren
202408,sainz,50,3,78.545000,PUBLIC_DERIVED,ferrari
202408,norris,50,4,78.218000,PUBLIC_DERIVED,mclaren
202408,russell,50,5,78.447000,PUBLIC_DERIVED,mercedes
202408,max_verstappen,50,6,78.880000,PUBLIC_DERIVED,red_bull
202408,hamilton,50,7,78.461000,PUBLIC_DERIVED,mercedes
202408,tsunoda,50,8,79.553000,PUBLIC_DERIVED,rb
202408,albon,50,9,79.268000,PUBLIC_DERIVED,williams
202408,gasly,50,10,81.023000,PUBLIC_DERIVED,alpine
202408,alonso,50,11,79.334000,PUBLIC_DERIVED,aston_martin
202408,ricciardo,50,12,79.796000,PUBLIC_DERIVED,rb
202408,sargeant,50,13,80.292000,PUBLIC_DERIVED,williams
202408,bottas,50,14,80.239000,PUBLIC_DERIVED,sauber
202408,zhou,50,15,80.946000,PUBLIC_DERIVED,sauber
202408,stroll,50,16,77.788000,PUBLIC_DERIVED,aston_martin
202408,leclerc,51,1,77.790000,PUBLIC_DERIVED,ferrari
202408,piastri,51,2,77.909000,PUBLIC_DERIVED,mclaren
202408,sainz,51,3,77.528000,PUBLIC_DERIVED,ferrari
202408,norris,51,4,77.772000,PUBLIC_DERIVED,mclaren
202408,russell,51,5,78.049000,PUBLIC_DERIVED,mercedes
202408,max_verstappen,51,6,78.142000,PUBLIC_DERIVED,red_bull
202408,hamilton,51,7,95.209000,PUBLIC_DERIVED,mercedes
202408,tsunoda,51,8,78.640000,PUBLIC_DERIVED,rb
202408,albon,51,9,78.863000,PUBLIC_DERIVED,williams
202408,gasly,51,10,84.473000,PUBLIC_DERIVED,alpine
202408,alonso,51,11,80.636000,PUBLIC_DERIVED,aston_martin
202408,ricciardo,51,12,82.683000,PUBLIC_DERIVED,rb
202408,bottas,51,13,77.205000,PUBLIC_DERIVED,sauber
202408,sargeant,51,14,81.817000,PUBLIC_DERIVED,williams
202408,zhou,51,15,80.962000,PUBLIC_DERIVED,sauber
202408,stroll,51,16,76.982000,PUBLIC_DERIVED,aston_martin
202408,leclerc,52,1,78.311000,PUBLIC_DERIVED,ferrari
202408,piastri,52,2,78.214000,PUBLIC_DERIVED,mclaren
202408,sainz,52,3,78.094000,PUBLIC_DERIVED,ferrari
202408,norris,52,4,78.223000,PUBLIC_DERIVED,mclaren
202408,russell,52,5,78.602000,PUBLIC_DERIVED,mercedes
202408,max_verstappen,52,6,93.905000,PUBLIC_DERIVED,red_bull
202408,hamilton,52,7,79.702000,PUBLIC_DERIVED,mercedes
202408,tsunoda,52,8,80.114000,PUBLIC_DERIVED,rb
202408,albon,52,9,81.554000,PUBLIC_DERIVED,williams
202408,gasly,52,10,79.743000,PUBLIC_DERIVED,alpine
202408,alonso,52,11,83.377000,PUBLIC_DERIVED,aston_martin
202408,ricciardo,52,12,80.696000,PUBLIC_DERIVED,rb
202408,bottas,52,13,77.202000,PUBLIC_DERIVED,sauber
202408,sargeant,52,14,80.780000,PUBLIC_DERIVED,williams
202408,zhou,52,15,80.970000,PUBLIC_DERIVED,sauber
202408,stroll,52,16,77.350000,PUBLIC_DERIVED,aston_martin
202408,leclerc,53,1,77.748000,PUBLIC_DERIVED,ferrari
202408,piastri,53,2,77.609000,PUBLIC_DERIVED,mclaren
202408,sainz,53,3,77.759000,PUBLIC_DERIVED,ferrari
202408,norris,53,4,77.570000,PUBLIC_DERIVED,mclaren
202408,russell,53,5,80.891000,PUBLIC_DERIVED,mercedes
202408,max_verstappen,53,6,78.724000,PUBLIC_DERIVED,red_bull
202408,hamilton,53,7,76.458000,PUBLIC_DERIVED,mercedes
202408,tsunoda,53,8,79.854000,PUBLIC_DERIVED,rb
202408,albon,53,9,80.700000,PUBLIC_DERIVED,williams
202408,gasly,53,10,79.917000,PUBLIC_DERIVED,alpine
202408,alonso,53,11,79.992000,PUBLIC_DERIVED,aston_martin
202408,ricciardo,53,12,80.079000,PUBLIC_DERIVED,rb
202408,bottas,53,13,78.456000,PUBLIC_DERIVED,sauber
202408,sargeant,53,14,81.318000,PUBLIC_DERIVED,williams
202408,zhou,53,15,81.375000,PUBLIC_DERIVED,sauber
202408,stroll,53,16,81.547000,PUBLIC_DERIVED,aston_martin
202408,leclerc,54,1,77.357000,PUBLIC_DERIVED,ferrari
202408,piastri,54,2,77.362000,PUBLIC_DERIVED,mclaren
202408,sainz,54,3,77.742000,PUBLIC_DERIVED,ferrari
202408,norris,54,4,77.838000,PUBLIC_DERIVED,mclaren
202408,russell,54,5,78.201000,PUBLIC_DERIVED,mercedes
202408,max_verstappen,54,6,75.815000,PUBLIC_DERIVED,red_bull
202408,hamilton,54,7,76.388000,PUBLIC_DERIVED,mercedes
202408,tsunoda,54,8,85.770000,PUBLIC_DERIVED,rb
202408,albon,54,9,83.647000,PUBLIC_DERIVED,williams
202408,gasly,54,10,79.091000,PUBLIC_DERIVED,alpine
202408,alonso,54,11,79.191000,PUBLIC_DERIVED,aston_martin
202408,ricciardo,54,12,79.176000,PUBLIC_DERIVED,rb
202408,bottas,54,13,79.403000,PUBLIC_DERIVED,sauber
202408,sargeant,54,14,82.289000,PUBLIC_DERIVED,williams
202408,zhou,54,15,82.153000,PUBLIC_DERIVED,sauber
202408,stroll,54,16,80.571000,PUBLIC_DERIVED,aston_martin
202408,leclerc,55,1,77.444000,PUBLIC_DERIVED,ferrari
202408,piastri,55,2,77.445000,PUBLIC_DERIVED,mclaren
202408,sainz,55,3,78.661000,PUBLIC_DERIVED,ferrari
202408,norris,55,4,78.382000,PUBLIC_DERIVED,mclaren
202408,russell,55,5,77.305000,PUBLIC_DERIVED,mercedes
202408,max_verstappen,55,6,75.398000,PUBLIC_DERIVED,red_bull
202408,hamilton,55,7,76.492000,PUBLIC_DERIVED,mercedes
202408,tsunoda,55,8,79.781000,PUBLIC_DERIVED,rb
202408,albon,55,9,79.085000,PUBLIC_DERIVED,williams
202408,gasly,55,10,79.407000,PUBLIC_DERIVED,alpine
202408,alonso,55,11,79.411000,PUBLIC_DERIVED,aston_martin
202408,ricciardo,55,12,79.457000,PUBLIC_DERIVED,rb
202408,bottas,55,13,80.375000,PUBLIC_DERIVED,sauber
202408,sargeant,55,14,80.342000,PUBLIC_DERIVED,williams
202408,stroll,55,15,79.963000,PUBLIC_DERIVED,aston_martin
202408,zhou,55,16,81.399000,PUBLIC_DERIVED,sauber
202408,leclerc,56,1,77.266000,PUBLIC_DERIVED,ferrari
202408,piastri,56,2,77.456000,PUBLIC_DERIVED,mclaren
202408,sainz,56,3,78.119000,PUBLIC_DERIVED,ferrari
202408,norris,56,4,78.155000,PUBLIC_DERIVED,mclaren
202408,russell,56,5,77.071000,PUBLIC_DERIVED,mercedes
202408,max_verstappen,56,6,75.466000,PUBLIC_DERIVED,red_bull
202408,hamilton,56,7,74.423000,PUBLIC_DERIVED,mercedes
202408,tsunoda,56,8,78.502000,PUBLIC_DERIVED,rb
202408,albon,56,9,78.796000,PUBLIC_DERIVED,williams
202408,gasly,56,10,79.704000,PUBLIC_DERIVED,alpine
202408,alonso,56,11,80.739000,PUBLIC_DERIVED,aston_martin
202408,ricciardo,56,12,82.007000,PUBLIC_DERIVED,rb
202408,bottas,56,13,81.657000,PUBLIC_DERIVED,sauber
202408,stroll,56,14,77.279000,PUBLIC_DERIVED,aston_martin
202408,sargeant,56,15,81.474000,PUBLIC_DERIVED,williams
202408,zhou,56,16,80.315000,PUBLIC_DERIVED,sauber
202408,leclerc,57,1,77.640000,PUBLIC_DERIVED,ferrari
202408,piastri,57,2,77.300000,PUBLIC_DERIVED,mclaren
202408,sainz,57,3,77.599000,PUBLIC_DERIVED,ferrari
202408,norris,57,4,77.815000,PUBLIC_DERIVED,mclaren
202408,russell,57,5,76.910000,PUBLIC_DERIVED,mercedes
202408,max_verstappen,57,6,76.181000,PUBLIC_DERIVED,red_bull
202408,hamilton,57,7,77.857000,PUBLIC_DERIVED,mercedes
202408,tsunoda,57,8,78.499000,PUBLIC_DERIVED,rb
202408,albon,57,9,78.271000,PUBLIC_DERIVED,williams
202408,gasly,57,10,79.448000,PUBLIC_DERIVED,alpine
202408,alonso,57,11,80.600000,PUBLIC_DERIVED,aston_martin
202408,ricciardo,57,12,79.672000,PUBLIC_DERIVED,rb
202408,bottas,57,13,78.994000,PUBLIC_DERIVED,sauber
202408,stroll,57,14,76.914000,PUBLIC_DERIVED,aston_martin
202408,zhou,57,15,81.119000,PUBLIC_DERIVED,sauber
202408,sargeant,57,16,97.746000,PUBLIC_DERIVED,williams
202408,leclerc,58,1,77.028000,PUBLIC_DERIVED,ferrari
202408,piastri,58,2,77.344000,PUBLIC_DERIVED,mclaren
202408,sainz,58,3,77.501000,PUBLIC_DERIVED,ferrari
202408,norris,58,4,77.395000,PUBLIC_DERIVED,mclaren
202408,russell,58,5,77.142000,PUBLIC_DERIVED,mercedes
202408,max_verstappen,58,6,74.569000,PUBLIC_DERIVED,red_bull
202408,hamilton,58,7,76.855000,PUBLIC_DERIVED,mercedes
202408,tsunoda,58,8,78.737000,PUBLIC_DERIVED,rb
202408,albon,58,9,78.690000,PUBLIC_DERIVED,williams
202408,gasly,58,10,79.097000,PUBLIC_DERIVED,alpine
202408,alonso,58,11,79.229000,PUBLIC_DERIVED,aston_martin
202408,ricciardo,58,12,79.119000,PUBLIC_DERIVED,rb
202408,bottas,58,13,79.280000,PUBLIC_DERIVED,sauber
202408,stroll,58,14,77.156000,PUBLIC_DERIVED,aston_martin
202408,zhou,58,15,78.795000,PUBLIC_DERIVED,sauber
202408,sargeant,58,16,79.809000,PUBLIC_DERIVED,williams
202408,leclerc,59,1,77.034000,PUBLIC_DERIVED,ferrari
202408,piastri,59,2,77.042000,PUBLIC_DERIVED,mclaren
202408,sainz,59,3,77.134000,PUBLIC_DERIVED,ferrari
202408,norris,59,4,77.122000,PUBLIC_DERIVED,mclaren
202408,russell,59,5,76.842000,PUBLIC_DERIVED,mercedes
202408,max_verstappen,59,6,74.748000,PUBLIC_DERIVED,red_bull
202408,hamilton,59,7,74.204000,PUBLIC_DERIVED,mercedes
202408,tsunoda,59,8,78.035000,PUBLIC_DERIVED,rb
202408,albon,59,9,78.201000,PUBLIC_DERIVED,williams
202408,gasly,59,10,81.378000,PUBLIC_DERIVED,alpine
202408,alonso,59,11,79.219000,PUBLIC_DERIVED,aston_martin
202408,ricciardo,59,12,78.936000,PUBLIC_DERIVED,rb
202408,bottas,59,13,78.999000,PUBLIC_DERIVED,sauber
202408,stroll,59,14,76.710000,PUBLIC_DERIVED,aston_martin
202408,zhou,59,15,77.936000,PUBLIC_DERIVED,sauber
202408,sargeant,59,16,75.594000,PUBLIC_DERIVED,williams
202408,leclerc,60,1,76.414000,PUBLIC_DERIVED,ferrari
202408,piastri,60,2,76.617000,PUBLIC_DERIVED,mclaren
202408,sainz,60,3,75.159000,PUBLIC_DERIVED,ferrari
202408,norris,60,4,76.695000,PUBLIC_DERIVED,mclaren
202408,russell,60,5,76.604000,PUBLIC_DERIVED,mercedes
202408,max_verstappen,60,6,75.238000,PUBLIC_DERIVED,red_bull
202408,hamilton,60,7,75.848000,PUBLIC_DERIVED,mercedes
202408,tsunoda,60,8,79.659000,PUBLIC_DERIVED,rb
202408,albon,60,9,79.533000,PUBLIC_DERIVED,williams
202408,gasly,60,10,80.237000,PUBLIC_DERIVED,alpine
202408,alonso,60,11,79.166000,PUBLIC_DERIVED,aston_martin
202408,ricciardo,60,12,79.230000,PUBLIC_DERIVED,rb
202408,bottas,60,13,79.069000,PUBLIC_DERIVED,sauber
202408,stroll,60,14,77.326000,PUBLIC_DERIVED,aston_martin
202408,zhou,60,15,78.545000,PUBLIC_DERIVED,sauber
202408,sargeant,60,16,75.580000,PUBLIC_DERIVED,williams
202408,leclerc,61,1,76.863000,PUBLIC_DERIVED,ferrari
202408,piastri,61,2,76.771000,PUBLIC_DERIVED,mclaren
202408,sainz,61,3,79.046000,PUBLIC_DERIVED,ferrari
202408,norris,61,4,77.614000,PUBLIC_DERIVED,mclaren
202408,russell,61,5,76.697000,PUBLIC_DERIVED,mercedes
202408,max_verstappen,61,6,75.121000,PUBLIC_DERIVED,red_bull
202408,hamilton,61,7,75.274000,PUBLIC_DERIVED,mercedes
202408,tsunoda,61,8,80.298000,PUBLIC_DERIVED,rb
202408,albon,61,9,80.222000,PUBLIC_DERIVED,williams
202408,gasly,61,10,80.407000,PUBLIC_DERIVED,alpine
202408,alonso,61,11,78.752000,PUBLIC_DERIVED,aston_martin
202408,ricciardo,61,12,78.771000,PUBLIC_DERIVED,rb
202408,bottas,61,13,78.623000,PUBLIC_DERIVED,sauber
202408,stroll,61,14,78.298000,PUBLIC_DERIVED,aston_martin
202408,zhou,61,15,78.707000,PUBLIC_DERIVED,sauber
202408,sargeant,61,16,75.558000,PUBLIC_DERIVED,williams
202408,leclerc,62,1,77.454000,PUBLIC_DERIVED,ferrari
202408,piastri,62,2,77.095000,PUBLIC_DERIVED,mclaren
202408,sainz,62,3,74.726000,PUBLIC_DERIVED,ferrari
202408,norris,62,4,76.026000,PUBLIC_DERIVED,mclaren
202408,russell,62,5,76.787000,PUBLIC_DERIVED,mercedes
202408,max_verstappen,62,6,76.561000,PUBLIC_DERIVED,red_bull
202408,hamilton,62,7,75.414000,PUBLIC_DERIVED,mercedes
202408,tsunoda,62,8,79.375000,PUBLIC_DERIVED,rb
202408,albon,62,9,79.506000,PUBLIC_DERIVED,williams
202408,gasly,62,10,78.469000,PUBLIC_DERIVED,alpine
202408,alonso,62,11,78.816000,PUBLIC_DERIVED,aston_martin
202408,ricciardo,62,12,78.977000,PUBLIC_DERIVED,rb
202408,bottas,62,13,78.964000,PUBLIC_DERIVED,sauber
202408,stroll,62,14,79.070000,PUBLIC_DERIVED,aston_martin
202408,zhou,62,15,78.817000,PUBLIC_DERIVED,sauber
202408,sargeant,62,16,75.525000,PUBLIC_DERIVED,williams
202408,leclerc,63,1,76.971000,PUBLIC_DERIVED,ferrari
202408,piastri,63,2,76.921000,PUBLIC_DERIVED,mclaren
202408,sainz,63,3,78.207000,PUBLIC_DERIVED,ferrari
202408,norris,63,4,76.876000,PUBLIC_DERIVED,mclaren
202408,russell,63,5,76.581000,PUBLIC_DERIVED,mercedes
202408,max_verstappen,63,6,76.547000,PUBLIC_DERIVED,red_bull
202408,hamilton,63,7,74.165000,PUBLIC_DERIVED,mercedes
202408,tsunoda,63,8,83.218000,PUBLIC_DERIVED,rb
202408,albon,63,9,83.085000,PUBLIC_DERIVED,williams
202408,gasly,63,10,79.155000,PUBLIC_DERIVED,alpine
202408,alonso,63,11,78.556000,PUBLIC_DERIVED,aston_martin
202408,ricciardo,63,12,78.805000,PUBLIC_DERIVED,rb
202408,bottas,63,13,79.024000,PUBLIC_DERIVED,sauber
202408,stroll,63,14,79.100000,PUBLIC_DERIVED,aston_martin
202408,zhou,63,15,78.789000,PUBLIC_DERIVED,sauber
202408,sargeant,63,16,75.688000,PUBLIC_DERIVED,williams
202408,leclerc,64,1,76.560000,PUBLIC_DERIVED,ferrari
202408,piastri,64,2,76.909000,PUBLIC_DERIVED,mclaren
202408,sainz,64,3,74.813000,PUBLIC_DERIVED,ferrari
202408,norris,64,4,75.742000,PUBLIC_DERIVED,mclaren
202408,russell,64,5,76.133000,PUBLIC_DERIVED,mercedes
202408,max_verstappen,64,6,76.619000,PUBLIC_DERIVED,red_bull
202408,hamilton,64,7,76.164000,PUBLIC_DERIVED,mercedes
202408,tsunoda,64,8,77.631000,PUBLIC_DERIVED,rb
202408,albon,64,9,77.911000,PUBLIC_DERIVED,williams
202408,gasly,64,10,78.868000,PUBLIC_DERIVED,alpine
202408,alonso,64,11,78.736000,PUBLIC_DERIVED,aston_martin
202408,ricciardo,64,12,78.637000,PUBLIC_DERIVED,rb
202408,bottas,64,13,78.531000,PUBLIC_DERIVED,sauber
202408,stroll,64,14,78.425000,PUBLIC_DERIVED,aston_martin
202408,zhou,64,15,79.295000,PUBLIC_DERIVED,sauber
202408,sargeant,64,16,76.895000,PUBLIC_DERIVED,williams
202408,leclerc,65,1,76.607000,PUBLIC_DERIVED,ferrari
202408,piastri,65,2,76.391000,PUBLIC_DERIVED,mclaren
202408,sainz,65,3,78.137000,PUBLIC_DERIVED,ferrari
202408,norris,65,4,77.143000,PUBLIC_DERIVED,mclaren
202408,russell,65,5,75.651000,PUBLIC_DERIVED,mercedes
202408,max_verstappen,65,6,75.468000,PUBLIC_DERIVED,red_bull
202408,hamilton,65,7,75.190000,PUBLIC_DERIVED,mercedes
202408,tsunoda,65,8,77.019000,PUBLIC_DERIVED,rb
202408,albon,65,9,77.261000,PUBLIC_DERIVED,williams
202408,gasly,65,10,79.220000,PUBLIC_DERIVED,alpine
202408,alonso,65,11,78.633000,PUBLIC_DERIVED,aston_martin
202408,ricciardo,65,12,78.730000,PUBLIC_DERIVED,rb
202408,bottas,65,13,78.642000,PUBLIC_DERIVED,sauber
202408,stroll,65,14,78.732000,PUBLIC_DERIVED,aston_martin
202408,zhou,65,15,79.719000,PUBLIC_DERIVED,sauber
202408,sargeant,65,16,79.869000,PUBLIC_DERIVED,williams
202408,leclerc,66,1,76.489000,PUBLIC_DERIVED,ferrari
202408,piastri,66,2,76.640000,PUBLIC_DERIVED,mclaren
202408,sainz,66,3,75.409000,PUBLIC_DERIVED,ferrari
202408,norris,66,4,76.214000,PUBLIC_DERIVED,mclaren
202408,russell,66,5,75.848000,PUBLIC_DERIVED,mercedes
202408,max_verstappen,66,6,76.121000,PUBLIC_DERIVED,red_bull
202408,hamilton,66,7,75.342000,PUBLIC_DERIVED,mercedes
202408,tsunoda,66,8,78.197000,PUBLIC_DERIVED,rb
202408,albon,66,9,78.003000,PUBLIC_DERIVED,williams
202408,gasly,66,10,78.726000,PUBLIC_DERIVED,alpine
202408,alonso,66,11,78.637000,PUBLIC_DERIVED,aston_martin
202408,ricciardo,66,12,78.248000,PUBLIC_DERIVED,rb
202408,bottas,66,13,78.383000,PUBLIC_DERIVED,sauber
202408,stroll,66,14,78.748000,PUBLIC_DERIVED,aston_martin
202408,zhou,66,15,79.749000,PUBLIC_DERIVED,sauber
202408,sargeant,66,16,80.799000,PUBLIC_DERIVED,williams
202408,leclerc,67,1,75.941000,PUBLIC_DERIVED,ferrari
202408,piastri,67,2,76.596000,PUBLIC_DERIVED,mclaren
202408,sainz,67,3,76.847000,PUBLIC_DERIVED,ferrari
202408,norris,67,4,76.115000,PUBLIC_DERIVED,mclaren
202408,russell,67,5,76.157000,PUBLIC_DERIVED,mercedes
202408,max_verstappen,67,6,76.276000,PUBLIC_DERIVED,red_bull
202408,hamilton,67,7,76.117000,PUBLIC_DERIVED,mercedes
202408,tsunoda,67,8,78.148000,PUBLIC_DERIVED,rb
202408,albon,67,9,77.874000,PUBLIC_DERIVED,williams
202408,gasly,67,10,78.624000,PUBLIC_DERIVED,alpine
202408,alonso,67,11,78.126000,PUBLIC_DERIVED,aston_martin
202408,ricciardo,67,12,78.219000,PUBLIC_DERIVED,rb
202408,bottas,67,13,78.467000,PUBLIC_DERIVED,sauber
202408,stroll,67,14,78.636000,PUBLIC_DERIVED,aston_martin
202408,zhou,67,15,80.357000,PUBLIC_DERIVED,sauber
202408,sargeant,67,16,80.347000,PUBLIC_DERIVED,williams
202408,leclerc,68,1,76.082000,PUBLIC_DERIVED,ferrari
202408,piastri,68,2,76.601000,PUBLIC_DERIVED,mclaren
202408,sainz,68,3,75.595000,PUBLIC_DERIVED,ferrari
202408,norris,68,4,76.172000,PUBLIC_DERIVED,mclaren
202408,russell,68,5,75.931000,PUBLIC_DERIVED,mercedes
202408,max_verstappen,68,6,75.954000,PUBLIC_DERIVED,red_bull
202408,hamilton,68,7,75.836000,PUBLIC_DERIVED,mercedes
202408,tsunoda,68,8,78.209000,PUBLIC_DERIVED,rb
202408,albon,68,9,78.385000,PUBLIC_DERIVED,williams
202408,gasly,68,10,78.545000,PUBLIC_DERIVED,alpine
202408,alonso,68,11,77.939000,PUBLIC_DERIVED,aston_martin
202408,ricciardo,68,12,78.116000,PUBLIC_DERIVED,rb
202408,bottas,68,13,78.052000,PUBLIC_DERIVED,sauber
202408,stroll,68,14,78.057000,PUBLIC_DERIVED,aston_martin
202408,sargeant,68,15,80.004000,PUBLIC_DERIVED,williams
202408,zhou,68,16,85.217000,PUBLIC_DERIVED,sauber
202408,leclerc,69,1,76.373000,PUBLIC_DERIVED,ferrari
202408,piastri,69,2,77.371000,PUBLIC_DERIVED,mclaren
202408,sainz,69,3,76.218000,PUBLIC_DERIVED,ferrari
202408,norris,69,4,76.314000,PUBLIC_DERIVED,mclaren
202408,russell,69,5,75.869000,PUBLIC_DERIVED,mercedes
202408,max_verstappen,69,6,75.463000,PUBLIC_DERIVED,red_bull
202408,hamilton,69,7,75.648000,PUBLIC_DERIVED,mercedes
202408,tsunoda,69,8,80.032000,PUBLIC_DERIVED,rb
202408,albon,69,9,79.921000,PUBLIC_DERIVED,williams
202408,gasly,69,10,78.363000,PUBLIC_DERIVED,alpine
202408,alonso,69,11,78.713000,PUBLIC_DERIVED,aston_martin
202408,ricciardo,69,12,78.386000,PUBLIC_DERIVED,rb
202408,bottas,69,13,78.088000,PUBLIC_DERIVED,sauber
202408,stroll,69,14,78.275000,PUBLIC_DERIVED,aston_martin
202408,sargeant,69,15,76.077000,PUBLIC_DERIVED,williams
202408,zhou,69,16,80.484000,PUBLIC_DERIVED,sauber
202408,leclerc,70,1,75.767000,PUBLIC_DERIVED,ferrari
202408,piastri,70,2,77.270000,PUBLIC_DERIVED,mclaren
202408,sainz,70,3,77.117000,PUBLIC_DERIVED,ferrari
202408,norris,70,4,77.213000,PUBLIC_DERIVED,mclaren
202408,russell,70,5,75.251000,PUBLIC_DERIVED,mercedes
202408,max_verstappen,70,6,75.449000,PUBLIC_DERIVED,red_bull
202408,hamilton,70,7,75.638000,PUBLIC_DERIVED,mercedes
202408,tsunoda,70,8,79.347000,PUBLIC_DERIVED,rb
202408,albon,70,9,79.370000,PUBLIC_DERIVED,williams
202408,gasly,70,10,77.799000,PUBLIC_DERIVED,alpine
202408,alonso,70,11,78.473000,PUBLIC_DERIVED,aston_martin
202408,ricciardo,70,12,78.706000,PUBLIC_DERIVED,rb
202408,bottas,70,13,78.778000,PUBLIC_DERIVED,sauber
202408,stroll,70,14,78.557000,PUBLIC_DERIVED,aston_martin
202408,sargeant,70,15,76.866000,PUBLIC_DERIVED,williams
202408,zhou,70,16,100.898000,PUBLIC_DERIVED,sauber
202408,leclerc,71,1,75.162000,PUBLIC_DERIVED,ferrari
202408,piastri,71,2,77.184000,PUBLIC_DERIVED,mclaren
202408,sainz,71,3,77.214000,PUBLIC_DERIVED,ferrari
202408,norris,71,4,76.609000,PUBLIC_DERIVED,mclaren
202408,russell,71,5,75.827000,PUBLIC_DERIVED,mercedes
202408,max_verstappen,71,6,75.659000,PUBLIC_DERIVED,red_bull
202408,hamilton,71,7,75.643000,PUBLIC_DERIVED,mercedes
202408,tsunoda,71,8,78.258000,PUBLIC_DERIVED,rb
202408,albon,71,9,78.957000,PUBLIC_DERIVED,williams
202408,gasly,71,10,78.140000,PUBLIC_DERIVED,alpine
202408,alonso,71,11,78.133000,PUBLIC_DERIVED,aston_martin
202408,ricciardo,71,12,78.108000,PUBLIC_DERIVED,rb
202408,bottas,71,13,78.104000,PUBLIC_DERIVED,sauber
202408,stroll,71,14,78.464000,PUBLIC_DERIVED,aston_martin
202408,sargeant,71,15,76.326000,PUBLIC_DERIVED,williams
202408,zhou,71,16,85.295000,PUBLIC_DERIVED,sauber
202408,leclerc,72,1,75.547000,PUBLIC_DERIVED,ferrari
202408,piastri,72,2,76.652000,PUBLIC_DERIVED,mclaren
202408,sainz,72,3,76.785000,PUBLIC_DERIVED,ferrari
202408,norris,72,4,76.801000,PUBLIC_DERIVED,mclaren
202408,russell,72,5,75.839000,PUBLIC_DERIVED,mercedes
202408,max_verstappen,72,6,75.733000,PUBLIC_DERIVED,red_bull
202408,hamilton,72,7,75.468000,PUBLIC_DERIVED,mercedes
202408,tsunoda,72,8,77.079000,PUBLIC_DERIVED,rb
202408,albon,72,9,78.165000,PUBLIC_DERIVED,williams
202408,gasly,72,10,78.382000,PUBLIC_DERIVED,alpine
202408,alonso,72,11,78.081000,PUBLIC_DERIVED,aston_martin
202408,ricciardo,72,12,78.068000,PUBLIC_DERIVED,rb
202408,bottas,72,13,78.347000,PUBLIC_DERIVED,sauber
202408,stroll,72,14,78.332000,PUBLIC_DERIVED,aston_martin
202408,sargeant,72,15,76.402000,PUBLIC_DERIVED,williams
202408,zhou,72,16,80.585000,PUBLIC_DERIVED,sauber
202408,leclerc,73,1,76.219000,PUBLIC_DERIVED,ferrari
202408,piastri,73,2,76.281000,PUBLIC_DERIVED,mclaren
202408,sainz,73,3,76.417000,PUBLIC_DERIVED,ferrari
202408,norris,73,4,76.285000,PUBLIC_DERIVED,mclaren
202408,russell,73,5,75.228000,PUBLIC_DERIVED,mercedes
202408,max_verstappen,73,6,75.436000,PUBLIC_DERIVED,red_bull
202408,hamilton,73,7,75.134000,PUBLIC_DERIVED,mercedes
202408,tsunoda,73,8,75.955000,PUBLIC_DERIVED,rb
202408,albon,73,9,78.432000,PUBLIC_DERIVED,williams
202408,gasly,73,10,77.992000,PUBLIC_DERIVED,alpine
202408,alonso,73,11,78.504000,PUBLIC_DERIVED,aston_martin
202408,ricciardo,73,12,78.512000,PUBLIC_DERIVED,rb
202408,bottas,73,13,80.068000,PUBLIC_DERIVED,sauber
202408,stroll,73,14,80.709000,PUBLIC_DERIVED,aston_martin
202408,sargeant,73,15,76.370000,PUBLIC_DERIVED,williams
202408,zhou,73,16,75.233000,PUBLIC_DERIVED,sauber
202408,leclerc,74,1,76.105000,PUBLIC_DERIVED,ferrari
202408,piastri,74,2,76.356000,PUBLIC_DERIVED,mclaren
202408,sainz,74,3,76.063000,PUBLIC_DERIVED,ferrari
202408,norris,74,4,76.429000,PUBLIC_DERIVED,mclaren
202408,russell,74,5,75.376000,PUBLIC_DERIVED,mercedes
202408,max_verstappen,74,6,75.380000,PUBLIC_DERIVED,red_bull
202408,hamilton,74,7,75.324000,PUBLIC_DERIVED,mercedes
202408,tsunoda,74,8,75.462000,PUBLIC_DERIVED,rb
202408,albon,74,9,78.014000,PUBLIC_DERIVED,williams
202408,gasly,74,10,76.689000,PUBLIC_DERIVED,alpine
202408,alonso,74,11,80.336000,PUBLIC_DERIVED,aston_martin
202408,ricciardo,74,12,80.358000,PUBLIC_DERIVED,rb
202408,bottas,74,13,78.318000,PUBLIC_DERIVED,sauber
202408,stroll,74,14,78.230000,PUBLIC_DERIVED,aston_martin
202408,sargeant,74,15,76.863000,PUBLIC_DERIVED,williams
202408,zhou,74,16,80.473000,PUBLIC_DERIVED,sauber
202408,leclerc,75,1,76.387000,PUBLIC_DERIVED,ferrari
202408,piastri,75,2,76.644000,PUBLIC_DERIVED,mclaren
202408,sainz,75,3,76.905000,PUBLIC_DERIVED,ferrari
202408,norris,75,4,76.517000,PUBLIC_DERIVED,mclaren
202408,russell,75,5,75.525000,PUBLIC_DERIVED,mercedes
202408,max_verstappen,75,6,75.396000,PUBLIC_DERIVED,red_bull
202408,hamilton,75,7,75.324000,PUBLIC_DERIVED,mercedes
202408,tsunoda,75,8,74.992000,PUBLIC_DERIVED,rb
202408,albon,75,9,77.850000,PUBLIC_DERIVED,williams
202408,gasly,75,10,78.120000,PUBLIC_DERIVED,alpine
202408,alonso,75,11,78.663000,PUBLIC_DERIVED,aston_martin
202408,ricciardo,75,12,78.645000,PUBLIC_DERIVED,rb
202408,bottas,75,13,78.779000,PUBLIC_DERIVED,sauber
202408,stroll,75,14,78.511000,PUBLIC_DERIVED,aston_martin
202408,sargeant,75,15,76.324000,PUBLIC_DERIVED,williams
202408,zhou,75,16,74.718000,PUBLIC_DERIVED,sauber
202408,leclerc,76,1,76.808000,PUBLIC_DERIVED,ferrari
202408,piastri,76,2,76.590000,PUBLIC_DERIVED,mclaren
202408,sainz,76,3,76.328000,PUBLIC_DERIVED,ferrari
202408,norris,76,4,76.671000,PUBLIC_DERIVED,mclaren
202408,russell,76,5,75.753000,PUBLIC_DERIVED,mercedes
202408,max_verstappen,76,6,75.641000,PUBLIC_DERIVED,red_bull
202408,hamilton,76,7,75.245000,PUBLIC_DERIVED,mercedes
202408,tsunoda,76,8,75.205000,PUBLIC_DERIVED,rb
202408,albon,76,9,77.279000,PUBLIC_DERIVED,williams
202408,gasly,76,10,77.516000,PUBLIC_DERIVED,alpine
202408,alonso,76,11,79.053000,PUBLIC_DERIVED,aston_martin
202408,ricciardo,76,12,78.930000,PUBLIC_DERIVED,rb
202408,bottas,76,13,78.774000,PUBLIC_DERIVED,sauber
202408,stroll,76,14,78.623000,PUBLIC_DERIVED,aston_martin
202408,sargeant,76,15,77.197000,PUBLIC_DERIVED,williams
202408,zhou,76,16,77.173000,PUBLIC_DERIVED,sauber
202408,leclerc,77,1,76.933000,PUBLIC_DERIVED,ferrari
202408,piastri,77,2,76.734000,PUBLIC_DERIVED,mclaren
202408,sainz,77,3,76.701000,PUBLIC_DERIVED,ferrari
202408,norris,77,4,76.512000,PUBLIC_DERIVED,mclaren
202408,russell,77,5,75.532000,PUBLIC_DERIVED,mercedes
202408,max_verstappen,77,6,75.543000,PUBLIC_DERIVED,red_bull
202408,hamilton,77,7,75.697000,PUBLIC_DERIVED,mercedes
202408,tsunoda,77,8,74.720000,PUBLIC_DERIVED,rb
202408,albon,77,9,77.060000,PUBLIC_DERIVED,williams
202408,gasly,77,10,75.625000,PUBLIC_DERIVED,alpine
202408,leclerc,78,1,78.636000,PUBLIC_DERIVED,ferrari
202408,piastri,78,2,77.126000,PUBLIC_DERIVED,mclaren
202408,sainz,78,3,77.072000,PUBLIC_DERIVED,ferrari
202408,norris,78,4,77.296000,PUBLIC_DERIVED,mclaren
202408,russell,78,5,76.303000,PUBLIC_DERIVED,mercedes
202408,max_verstappen,78,6,76.248000,PUBLIC_DERIVED,red_bull
202408,hamilton,78,7,76.355000,PUBLIC_DERIVED,mercedes
